HSPF_BLOCK,HSPF_TABLE,PARAMETER_NAME,TYPE,START,STOP,DEFAULT_TEXT,DEFAULT_METR,MIN_METR,MAX_METR,DEFAULT_ENGL,MIN_ENGL,MAX_ENGL,VALID,PARAMETER_HELP
BMPRAC,ACID-FLAG,OPNID,int,0,5,,,1,,,1,,,*** BMPRAC to which these data apply.
BMPRAC,ACID-FLAG,OPNIDLAST,int,5,10,,,1,,,1,,,*** BMPRAC to which these data apply.
BMPRAC,ACID-FLAG,NACID,int,10,15,,0,0,7,0,0,7,,*** Number of chemicals used in acid mine drainage section ACIDPH.
BMPRAC,ACID-FLAG,ACIFFG1,int,15,20,,0,0,999,0,0,999,,"*** Value of 0 indicates that the BMP removal factor for acid mine chemical
*** #1 is constant, given in ACID-FRAC. A value greater than 0 indicates the
*** index number of the MONTH-DATA block to be used to specify the monthly
*** removal factors."
BMPRAC,ACID-FLAG,ACIFFG2,int,20,25,,0,0,999,0,0,999,,"*** Value of 0 indicates that the BMP removal factor for acid mine chemical
*** #2 is constant, given in ACID-FRAC. A value greater than 0 indicates the
*** index number of the MONTH-DATA block to be used to specify the monthly
*** removal factors."
BMPRAC,ACID-FLAG,ACIFFG3,int,25,30,,0,0,999,0,0,999,,"*** Value of 0 indicates that the BMP removal factor for acid mine chemical
*** #3 is constant, given in ACID-FRAC. A value greater than 0 indicates the
*** index number of the MONTH-DATA block to be used to specify the monthly
*** removal factors."
BMPRAC,ACID-FLAG,ACIFFG4,int,30,35,,0,0,999,0,0,999,,"*** Value of 0 indicates that the BMP removal factor for acid mine chemical
*** #4 is constant, given in ACID-FRAC. A value greater than 0 indicates the
*** index number of the MONTH-DATA block to be used to specify the monthly
*** removal factors."
BMPRAC,ACID-FLAG,ACIFFG5,int,35,40,,0,0,999,0,0,999,,"*** Value of 0 indicates that the BMP removal factor for acid mine chemical
*** #5 is constant, given in ACID-FRAC. A value greater than 0 indicates the
*** index number of the MONTH-DATA block to be used to specify the monthly
*** removal factors."
BMPRAC,ACID-FLAG,ACIFFG6,int,40,45,,0,0,999,0,0,999,,"*** Value of 0 indicates that the BMP removal factor for acid mine chemical
*** #6 is constant, given in ACID-FRAC. A value greater than 0 indicates the
*** index number of the MONTH-DATA block to be used to specify the monthly
*** removal factors."
BMPRAC,ACID-FLAG,ACIFFG7,int,45,50,,0,0,999,0,0,999,,"*** Value of 0 indicates that the BMP removal factor for acid mine chemical
*** #7 is constant, given in ACID-FRAC. A value greater than 0 indicates the
*** index number of the MONTH-DATA block to be used to specify the monthly
*** removal factors."
BMPRAC,ACID-FRAC,OPNID,int,0,5,,,1,,,1,,,*** BMPRAC to which these data apply.
BMPRAC,ACID-FRAC,OPNIDLAST,int,5,10,,,1,,,1,,,*** BMPRAC to which these data apply.
BMPRAC,ACID-FRAC,ACIFRC1,float,10,20,,0,0,1,0,0,1,,*** ACIFRC(1) is the BMP removal fraction for acid mine chemical #1.
BMPRAC,ACID-FRAC,ACIFRC2,float,20,30,,0,0,1,0,0,1,,*** ACIFRC(2) is the BMP removal fraction for acid mine chemical #2.
BMPRAC,ACID-FRAC,ACIFRC3,float,30,40,,0,0,1,0,0,1,,*** ACIFRC(3) is the BMP removal fraction for acid mine chemical #3.
BMPRAC,ACID-FRAC,ACIFRC4,float,40,50,,0,0,1,0,0,1,,*** ACIFRC(4) is the BMP removal fraction for acid mine chemical #4.
BMPRAC,ACID-FRAC,ACIFRC5,float,50,60,,0,0,1,0,0,1,,*** ACIFRC(5) is the BMP removal fraction for acid mine chemical #5.
BMPRAC,ACID-FRAC,ACIFRC6,float,60,70,,0,0,1,0,0,1,,*** ACIFRC(6) is the BMP removal fraction for acid mine chemical #6.
BMPRAC,ACID-FRAC,ACIFRC7,float,70,80,,0,0,1,0,0,1,,*** ACIFRC(7) is the BMP removal fraction for acid mine chemical #7.
BMPRAC,ADSNUT-FRAC,OPNID,int,0,5,,,1,,,1,,,*** BMPRAC to which these data apply.
BMPRAC,ADSNUT-FRAC,OPNIDLAST,int,5,10,,,1,,,1,,,*** BMPRAC to which these data apply.
BMPRAC,ADSNUT-FRAC,SNUFRC1,float,10,20,,0,0,1,0,0,1,,*** SNUFRC(1) is the BMP removal fraction for ammonia adsorbed to sand.
BMPRAC,ADSNUT-FRAC,SNUFRC2,float,20,30,,0,0,1,0,0,1,,*** SNUFRC(2) is the BMP removal fraction for ammonia adsorbed to silt.
BMPRAC,ADSNUT-FRAC,SNUFRC3,float,30,40,,0,0,1,0,0,1,,*** SNUFRC(3) is the BMP removal fraction for ammonia adsorbed to clay.
BMPRAC,ADSNUT-FRAC,SNUFRC4,float,40,50,,0,0,1,0,0,1,,"*** SNUFRC(4) is the BMP removal fraction for phosphate adsorbed to
*** sand."
BMPRAC,ADSNUT-FRAC,SNUFRC5,float,50,60,,0,0,1,0,0,1,,"*** SNUFRC(5) is the BMP removal fraction for phosphate adsorbed to
*** silt."
BMPRAC,ADSNUT-FRAC,SNUFRC6,float,60,70,,0,0,1,0,0,1,,"*** SNUFRC(6) is the BMP removal fraction for phosphate adsorbed to
*** clay."
BMPRAC,BINARY-INFO,OPNID,int,0,5,,,1,,,1,,,*** BMPRAC to which these data apply.
BMPRAC,BINARY-INFO,OPNIDLAST,int,5,10,,,1,,,1,,,*** BMPRAC to which these data apply.
BMPRAC,BINARY-INFO,FLOWPR,int,10,15,,4,2,6,4,2,6,,*** Output level for flow.
BMPRAC,BINARY-INFO,CONSPR,int,15,20,,4,2,6,4,2,6,,*** Output level for conservatives.
BMPRAC,BINARY-INFO,HEATPR,int,20,25,,4,2,6,4,2,6,,*** Output level for heat.
BMPRAC,BINARY-INFO,SEDPR,int,25,30,,4,2,6,4,2,6,,*** Output level for sediment.
BMPRAC,BINARY-INFO,GQPR,int,30,35,,4,2,6,4,2,6,,*** Output level for general quals.
BMPRAC,BINARY-INFO,OXRXPR,int,35,40,,4,2,6,4,2,6,,*** Output level for oxygen components.
BMPRAC,BINARY-INFO,NUTPR,int,40,45,,4,2,6,4,2,6,,*** Output level for nutrients.
BMPRAC,BINARY-INFO,PLNKPR,int,45,50,,4,2,6,4,2,6,,*** Output level for plankton components.
BMPRAC,BINARY-INFO,PHPR,int,50,55,,4,2,6,4,2,6,,*** Output level for pH and inorganic carbon.
BMPRAC,BINARY-INFO,PIVL,int,55,60,,1,1,1440,1,1,1440,,"*** A value need only be supplied for PIVL if one or more sections have an
*** output level of 2. For those sections, output will occur every PIVL
*** intervals (that is, every PDELT=PIVL*DELT mins). PIVL must be chosen
*** such that there are an integer no. of PDELT periods in a day."
BMPRAC,BINARY-INFO,PYREND,int,60,65,,9,1,12,9,1,12,,"*** PYREND is the calendar month which will terminate the year for output
*** purposes. Thus, the annual summary can reflect the situation over the
*** past water year or the past calendar year, etc."
BMPRAC,CONS-FLAG,OPNID,int,0,5,,,1,,,1,,,*** BMPRAC to which these data apply.
BMPRAC,CONS-FLAG,OPNIDLAST,int,5,10,,,1,,,1,,,*** BMPRAC to which these data apply.
BMPRAC,CONS-FLAG,CONFFG1,int,10,15,,0,0,999,0,0,999,,"*** Value of 0 indicates that the BMP removal factor for conservative
*** constituent #1 is constant, given in CONS-FRAC. A value greater than 0
*** indicates the index number of the MONTH-DATA block to be used to specify
*** the monthly removal factors."
BMPRAC,CONS-FLAG,CONFFG2,int,15,20,,0,0,999,0,0,999,,"*** Value of 0 indicates that the BMP removal factor for conservative
*** constituent #2 is constant, given in CONS-FRAC. A value greater than 0
*** indicates the index number of the MONTH-DATA block to be used to specify
*** the monthly removal factors."
BMPRAC,CONS-FLAG,CONFFG3,int,20,25,,0,0,999,0,0,999,,"*** Value of 0 indicates that the BMP removal factor for conservative
*** constituent #3 is constant, given in CONS-FRAC. A value greater than 0
*** indicates the index number of the MONTH-DATA block to be used to specify
*** the monthly removal factors."
BMPRAC,CONS-FLAG,CONFFG4,int,25,30,,0,0,999,0,0,999,,"*** Value of 0 indicates that the BMP removal factor for conservative
*** constituent #4 is constant, given in CONS-FRAC. A value greater than 0
*** indicates the index number of the MONTH-DATA block to be used to specify
*** the monthly removal factors."
BMPRAC,CONS-FLAG,CONFFG5,int,30,35,,0,0,999,0,0,999,,"*** Value of 0 indicates that the BMP removal factor for conservative
*** constituent #5 is constant, given in CONS-FRAC. A value greater than 0
*** indicates the index number of the MONTH-DATA block to be used to specify
*** the monthly removal factors."
BMPRAC,CONS-FLAG,CONFFG6,int,35,40,,0,0,999,0,0,999,,"*** Value of 0 indicates that the BMP removal factor for conservative
*** constituent #6 is constant, given in CONS-FRAC. A value greater than 0
*** indicates the index number of the MONTH-DATA block to be used to specify
*** the monthly removal factors."
BMPRAC,CONS-FLAG,CONFFG7,int,40,45,,0,0,999,0,0,999,,"*** Value of 0 indicates that the BMP removal factor for conservative
*** constituent #7 is constant, given in CONS-FRAC. A value greater than 0
*** indicates the index number of the MONTH-DATA block to be used to specify
*** the monthly removal factors."
BMPRAC,CONS-FLAG,CONFFG8,int,45,50,,0,0,999,0,0,999,,"*** Value of 0 indicates that the BMP removal factor for conservative
*** constituent #8 is constant, given in CONS-FRAC. A value greater than 0
*** indicates the index number of the MONTH-DATA block to be used to specify
*** the monthly removal factors."
BMPRAC,CONS-FLAG,CONFFG9,int,50,55,,0,0,999,0,0,999,,"*** Value of 0 indicates that the BMP removal factor for conservative
*** constituent #9 is constant, given in CONS-FRAC. A value greater than 0
*** indicates the index number of the MONTH-DATA block to be used to specify
*** the monthly removal factors."
BMPRAC,CONS-FLAG,CONFFG10,int,55,60,,0,0,999,0,0,999,,"*** Value of 0 indicates that the BMP removal factor for conservative
*** constituent #10 is constant, given in CONS-FRAC. A value greater than 0
*** indicates the index number of the MONTH-DATA block to be used to specify
*** the monthly removal factors."
BMPRAC,CONS-FRAC,OPNID,int,0,5,,,1,,,1,,,*** BMPRAC to which these data apply.
BMPRAC,CONS-FRAC,OPNIDLAST,int,5,10,,,1,,,1,,,*** BMPRAC to which these data apply.
BMPRAC,CONS-FRAC,CONID,string,10,30,,,,,,,,,"*** Any string of up to 20 characters may be supplied as the name of the
*** conservative constituent."
BMPRAC,CONS-FRAC,CQTYID,string,32,40,,,,,,,,,"*** CQTYID is a string of up to 8 characters which specifies the units in
*** which the inflows and outflows of constituent will be expressed, eg
*** ""kg""."
BMPRAC,CONS-FRAC,CONFRC,float,40,50,,0,0,1,0,0,1,,*** CONFRC(*) is the BMP removal fraction for this conservative constituent.
BMPRAC,DNUT-FRAC,OPNID,int,0,5,,,1,,,1,,,*** BMPRAC to which these data apply.
BMPRAC,DNUT-FRAC,OPNIDLAST,int,5,10,,,1,,,1,,,*** BMPRAC to which these data apply.
BMPRAC,DNUT-FRAC,DNUFRC1,float,10,20,,0,0,1,0,0,1,,*** DNUFRC(1) is the BMP removal fraction for dissolved nitrate.
BMPRAC,DNUT-FRAC,DNUFRC2,float,20,30,,0,0,1,0,0,1,,*** DNUFRC(2) is the BMP removal fraction for dissolved total ammonia.
BMPRAC,DNUT-FRAC,DNUFRC3,float,30,40,,0,0,1,0,0,1,,*** DNUFRC(3) is the BMP removal fraction for dissolved nitrite.
BMPRAC,DNUT-FRAC,DNUFRC4,float,40,50,,0,0,1,0,0,1,,*** DNUFRC(4) is the BMP removal fraction for dissolved orthophosphate.
BMPRAC,FLOW-FLAG,OPNID,int,0,5,,,1,,,1,,,*** BMPRAC to which these data apply.
BMPRAC,FLOW-FLAG,OPNIDLAST,int,5,10,,,1,,,1,,,*** BMPRAC to which these data apply.
BMPRAC,FLOW-FLAG,VOLFFG,int,10,15,,0,0,999,0,0,999,,"*** Value of 0 indicates that the BMP removal factor for flow is constant,
*** given in FLOW-FRAC. A value greater than 0 indicates the index number of
*** the MONTH-DATA block to be used to specify the monthly removal
*** factors."
BMPRAC,FLOW-FRAC,OPNID,int,0,5,,,1,,,1,,,*** BMPRAC to which these data apply.
BMPRAC,FLOW-FRAC,OPNIDLAST,int,5,10,,,1,,,1,,,*** BMPRAC to which these data apply.
BMPRAC,FLOW-FRAC,VOLFRC,float,10,20,,0,0,1,0,0,1,,*** VOLFRC is the BMP removal fraction for flow.
BMPRAC,GEN-INFO,OPNID,int,0,5,,,1,,,1,,,*** BMPRAC to which these data apply.
BMPRAC,GEN-INFO,OPNIDLAST,int,5,10,,,1,,,1,,,*** BMPRAC to which these data apply.
BMPRAC,GEN-INFO,BMPID,string,10,30,,,,,,,,,"*** Any string of up to 20 characters may be supplied as the identifier for
*** a BMPRAC."
BMPRAC,GEN-INFO,BMPTYP,int,30,35,,1,1,1,1,1,1,,"*** BMPTYP is the type of BMP implementation. 1 means simple removal
*** fractions. No other type is currently supported."
BMPRAC,GEN-INFO,NCONS,int,35,40,,0,0,10,0,0,10,,*** NCONS is the number of conservative constituents simulated.
BMPRAC,GEN-INFO,NGQUAL,int,40,45,,0,0,3,0,0,3,,"*** NGQUAL is the number of generalized constituents (quals) being
*** simulated."
BMPRAC,GEN-INFO,IUNITS,int,50,55,,1,1,2,1,1,2,,"*** IUNITS indicates the system of units for data in the input time series;
*** 1 means English units, 2 means Metric units."
BMPRAC,GEN-INFO,OUNITS,int,55,60,,1,1,2,1,1,2,,"*** OUNITS indicates the system of units for data in the output time series;
*** 1 means English units, 2 means Metric units."
BMPRAC,GEN-INFO,PUNITE,int,60,65,,0,0,99,0,0,99,,"*** PUNIT(1) indicates the destinations of printout in English units. A
*** value 0 means no printout is required in English units. A non-zero value
*** means printout is required in English units and the value is the Fortran
*** unit no. of the file to which the printout is to be written. Note that
*** printout for each BMP can be obtained in either the English or Metric
*** systems, or both (irrespective of the system used to supply the
*** inputs)."
BMPRAC,GEN-INFO,PUNITM,int,65,70,,0,0,99,0,0,99,,"*** PUNIT(2) indicates the destinations of printout in Metric units. A value
*** 0 means no printout is required in Metric units. A non-zero value means
*** printout is required in Metric units and the value is the Fortran unit
*** no. of the file to which the printout is to be written. Note that
*** printout for each BMP can be obtained in either the English or Metric
*** systems, or both (irrespective of the system used to supply the
*** inputs)."
BMPRAC,GEN-INFO,BUNITE,int,70,75,,0,0,99,0,0,99,,"*** BUNIT(1) indicates the destinations of output in English units. A value
*** 0 means no output is required in English units. A non-zero value means
*** output is required in English units and the value is the Fortran unit
*** no. of the file to which the output is to be written. Note that output
*** for each BMP can be obtained in either the English or Metric systems, or
*** both (irrespective of the system used to supply the inputs)."
BMPRAC,GEN-INFO,BUNITM,int,75,80,,0,0,99,0,0,99,,"*** BUNIT(2) indicates the destinations of output in Metric units. A value 0
*** means no output is required in Metric units. A non-zero value means
*** output is required in Metric units and the value is the Fortran unit no.
*** of the file to which the output is to be written. Note that output for
*** each BMP can be obtained in either the English or Metric systems, or
*** both (irrespective of the system used to supply the inputs)."
BMPRAC,GQ-FLAG,OPNID,int,0,5,,,1,,,1,,,*** BMPRAC to which these data apply.
BMPRAC,GQ-FLAG,OPNIDLAST,int,5,10,,,1,,,1,,,*** BMPRAC to which these data apply.
BMPRAC,GQ-FLAG,GQFFG1,int,10,15,,0,0,999,0,0,999,,"*** Value of 0 indicates that the BMP removal factor for qual #1 in solution
*** is constant, given in GQ-FRAC. A value greater than 0 indicates the
*** index number of the MONTH-DATA block to be used to specify the monthly
*** removal factors."
BMPRAC,GQ-FLAG,GQFFG2,int,15,20,,0,0,999,0,0,999,,"*** Value of 0 indicates that the BMP removal factor for qual #1 adsorbed to
*** sand is constant, given in GQ-FRAC. A value greater than 0 indicates the
*** index number of the MONTH-DATA block to be used to specify the monthly
*** removal factors."
BMPRAC,GQ-FLAG,GQFFG3,int,20,25,,0,0,999,0,0,999,,"*** Value of 0 indicates that the BMP removal factor for qual #1 adsorbed to
*** silt is constant, given in GQ-FRAC. A value greater than 0 indicates the
*** index number of the MONTH-DATA block to be used to specify the monthly
*** removal factors."
BMPRAC,GQ-FLAG,GQFFG4,int,25,30,,0,0,999,0,0,999,,"*** Value of 0 indicates that the BMP removal factor for qual #1 adsorbed to
*** clay is constant, given in GQ-FRAC. A value greater than 0 indicates the
*** index number of the MONTH-DATA block to be used to specify the monthly
*** removal factors."
BMPRAC,GQ-FLAG,GQFFG5,int,30,35,,0,0,999,0,0,999,,"*** Value of 0 indicates that the BMP removal factor for qual #2 in solution
*** is constant, given in GQ-FRAC. A value greater than 0 indicates the
*** index number of the MONTH-DATA block to be used to specify the monthly
*** removal factors."
BMPRAC,GQ-FLAG,GQFFG6,int,35,40,,0,0,999,0,0,999,,"*** Value of 0 indicates that the BMP removal factor for qual #2 adsorbed to
*** sand is constant, given in GQ-FRAC. A value greater than 0 indicates the
*** index number of the MONTH-DATA block to be used to specify the monthly
*** removal factors."
BMPRAC,GQ-FLAG,GQFFG7,int,40,45,,0,0,999,0,0,999,,"*** Value of 0 indicates that the BMP removal factor for qual #2 adsorbed to
*** silt is constant, given in GQ-FRAC. A value greater than 0 indicates the
*** index number of the MONTH-DATA block to be used to specify the monthly
*** removal factors."
BMPRAC,GQ-FLAG,GQFFG8,int,45,50,,0,0,999,0,0,999,,"*** Value of 0 indicates that the BMP removal factor for qual #2 adsorbed to
*** clay is constant, given in GQ-FRAC. A value greater than 0 indicates the
*** index number of the MONTH-DATA block to be used to specify the monthly
*** removal factors."
BMPRAC,GQ-FLAG,GQFFG9,int,50,55,,0,0,999,0,0,999,,"*** Value of 0 indicates that the BMP removal factor for qual #3 in solution
*** is constant, given in GQ-FRAC. A value greater than 0 indicates the
*** index number of the MONTH-DATA block to be used to specify the monthly
*** removal factors."
BMPRAC,GQ-FLAG,GQFFG10,int,55,60,,0,0,999,0,0,999,,"*** Value of 0 indicates that the BMP removal factor for qual #3 adsorbed to
*** sand is constant, given in GQ-FRAC. A value greater than 0 indicates the
*** index number of the MONTH-DATA block to be used to specify the monthly
*** removal factors."
BMPRAC,GQ-FLAG,GQFFG11,int,60,65,,0,0,999,0,0,999,,"*** Value of 0 indicates that the BMP removal factor for qual #3 adsorbed to
*** silt is constant, given in GQ-FRAC. A value greater than 0 indicates the
*** index number of the MONTH-DATA block to be used to specify the monthly
*** removal factors."
BMPRAC,GQ-FLAG,GQFFG12,int,65,70,,0,0,999,0,0,999,,"*** Value of 0 indicates that the BMP removal factor for qual #3 adsorbed to
*** clay is constant, given in GQ-FRAC. A value greater than 0 indicates the
*** index number of the MONTH-DATA block to be used to specify the monthly
*** removal factors."
BMPRAC,GQ-FRAC,OPNID,int,0,5,,,1,,,1,,,*** BMPRAC to which these data apply.
BMPRAC,GQ-FRAC,OPNIDLAST,int,5,10,,,1,,,1,,,*** BMPRAC to which these data apply.
BMPRAC,GQ-FRAC,GQID,string,10,28,,,,,,,,,"*** Any string of up to 20 characters may be supplied as the name of the
*** generalized quality constituent."
BMPRAC,GQ-FRAC,GQTYID,string,30,38,,,,,,,,,"*** GQTYID is a string of up to 8 characters which specifies the units in
*** which the inflows and outflows of the qual will be expressed, eg
*** ""kg""."
BMPRAC,GQ-FRAC,GQDFRC,float,38,48,,0,0,1,0,0,1,,*** GQDFRC is the BMP removal fraction for this qual in solution.
BMPRAC,GQ-FRAC,GQSFRC1,float,48,58,,0,0,1,0,0,1,,"*** GQSFRC(1,*) is the BMP removal fraction for this qual adsorbed to
*** sand."
BMPRAC,GQ-FRAC,GQSFRC2,float,58,68,,0,0,1,0,0,1,,"*** GQSFRC(2,*) is the BMP removal fraction for this qual adsorbed to
*** silt."
BMPRAC,GQ-FRAC,GQSFRC3,float,68,78,,0,0,1,0,0,1,,"*** GQSFRC(3,*) is the BMP removal fraction for this qual adsorbed to
*** clay."
BMPRAC,HEAT-FLAG,OPNID,int,0,5,,,1,,,1,,,*** BMPRAC to which these data apply.
BMPRAC,HEAT-FLAG,OPNIDLAST,int,5,10,,,1,,,1,,,*** BMPRAC to which these data apply.
BMPRAC,HEAT-FLAG,HTFFG,int,10,15,,0,0,999,0,0,999,,"*** Value of 0 indicates that the BMP removal factor for heat is constant,
*** given in HEAT-FRAC. A value greater than 0 indicates the index number of
*** the MONTH-DATA block to be used to specify the monthly removal
*** factors."
BMPRAC,HEAT-FRAC,OPNID,int,0,5,,,1,,,1,,,*** BMPRAC to which these data apply.
BMPRAC,HEAT-FRAC,OPNIDLAST,int,5,10,,,1,,,1,,,*** BMPRAC to which these data apply.
BMPRAC,HEAT-FRAC,HTFRC,float,10,20,,0,0,1,0,0,1,,*** HTFRC is the removal fraction for heat.
BMPRAC,NUT-FLAG,OPNID,int,0,5,,,1,,,1,,,*** BMPRAC to which these data apply.
BMPRAC,NUT-FLAG,OPNIDLAST,int,5,10,,,1,,,1,,,*** BMPRAC to which these data apply.
BMPRAC,NUT-FLAG,NUTFFG1,int,10,15,,0,0,999,0,0,999,,"*** Value of 0 indicates that the BMP removal factor for nitrate is
*** constant, given in DNUT-FRAC. A value greater than 0 indicates the index
*** number of the MONTH-DATA block to be used to specify the monthly removal
*** factors."
BMPRAC,NUT-FLAG,NUTFFG2,int,15,20,,0,0,999,0,0,999,,"*** Value of 0 indicates that the BMP removal factor for dissolved ammonia
*** is constant, given in DNUT-FRAC. A value greater than 0 indicates the
*** index number of the MONTH-DATA block to be used to specify the monthly
*** removal factors."
BMPRAC,NUT-FLAG,NUTFFG3,int,20,25,,0,0,999,0,0,999,,"*** Value of 0 indicates that the BMP removal factor for nitrite is
*** constant, given in DNUT-FRAC. A value greater than 0 indicates the index
*** number of the MONTH-DATA block to be used to specify the monthly removal
*** factors."
BMPRAC,NUT-FLAG,NUTFFG4,int,25,30,,0,0,999,0,0,999,,"*** Value of 0 indicates that the BMP removal factor for dissolved phosphate
*** is constant, given in DNUT-FRAC. A value greater than 0 indicates the
*** index number of the MONTH-DATA block to be used to specify the monthly
*** removal factors."
BMPRAC,NUT-FLAG,NUTFFG5,int,30,35,,0,0,999,0,0,999,,"*** Value of 0 indicates that the BMP removal factor for ammonia adsorbed to
*** sand is constant, given in ADSNUT-FRAC. A value greater than 0 indicates
*** the index number of the MONTH-DATA block to be used to specify the
*** monthly removal factors."
BMPRAC,NUT-FLAG,NUTFFG6,int,35,40,,0,0,999,0,0,999,,"*** Value of 0 indicates that the BMP removal factor for ammonia adsorbed to
*** silt is constant, given in ADSNUT-FRAC. A value greater than 0 indicates
*** the index number of the MONTH-DATA block to be used to specify the
*** monthly removal factors."
BMPRAC,NUT-FLAG,NUTFFG7,int,40,45,,0,0,999,0,0,999,,"*** Value of 0 indicates that the BMP removal factor for ammonia adsorbed to
*** clay is constant, given in ADSNUT-FRAC. A value greater than 0 indicates
*** the index number of the MONTH-DATA block to be used to specify the
*** monthly removal factors."
BMPRAC,NUT-FLAG,NUTFFG8,int,45,50,,0,0,999,0,0,999,,"*** Value of 0 indicates that the BMP removal factor for phosphate adsorbed
*** to sand is constant, given in ADSNUT-FRAC. A value greater than 0
*** indicates the index number of the MONTH-DATA block to be used to specify
*** the monthly removal factors."
BMPRAC,NUT-FLAG,NUTFFG9,int,50,55,,0,0,999,0,0,999,,"*** Value of 0 indicates that the BMP removal factor for phosphate adsorbed
*** to silt is constant, given in ADSNUT-FRAC. A value greater than 0
*** indicates the index number of the MONTH-DATA block to be used to specify
*** the monthly removal factors."
BMPRAC,NUT-FLAG,NUTFFG10,int,55,60,,0,0,999,0,0,999,,"*** Value of 0 indicates that the BMP removal factor for phosphate adsorbed
*** to clay is constant, given in ADSNUT-FRAC. A value greater than 0
*** indicates the index number of the MONTH-DATA block to be used to specify
*** the monthly removal factors."
BMPRAC,OXY-FLAG,OPNID,int,0,5,,,1,,,1,,,*** BMPRAC to which these data apply.
BMPRAC,OXY-FLAG,OPNIDLAST,int,5,10,,,1,,,1,,,*** BMPRAC to which these data apply.
BMPRAC,OXY-FLAG,OXFFG1,int,10,15,,0,0,999,0,0,999,,"*** Value of 0 indicates that the BMP removal factor for dissolved oxygen is
*** constant, given in OXY-FRAC. A value greater than 0 indicates the index
*** number of the MONTH-DATA block to be used to specify the monthly removal
*** factors."
BMPRAC,OXY-FLAG,OXFFG2,int,15,20,,0,0,999,0,0,999,,"*** Value of 0 indicates that the BMP removal factor for biochemical oxygen
*** demand is constant, given in OXY-FRAC. A value greater than 0 indicates
*** the index number of the MONTH-DATA block to be used to specify the
*** monthly removal factors."
BMPRAC,OXY-FRAC,OPNID,int,0,5,,,1,,,1,,,*** BMPRAC to which these data apply.
BMPRAC,OXY-FRAC,OPNIDLAST,int,5,10,,,1,,,1,,,*** BMPRAC to which these data apply.
BMPRAC,OXY-FRAC,OXYFRC1,float,10,20,,0,0,1,0,0,1,,*** OXYFRC(1) is the BMP removal fraction for dissolved oxygen.
BMPRAC,OXY-FRAC,OXYFRC2,float,20,30,,0,0,1,0,0,1,,*** OXYFRC(2) is the BMP removal fraction for biochemical oxygen demand.
BMPRAC,PH-FLAG,OPNID,int,0,5,,,1,,,1,,,*** BMPRAC to which these data apply.
BMPRAC,PH-FLAG,OPNIDLAST,int,5,10,,,1,,,1,,,*** BMPRAC to which these data apply.
BMPRAC,PH-FLAG,PHFFG1,int,10,15,,0,0,999,0,0,999,,"*** Value of 0 indicates that the BMP removal factor for total inorganic
*** carbon is constant, given in PH-FRAC. A value greater than 0 indicates
*** the index number of the MONTH-DATA block to be used to specify the
*** monthly removal factors."
BMPRAC,PH-FLAG,PHFFG2,int,15,20,,0,0,999,0,0,999,,"*** Value of 0 indicates that the BMP removal factor for dissolved carbon
*** dioxide is constant, given in PH-FRAC. A value greater than 0 indicates
*** the index number of the MONTH-DATA block to be used to specify the
*** monthly removal factors."
BMPRAC,PH-FRAC,OPNID,int,0,5,,,1,,,1,,,*** BMPRAC to which these data apply.
BMPRAC,PH-FRAC,OPNIDLAST,int,5,10,,,1,,,1,,,*** BMPRAC to which these data apply.
BMPRAC,PH-FRAC,PHFRC1,float,10,20,,0,0,1,0,0,1,,*** PHFRC(1) is the BMP removal fraction for total inorganic carbon.
BMPRAC,PH-FRAC,PHFRC2,float,20,30,,0,0,1,0,0,1,,*** PHFRC(2) is the BMP removal fraction for dissolved carbon dioxide.
BMPRAC,PLANK-FLAG,OPNID,int,0,5,,,1,,,1,,,*** BMPRAC to which these data apply.
BMPRAC,PLANK-FLAG,OPNIDLAST,int,5,10,,,1,,,1,,,*** BMPRAC to which these data apply.
BMPRAC,PLANK-FLAG,PLKFFG1,int,10,15,,0,0,999,0,0,999,,"*** Value of 0 indicates that the BMP removal factor for phytoplankton is
*** constant, given in PLANK-FRAC. A value greater than 0 indicates the
*** index number of the MONTH-DATA block to be used to specify the monthly
*** removal factors."
BMPRAC,PLANK-FLAG,PLKFFG2,int,15,20,,0,0,999,0,0,999,,"*** Value of 0 indicates that the BMP removal factor for zooplankton is
*** constant, given in PLANK-FRAC. A value greater than 0 indicates the
*** index number of the MONTH-DATA block to be used to specify the monthly
*** removal factors."
BMPRAC,PLANK-FLAG,PLKFFG3,int,20,25,,0,0,999,0,0,999,,"*** Value of 0 indicates that the BMP removal factor for dead refractory
*** organic nitrogen is constant, given in PLANK-FRAC. A value greater than
*** 0 indicates the index number of the MONTH-DATA block to be used to
*** specify the monthly removal factors."
BMPRAC,PLANK-FLAG,PLKFFG4,int,25,30,,0,0,999,0,0,999,,"*** Value of 0 indicates that the BMP removal factor for dead refractory
*** organic phosphorus is constant, given in PLANK-FRAC. A value greater
*** than 0 indicates the index number of the MONTH-DATA block to be used to
*** specify the monthly removal factors."
BMPRAC,PLANK-FLAG,PLKFFG5,int,30,35,,0,0,999,0,0,999,,"*** Value of 0 indicates that the BMP removal factor for dead refractory
*** organic carbon is constant, given in PLANK-FRAC. A value greater than 0
*** indicates the index number of the MONTH-DATA block to be used to specify
*** the monthly removal factors."
BMPRAC,PLANK-FRAC,OPNID,int,0,5,,,1,,,1,,,*** BMPRAC to which these data apply.
BMPRAC,PLANK-FRAC,OPNIDLAST,int,5,10,,,1,,,1,,,*** BMPRAC to which these data apply.
BMPRAC,PLANK-FRAC,PLKFRC1,float,10,20,,0,0,1,0,0,1,,*** PLKFRC(1) is the BMP removal fraction for phytoplankton.
BMPRAC,PLANK-FRAC,PLKFRC2,float,20,30,,0,0,1,0,0,1,,*** PLKFRC(2) is the BMP removal fraction for zooplankton.
BMPRAC,PLANK-FRAC,PLKFRC3,float,30,40,,0,0,1,0,0,1,,"*** PLKFRC(3) is the BMP removal fraction for dead refractory organic
*** nitrogen."
BMPRAC,PLANK-FRAC,PLKFRC4,float,40,50,,0,0,1,0,0,1,,"*** PLKFRC(4) is the BMP removal fraction for dead refractory organic
*** phosphorus."
BMPRAC,PLANK-FRAC,PLKFRC5,float,50,60,,0,0,1,0,0,1,,"*** PLKFRC(5) is the BMP removal fraction for dead refractory organic
*** carbon."
BMPRAC,PRINT-INFO,OPNID,int,0,5,,,1,,,1,,,*** BMPRAC to which these data apply.
BMPRAC,PRINT-INFO,OPNIDLAST,int,5,10,,,1,,,1,,,*** BMPRAC to which these data apply.
BMPRAC,PRINT-INFO,FLOWPR,int,10,15,,4,2,6,4,2,6,,*** Printout level for flow.
BMPRAC,PRINT-INFO,CONSPR,int,15,20,,4,2,6,4,2,6,,*** Printout level for conservatives.
BMPRAC,PRINT-INFO,HEATPR,int,20,25,,4,2,6,4,2,6,,*** Printout level for heat.
BMPRAC,PRINT-INFO,SEDPR,int,25,30,,4,2,6,4,2,6,,*** Printout level for sediment.
BMPRAC,PRINT-INFO,GQPR,int,30,35,,4,2,6,4,2,6,,*** Printout level for general quals.
BMPRAC,PRINT-INFO,OXRXPR,int,35,40,,4,2,6,4,2,6,,*** Printout level for oxygen components.
BMPRAC,PRINT-INFO,NUTPR,int,40,45,,4,2,6,4,2,6,,*** Printout level for nutrients.
BMPRAC,PRINT-INFO,PLNKPR,int,45,50,,4,2,6,4,2,6,,*** Printout level for plankton components.
BMPRAC,PRINT-INFO,PHPR,int,50,55,,4,2,6,4,2,6,,*** Printout level for pH and inorganic carbon.
BMPRAC,PRINT-INFO,PIVL,int,55,60,,1,1,1440,1,1,1440,,"*** A value need only be supplied for PIVL if one or more sections have a
*** printout level of 2. For those sections, printout will occur every PIVL
*** intervals (that is, every PDELT=PIVL*DELT mins). PIVL must be chosen
*** such that there are an integer no. of PDELT periods in a day."
BMPRAC,PRINT-INFO,PYREND,int,60,65,,9,1,12,9,1,12,,"*** PYREND is the calendar month which will terminate the year for printout
*** purposes. Thus, the annual summary can reflect the situation over the
*** past water year or the past calendar year, etc."
BMPRAC,SED-FLAG,OPNID,int,0,5,,,1,,,1,,,*** BMPRAC to which these data apply.
BMPRAC,SED-FLAG,OPNIDLAST,int,5,10,,,1,,,1,,,*** BMPRAC to which these data apply.
BMPRAC,SED-FLAG,SEDFG1,int,10,15,,0,0,999,0,0,999,,"*** Value of 0 indicates that the BMP removal factor for sand is constant,
*** given in SED-FRAC. A value greater than 0 indicates the index number of
*** the MONTH-DATA block to be used to specify the monthly removal
*** factors."
BMPRAC,SED-FLAG,SEDFG2,int,15,20,,0,0,999,0,0,999,,"*** Value of 0 indicates that the BMP removal factor for silt is constant,
*** given in SED-FRAC. A value greater than 0 indicates the index number of
*** the MONTH-DATA block to be used to specify the monthly removal
*** factors."
BMPRAC,SED-FLAG,SEDFG3,int,20,25,,0,0,999,0,0,999,,"*** Value of 0 indicates that the BMP removal factor for clay is constant,
*** given in SED-FRAC. A value greater than 0 indicates the index number of
*** the MONTH-DATA block to be used to specify the monthly removal
*** factors."
BMPRAC,SED-FRAC,OPNID,int,0,5,,,1,,,1,,,*** BMPRAC to which these data apply.
BMPRAC,SED-FRAC,OPNIDLAST,int,5,10,,,1,,,1,,,*** BMPRAC to which these data apply.
BMPRAC,SED-FRAC,SEDFRC1,float,10,20,,0,0,1,0,0,1,,*** SEDFRC(1) is the BMP removal fraction for sand.
BMPRAC,SED-FRAC,SEDFRC2,float,20,30,,0,0,1,0,0,1,,*** SEDFRC(2) is the BMP removal fraction for silt.
BMPRAC,SED-FRAC,SEDFRC3,float,30,40,,0,0,1,0,0,1,,*** SEDFRC(3) is the BMP removal fraction for clay.
CATEGORY,,TAG,string,3,5,,,,,,,,,
CATEGORY,,CATNAM,string,6,22,,,,,,,,,
COPY,TIMESERIES,OPNID,int,0,5,,,1,,,1,,,*** COPY operations to which these data apply.
COPY,TIMESERIES,OPNIDLAST,int,5,10,,,1,,,1,,,*** COPY operations to which these data apply.
COPY,TIMESERIES,NPT,int,10,15,,0,0,20,0,0,20,,*** NPT is the number of point-valued time series to be copied.
COPY,TIMESERIES,NMN,int,15,20,,0,0,20,0,0,20,,*** NMN is the number of mean-valued time series to be copied.
DISPLY,DISPLY-INFO1,OPNID,int,0,5,,,1,,,1,,,*** DISPLY to which these data apply.
DISPLY,DISPLY-INFO1,OPNIDLAST,int,5,10,,,1,,,1,,,*** DISPLY to which these data apply.
DISPLY,DISPLY-INFO1,TITLE,string,10,38,,,,,,,,,"*** TITLE is the title (up to 28 characters) that will be printed at the top
*** of each page of the display."
DISPLY,DISPLY-INFO1,TRAN,string,41,45,SUM,,,,,,,"['SUM', 'AVER', 'MAX', 'MIN', 'LAST']","*** TRAN is the ""transformation code"", used to aggregate data from the basic
*** interval (internal time step) to the various display intervals (for both
*** short- and long-span displays). Valid values are: SUM, AVER, MAX, MIN,
*** LAST."
DISPLY,DISPLY-INFO1,PIVL,int,45,50,,0,0,1440,0,0,1440,,"*** PIVL is the no. of basic time intervals (DELT mins each) to be
*** aggregated to get to the interval of the data printed in a shortspan
*** display. If PIVL=0, a short-span display is not produced."
DISPLY,DISPLY-INFO1,DIGIT1,int,54,55,,0,0,7,0,0,7,,"*** DIGIT1 is the no. of decimal digits to be used to print data in the
*** short-span display. Valid values are 0 to 7."
DISPLY,DISPLY-INFO1,FILE1,int,55,60,,6,6,99,6,6,99,,"*** FILE1 is the Fortran unit no. of the file to which a short- span display
*** will be routed."
DISPLY,DISPLY-INFO1,PYRFG,int,60,65,,0,0,1,0,0,1,,"*** PYRFG: value of 1 means a long-span display (annual summary of daily
*** values) is required; 0 means it is not."
DISPLY,DISPLY-INFO1,DIGIT2,int,69,70,,0,0,7,0,0,7,,"*** DIGIT2 is the no. of decimal digits to be used to print data in the
*** long-span display. Valid values are 0 to 7."
DISPLY,DISPLY-INFO1,FILE2,int,70,75,,6,6,99,6,6,99,,"*** FILE2 is the Fortran unit no. of the file to which a long- span display
*** will be routed."
DISPLY,DISPLY-INFO1,PYREND,int,75,80,,9,1,12,9,1,12,,"*** PYREND is the calendar month which will appear at the right-hand
*** extremity of an annual summary."
DISPLY,DISPLY-INFO2,OPNID,int,0,5,,,1,,,1,,,*** DISPLY to which these data apply.
DISPLY,DISPLY-INFO2,OPNIDLAST,int,5,10,,,1,,,1,,,*** DISPLY to which these data apply.
DISPLY,DISPLY-INFO2,MULTA,float,10,20,,1,,,1,,,,"*** A is a parameter to convert data from internal units to display units:
*** Display value = A * (internal value) + B"
DISPLY,DISPLY-INFO2,ADDB,float,20,30,,0,,,0,,,,"*** B is a parameter to convert data from internal units to display units:
*** Display value = A * (internal value) + B"
DISPLY,DISPLY-INFO2,THRES1,float,30,40,,0,,,0,,,,"*** THRSH1 is the threshhold value for a short-span display. When the
*** individual values in a row of the display have been aggregated to get
*** the ""row value"" (hour- or day-value, depending on the display interval),
*** if the row-value is greater than THRSH1 the row is printed, else it is
*** omitted."
DISPLY,DISPLY-INFO2,THRES2,float,40,50,,0,,,0,,,,*** THRSH2 is not presently used.
DURANL,DURATIONS,OPNID,int,0,5,,,,,,,,,*** DURANL to which these data apply.
DURANL,DURATIONS,OPNIDLAST,int,5,10,,,,,,,,,*** DURANL to which these data apply.
DURANL,DURATIONS,DURAT1,int,10,15,,1,1,1,1,1,1,,"*** DURAT(*) is an array which contains the NDUR different durations for
*** which the time series will be analyzed (NDUR was specified in Table-type
*** GEN-DURDATA). The durations are expressed in multiples of the internal
*** time step specified in the OPN SEQUENCE Block (Section 4. 3). The
*** analysis algorithm requires that the first duration be 1 time step, but
*** the others can have any value."
DURANL,DURATIONS,DURAT2,int,15,20,,2,2,,2,2,,,
DURANL,DURATIONS,DURAT3,int,20,25,,2,2,,2,2,,,
DURANL,DURATIONS,DURAT4,int,25,30,,2,2,,2,2,,,
DURANL,DURATIONS,DURAT5,int,30,35,,2,2,,2,2,,,
DURANL,DURATIONS,DURAT6,int,35,40,,2,2,,2,2,,,
DURANL,DURATIONS,DURAT7,int,40,45,,2,2,,2,2,,,
DURANL,DURATIONS,DURAT8,int,45,50,,2,2,,2,2,,,
DURANL,DURATIONS,DURAT9,int,50,55,,2,2,,2,2,,,
DURANL,DURATIONS,DURA10,int,55,60,,2,2,,2,2,,,
DURANL,GEN-DURDATA,OPNID,int,0,5,,,,,,,,,*** DURANL to which these data apply.
DURANL,GEN-DURDATA,OPNIDLAST,int,5,10,,,,,,,,,*** DURANL to which these data apply.
DURANL,GEN-DURDATA,TITLE,string,10,50,,,,,,,,,"*** TITLE is the title which the user gives to the duration analysis
*** operation."
DURANL,GEN-DURDATA,NDUR,int,50,55,,1,1,10,1,1,10,,"*** NDUR is the no. of durations for which the time series will be
*** analyzed."
DURANL,GEN-DURDATA,NLEV,int,55,60,,1,1,20,1,1,20,,"*** NLEV is the no. of ""levels"" which will be used in analyzing the time
*** series."
DURANL,GEN-DURDATA,PRFG,int,60,65,,1,1,7,1,1,7,,"*** PRFG is a flag which governs the quantity of information printed out. A
*** value of 1 results in minimal (basic) output. Increasing the value (up
*** to the maximum of 7) results in increased detail of output."
DURANL,GEN-DURDATA,PUNIT,int,65,70,,6,1,99,6,1,99,,"*** PUNIT is the Fortran unit no. to which the (printed) output of the
*** duration analysis operation will be routed."
DURANL,GEN-DURDATA,LCNUM,int,70,75,,0,0,5,0,0,5,,"*** LCNUM indicates the number of lethal concentration curves to be used in
*** the analysis. A zero means no LC analysis is to be performed."
DURANL,GEN-DURDATA,LCOUT,int,75,80,,0,0,1,0,0,1,,"*** LCOUT is a flag which governs the printout of intermediate lethal event
*** information (1-on)."
DURANL,LCONC,OPNID,int,0,5,,,,,,,,,*** DURANL to which these data apply.
DURANL,LCONC,OPNIDLAST,int,5,10,,,,,,,,,*** DURANL to which these data apply.
DURANL,LCONC,LCONC1,float,10,20,,0,,,0,,,,"*** LCONC(1-10) is an array which contains the NDUR different lethal levels
*** which are used in a lethal concentration analysis."
DURANL,LCONC,LCONC2,float,20,30,,0,,,0,,,,
DURANL,LCONC,LCONC3,float,30,40,,0,,,0,,,,
DURANL,LCONC,LCONC4,float,40,50,,0,,,0,,,,
DURANL,LCONC,LCONC5,float,50,60,,0,,,0,,,,
DURANL,LCONC,LCONC6,float,60,70,,0,,,0,,,,
DURANL,LCONC,LCONC7,float,70,80,,0,,,0,,,,
DURANL,LEVELS,OPNID,int,0,5,,,,,,,,,*** DURANL to which these data apply.
DURANL,LEVELS,OPNIDLAST,int,5,10,,,,,,,,,*** DURANL to which these data apply.
DURANL,LEVELS,LEVEL2,float,10,15,,0,,,0,,,,"*** LEVEL(2thru21) contains the 20 possible ""levels"" for which the input
*** time series will be analyzed. (LEVEL(1) and LEVEL(22) are reserved for
*** system use and this does not affect the user since he can only specify
*** LEVEL(2thru21)). The actual no. of levels (NLEV) was specified by the
*** user in Table-type GEN-DURDATA."
DURANL,LEVELS,LEVEL3,float,15,20,,0,,,0,,,,
DURANL,LEVELS,LEVEL4,float,20,25,,0,,,0,,,,
DURANL,LEVELS,LEVEL5,float,25,30,,0,,,0,,,,
DURANL,LEVELS,LEVEL6,float,30,35,,0,,,0,,,,
DURANL,LEVELS,LEVEL7,float,35,40,,0,,,0,,,,
DURANL,LEVELS,LEVEL8,float,40,45,,0,,,0,,,,
DURANL,LEVELS,LEVEL9,float,45,50,,0,,,0,,,,
DURANL,LEVELS,LEVE10,float,50,55,,0,,,0,,,,
DURANL,LEVELS,LEVE11,float,55,60,,0,,,0,,,,
DURANL,LEVELS,LEVE12,float,60,65,,0,,,0,,,,
DURANL,LEVELS,LEVE13,float,65,70,,0,,,0,,,,
DURANL,LEVELS,LEVE14,float,70,75,,0,,,0,,,,
DURANL,LEVELS,LEVE15,float,75,80,,0,,,0,,,,
DURANL,SEASON,OPNID,int,0,5,,,,,,,,,*** DURANL to which these data apply.
DURANL,SEASON,OPNIDLAST,int,5,10,,,,,,,,,*** DURANL to which these data apply.
DURANL,SEASON,SESON1,int,14,18,,1,1,,1,1,,,*** Allow this value to default.
DURANL,SEASON,SESON2,int,19,21,,1,1,12,1,1,12,,"*** SMON is the starting month for the ""analysis season""."
DURANL,SEASON,SESON3,int,22,24,,1,1,31,1,1,31,,"*** SDAY is the starting day for the ""analysis season""."
DURANL,SEASON,SESON4,int,25,27,,0,0,23,0,0,23,,"*** SHOUR is the starting hour for the ""analysis season""."
DURANL,SEASON,SESON5,int,28,30,,0,0,59,0,0,59,,"*** SMIN is the starting minute for the ""analysis season""."
DURANL,SEASON,SESOE1,int,34,38,,1,1,,1,1,,,*** Allow this value to default.
DURANL,SEASON,SESOE2,int,39,41,,12,1,12,12,1,12,,"*** EMON is the ending month for the ""analysis season""."
DURANL,SEASON,SESOE3,int,42,44,,31,1,31,31,1,31,,"*** EDAY is the ending day for the ""analysis season""."
DURANL,SEASON,SESOE4,int,45,47,,24,0,24,24,0,24,,"*** EHOUR is the ending hour for the ""analysis season"". Default value is 24
*** only if EMIN is zero."
DURANL,SEASON,SESOE5,int,48,50,,0,0,59,0,0,59,,"*** EMIN is the ending minute for the ""analysis season""."
EXT SOURCES,,SVOL,string,0,6,,,,,,,,"['WDM', 'WDM1', 'WDM2', 'WDM3', 'WDM4', 'DSS', 'SEQ']",*** External source volume.
EXT SOURCES,,SVOLNO,int,6,10,,,1,,,1,,,*** Dataset No. (TVOL = TSS or WDM); or Fortran unit No. (TVOL = SEQ)
EXT SOURCES,,SMEMN,string,11,15,,,,,,,,,"*** Dataset name (TVOL = TSS); or Dataset TSTYP attribute (TVOL = WDM).
*** SFCLAS is a string indicating the class of format used in the sequential
*** file."
EXT SOURCES,,QLFG,int,17,19,,31,0,31,31,0,31,,"*** Quality-of-data flag (SVOL = WDM); specifies the minimum quality WDMS
*** data which will be accepted by HSPF; valid values = 0-31. Identifies an
*** object-time format supplied in the FORMATS Block."
EXT SOURCES,,SSYST,string,20,24,ENGL,,,,,,,"['ENGL', 'METR']","*** Unit system of data in the source (SVOL = SEQ or WDM); valid values ENGL
*** and METR."
EXT SOURCES,,SGAPST,string,24,28,,,,,,,,"['ZERO', 'UNDF', 'DEF', '']","*** String indicating how missing ""cards"" in the sequential file, or WDMS
*** data having insufficient 'quality' will be regarded. Used in SVOL=SEQ or
*** WDM."
EXT SOURCES,,MFACTOR,float,28,38,,1,,,1,,,,"*** The factor by which data from the source will be multiplied before being
*** added to the target."
EXT SOURCES,,TRAN,string,38,42,,,,,,,,"['SAME', 'AVER', 'DIV', 'INTP', 'LAST', 'MAX', 'MIN', 'SUM', 'DEF', '']","*** String indicating which transformation function to use in transf time
*** series from source to target."
EXT SOURCES,,TVOL,string,43,49,,,,,,,,"['PERLND', 'IMPLND', 'RCHRES', 'COPY', 'PLTGEN', 'DISPLY', 'DURANL', 'GENER', 'MUTSIN']",*** Operation-type of the target opn.
EXT SOURCES,,TOPFST,int,50,54,,,1,,,1,,,*** TOPFST is the first target Operation-type No.
EXT SOURCES,,TOPLST,int,54,58,,,1,,,1,,,*** TOPFST is the first target Operation-type No.
EXT SOURCES,,TGRPN,string,58,64,,,,,,,,,*** Group to which the target time series belongs.
EXT SOURCES,,TMEMN,string,65,71,,,,,,,,,"*** Target member name. Default: all members. Refer to Time Series Catalog
*** for more information."
EXT SOURCES,,TMEMSB1,string,71,73,1,,,,,,,,*** Target member name first subscript.
EXT SOURCES,,TMEMSB2,string,73,75,1,,,,,,,,*** Target member name second subscript.
EXT SOURCES,,TMEMSB,string,71,75,,,,,,,,,*** Target member name second subscript.
EXT TARGETS,,SVOL,string,0,6,,,,,,,,"['PERLND', 'IMPLND', 'RCHRES', 'COPY', 'PLTGEN', 'DISPLY', 'DURANL', 'GENER', 'MUTSIN']",*** Operation-type of the source opn.
EXT TARGETS,,SVOLNO,int,6,10,,,1,,,1,,,*** Source Operation-type No.
EXT TARGETS,,SGRPN,string,11,17,,,,,,,,,*** Group to which the source time series belongs.
EXT TARGETS,,SMEMN,string,18,24,,,,,,,,,"*** Source member name. Default: all members. Refer to time series catalogue
*** for more information."
EXT TARGETS,,SMEMSB1,string,24,26,1,,,,,,,,*** Source member name first subscript.
EXT TARGETS,,SMEMSB2,string,26,28,1,,,,,,,,*** Source member name second subscript.
EXT TARGETS,,MFACTOR,float,28,38,,1,,,1,,,,"*** The factor by which data from the source will be multiplied before being
*** added to the target."
EXT TARGETS,,TRAN,string,38,42,,,,,,,,"['SAME', 'AVER', 'DIV', 'INTP', 'LAST', 'MAX', 'MIN', 'SUM', 'DEF', '']","*** String indicating which transformation function to use in transferring
*** time series from source to target."
EXT TARGETS,,TVOL,string,43,49,,,,,,,,"['WDM', 'WDM1', 'WDM2', 'WDM3', 'WDM4', 'DSS']",*** External target volume.
EXT TARGETS,,TVOLNO,string,49,53,,,,,,,,,*** Dataset Number.
EXT TARGETS,,TMEMN,string,54,58,,,,,,,,,*** Dataset name or dataset TSTYP attribute.
EXT TARGETS,,QLFG,int,60,62,,0,0,31,0,0,31,,"*** Quality-of-data (TVOL=WDM); specifies the quality tag to be attached to
*** data placed in a WDMS dataset."
EXT TARGETS,,TSYST,string,63,67,ENGL,,,,,,,"['ENGL', 'METR']",*** Unit system of data to be written to WDM dataset.
EXT TARGETS,,AGGST,string,68,72,,,,,,,,"['AGGR', 'DEF', '']","*** String indicating whether the data should be aggregated when placed in a
*** WDMS dataset having a timestep greater than the source timestep. Valid
*** value is AGG; default value is no aggregation."
EXT TARGETS,,AMDST,string,73,77,,,,,,,,"['ADD', 'INS', 'REPL']","*** String indicating how the target dataset is to be accessed. Valid values
*** are: ADD, INS, and REP for the TSS file; and ADD or REP for a WDMS
*** file."
FILES,,FTYPE,string,0,6,,,,,,,,"['BINO', 'MESSU', 'WDM', 'WDM1', 'WDM2', 'WDM3', 'WDM4', 'DSS1', 'DSS2', 'DSS3', 'DSS4', 'DSS5', 'FEQTSF', 'PESTSU', '']",
FILES,,FUNIT,int,8,13,,,1,98,,1,98,,
FILES,,FNAME,string,16,80,,,,,,,,,
FTABLES,FTABLE,Depth,float,0,10,,0,0,,0,0,,,
FTABLES,FTABLE,Area,float,10,20,,0,0,,0,0,,,
FTABLES,FTABLE,Volume,float,20,30,,0,0,,0,0,,,
FTABLES,FTABLE,Disch1,float,30,40,,0,0,,0,0,,,
FTABLES,FTABLE,Disch2,float,40,50,,0,0,,0,0,,,
FTABLES,FTABLE,Disch3,float,50,60,,0,0,,0,0,,,
FTABLES,FTABLE,Disch4,float,60,70,,0,0,,0,0,,,
FTABLES,FTABLE,Disch5,float,70,80,,0,0,,0,0,,,
FTABLES,FTABLE,rows,int,80,90,,,,,,,,,
FTABLES,FTABLE,cols,int,90,100,,,,,,,,,
GENER,COEFFS,OPNID,int,0,5,,,,,,,,,*** GENER operations to which these data apply.
GENER,COEFFS,OPNIDLAST,int,5,10,,,,,,,,,*** GENER operations to which these data apply.
GENER,COEFFS,K1,float,10,20,,0,,,0,,,,"*** K(1) - K(NTERMS) are the coefficients in the power function. This table
*** is only relevant if OPCODE=8."
GENER,COEFFS,K2,float,20,30,,0,,,0,,,,
GENER,COEFFS,K3,float,30,40,,0,,,0,,,,
GENER,COEFFS,K4,float,40,50,,0,,,0,,,,
GENER,COEFFS,K5,float,50,60,,0,,,0,,,,
GENER,COEFFS,K6,float,60,70,,0,,,0,,,,
GENER,COEFFS,K7,float,70,80,,0,,,0,,,,
GENER,NTERMS,OPNID,int,0,5,,,,,,,,,*** GENER operations to which these data apply.
GENER,NTERMS,OPNIDLAST,int,5,10,,,,,,,,,*** GENER operations to which these data apply.
GENER,NTERMS,NTERMS,int,10,15,,2,1,7,2,1,7,,"*** NTERMS is the total no. of terms in the power series. This table is only
*** relevant if POCODE=8."
GENER,OPCODE,OPNID,int,0,5,,,,,,,,,*** GENER operations to which these data apply.
GENER,OPCODE,OPNIDLAST,int,5,10,,,,,,,,,*** GENER operations to which these data apply.
GENER,OPCODE,OPCODE,int,10,15,,,1,26,,1,26,,"*** OPCODE is the GENER operation code. For further details, see Section 4.
*** 2(15) of Part E."
GENER,PARM,OPNID,int,0,5,,,,,,,,,*** GENER operations to which these data apply.
GENER,PARM,OPNIDLAST,int,5,10,,,,,,,,,*** GENER operations to which these data apply.
GENER,PARM,K,float,10,20,,1,,,1,,,,"*** K is the constant required in the operation. (OPCODE = 9,10,11)"
GLOBAL,,COMMENT,string,0,80,,,,,,,,,
GLOBAL,,SYR,int,90,98,,1900,1,32767,1900,1,32767,,
GLOBAL,,SMO,int,99,101,,1,1,12,1,1,12,,
GLOBAL,,SDA,int,102,104,,1,1,31,1,1,31,,
GLOBAL,,SHR,int,105,107,,0,0,23,0,0,23,,
GLOBAL,,SMI,int,108,110,,0,0,59,0,0,59,,
GLOBAL,,EYR,int,115,123,,1900,1,32767,1900,1,32767,,
GLOBAL,,EMO,int,124,126,,12,1,12,12,1,12,,
GLOBAL,,EDA,int,127,129,,31,1,31,31,1,31,,
GLOBAL,,EHR,int,130,132,,24,0,24,24,0,24,,
GLOBAL,,EMI,int,133,135,,0,0,59,0,0,59,,
GLOBAL,,LEV,int,185,190,,0,0,10,0,0,10,,
GLOBAL,,SPA,int,190,195,,2,0,10,2,0,10,,
GLOBAL,,RES,int,250,255,,0,0,1,0,0,1,,
GLOBAL,,RUN,int,260,265,,0,0,1,0,0,1,,
GLOBAL,,UFG,int,295,300,,1,1,2,1,1,2,,
IMPLND,ACTIVITY,OPNID,int,0,5,,,,,,,,,*** ILS to which these data apply.
IMPLND,ACTIVITY,OPNIDLAST,int,5,10,,,,,,,,,*** ILS to which these data apply.
IMPLND,ACTIVITY,ATEMP,int,10,15,,0,0,1,0,0,1,,*** value of 1 indicates section ATEMP is active
IMPLND,ACTIVITY,SNOW,int,15,20,,0,0,1,0,0,1,,*** value of 1 indicates section SNOW is active
IMPLND,ACTIVITY,IWATER,int,20,25,,0,0,1,0,0,1,,*** value of 1 indicates section IWATER is active.
IMPLND,ACTIVITY,SOLIDS,int,25,30,,0,0,1,0,0,1,,*** value of 1 indicates section SOLIDS is active.
IMPLND,ACTIVITY,IWTGAS,int,30,35,,0,0,1,0,0,1,,*** value of 1 indicates section IWTGAS is active.
IMPLND,ACTIVITY,IQUAL,int,35,40,,0,0,1,0,0,1,,*** value of 1 indicates section IQUAL is active
IMPLND,ATEMP-DAT,OPNID,int,0,80,,,,,,,,,*** ILS to which these data apply.
IMPLND,ATEMP-DAT,OPNIDLAST,int,5,10,,,,,,,,,*** ILS to which these data apply.
IMPLND,ATEMP-DAT,ELDAT,float,10,20,,0,,,0,,,,"*** ELDAT is the difference in elevation between the temperature gage and
*** the ILS; it is used to estimate the temperature over the ILS by
*** application of a lapse rate. It is positive if the ILS is higher than
*** the gage, and vice versa."
IMPLND,ATEMP-DAT,AIRTMP,float,20,30,,15,-50,60,60,-60,140,,"*** AIRTMP is the air temperature over the ILS at the start of the
*** RUN."
IMPLND,BINARY-INFO,OPNID,int,0,5,,,,,,,,,*** ILS to which these data apply.
IMPLND,BINARY-INFO,OPNIDLAST,int,5,10,,,,,,,,,*** ILS to which these data apply.
IMPLND,BINARY-INFO,ATEMP,int,10,15,,4,2,6,4,2,6,,*** Output level for section ATMP.
IMPLND,BINARY-INFO,SNOW,int,15,20,,4,2,6,4,2,6,,*** Output level for section SNOW.
IMPLND,BINARY-INFO,IWATER,int,20,25,,4,2,6,4,2,6,,*** Output level for section IWAT.
IMPLND,BINARY-INFO,SOLIDS,int,25,30,,4,2,6,4,2,6,,*** Output level for section SLD.
IMPLND,BINARY-INFO,IWTGAS,int,30,35,,4,2,6,4,2,6,,*** Output level for section IWG.
IMPLND,BINARY-INFO,IQUAL,int,35,40,,4,2,6,4,2,6,,*** Output level for section IQAL.
IMPLND,BINARY-INFO,PIVL,int,40,45,,1,1,1440,1,1,1440,,"*** A value need only be supplied for PIVL if one or more sections have a
*** output level of 2. For those sections, output will occur every PIVL
*** intervals (that is, every PDELT=PIVL*DELT mins). PIVL must be chosen
*** such that there are an integer no. of PDELT periods in a day."
IMPLND,BINARY-INFO,PYREND,int,45,50,,9,1,12,9,1,12,,"*** PYREND is the calendar month which will terminate the year for output
*** purposes. Thus, the annual summary can reflect the situation over the
*** past water year or the past calendar year, etc."
IMPLND,GEN-INFO,OPNID,int,0,5,,,,,,,,,*** ILS to which these data apply.
IMPLND,GEN-INFO,OPNIDLAST,int,5,10,,,,,,,,,*** ILS to which these data apply.
IMPLND,GEN-INFO,LSID,string,10,30,,,,,,,,,"*** Any string of up to 20 characters may be supplied as the identifier for
*** an ILS."
IMPLND,GEN-INFO,IUNITS,int,35,40,,1,1,2,1,1,2,,"*** IUNITS indicates the system of units for data in the input time series;
*** 1 means English units, 2 means Metric units."
IMPLND,GEN-INFO,OUNITS,int,40,45,,1,1,2,1,1,2,,"*** OUNITS indicates the system of units for data in the output time series;
*** 1 means English units, 2 means Metric units."
IMPLND,GEN-INFO,PUNIT1,int,45,50,,0,0,99,0,0,99,,"*** PUNIT(1) indicates the destinations of printout in English units. A
*** value 0 means no printout is required in English units. A non-zero value
*** means printout is required in English units and the value is the Fortran
*** unit no. of the file to which the printout is to be written. Note that
*** printout for each Impervious Land Segment can be obtained in either the
*** English or Metric systems, or both (irrespective of the system used to
*** supply the inputs)."
IMPLND,GEN-INFO,PUNIT2,int,50,55,,0,0,99,0,0,99,,"*** PUNIT(2) indicates the destinations of printout in Metric units. A value
*** of 0 means no printout is required in Metric units. A non-zero value
*** means printout is required in Metric units and the value is the Fortran
*** unit no. of the file to which the printout is to be written. Note that
*** printout for each Impervious Land Segment can be obtained in either the
*** English or Metric systems, or both (irrespective of the system used to
*** supply the inputs)."
IMPLND,GEN-INFO,BUNIT1,int,55,60,,0,0,99,0,0,99,,"*** BUNIT(1) is the destination of binary output in English units. A value
*** of 0 means no binary output is required in English units. A non-zero
*** value means binary output is required in English units and the value is
*** the Fortran unit no. of the file to which the binary output is to be
*** written. Note that binary output for each Impervious Land Segment can be
*** obtained in either the English or Metric systems, or both (irrespective
*** of the system used to supply the inputs)."
IMPLND,GEN-INFO,BUNIT2,int,60,65,,0,0,99,0,0,99,,"*** BUNIT(2) is the destination of binary output in Metric units. A value of
*** 0 means no binary output is required in Metric units. A non-zero value
*** means binary output is required in Metric units and the value is the
*** Fortran unit no. of the file to which the binary output is to be
*** written. Note that binary output for each Impervious Land Segment can be
*** obtained in either the English or Metric systems, or both (irrespective
*** of the system used to supply the inputs)."
IMPLND,ICE-FLAG,OPNID,int,0,5,,,,,,,,,*** ILS to which these data apply.
IMPLND,ICE-FLAG,OPNIDLAST,int,5,10,,,,,,,,,*** ILS to which these data apply.
IMPLND,ICE-FLAG,ICEFG,int,10,15,,0,0,1,0,0,1,,"*** A value of 0 means ice formation in snow pack will not be simulated; 1
*** means it will."
IMPLND,IQL-AD-FLAGS,OPNID,int,0,5,,,,,,,,,*** ILS to which these data apply.
IMPLND,IQL-AD-FLAGS,OPNIDLAST,int,5,10,,,,,,,,,*** ILS to which these data apply.
IMPLND,IQL-AD-FLAGS,IQADFG1,int,11,14,,0,-1,999,0,-1,999,,"*** Value of 0 indicates that atmospheric deposition flux of quality
*** constituent #1 is either absent or is supplied as a direct time series
*** as IQADFX. A value greater than 0 indicates the index number of the
*** MONTH-DATA block to be used to supply atmospheric deposition data.
*** _PNAME IQADFG(1)"
IMPLND,IQL-AD-FLAGS,IQADFG2,int,14,17,,0,-1,999,0,-1,999,,"*** Value of 0 indicates that concentration of quality constituent #1 in
*** precipitation is either absent or is supplied as a direct time series as
*** IQADCN. A value greater than 0 indicates the index number of the
*** MONTH-DATA block to be used to supply atmospheric deposition data.
*** _PNAME IQADFG(2)"
IMPLND,IQL-AD-FLAGS,IQADFG3,int,18,21,,0,-1,999,0,-1,999,,"*** Value of 0 indicates that atmospheric deposition flux of quality
*** constituent #2 is either absent or is supplied as a direct time series
*** as IQADFX. A value greater than 0 indicates the index number of the
*** MONTH-DATA block to be used to supply atmospheric deposition data.
*** _PNAME IQADFG(3)"
IMPLND,IQL-AD-FLAGS,IQADFG4,int,21,24,,0,-1,999,0,-1,999,,"*** Value of 0 indicates that concentration of quality constituent #2 in
*** precipitation is either absent or is supplied as a direct time series as
*** IQADCN. A value greater than 0 indicates the index number of the
*** MONTH-DATA block to be used to supply atmospheric deposition data.
*** _PNAME IQADFG(4)"
IMPLND,IQL-AD-FLAGS,IQADFG5,int,25,28,,0,-1,999,0,-1,999,,"*** Value of 0 indicates that atmospheric deposition flux of quality
*** constituent #3 is either absent or is supplied as a direct time series
*** as IQADFX. A value greater than 0 indicates the index number of the
*** MONTH-DATA block to be used to supply atmospheric deposition data.
*** _PNAME IQADFG(5)"
IMPLND,IQL-AD-FLAGS,IQADFG6,int,28,31,,0,-1,999,0,-1,999,,"*** Value of 0 indicates that concentration of quality constituent #3 in
*** precipitation is either absent or is supplied as a direct time series as
*** IQADCN. A value greater than 0 indicates the index number of the
*** MONTH-DATA block to be used to supply atmospheric deposition data.
*** _PNAME IQADFG(6)"
IMPLND,IQL-AD-FLAGS,IQADFG7,int,32,35,,0,-1,999,0,-1,999,,"*** Value of 0 indicates that atmospheric deposition flux of quality
*** constituent #4 is either absent or is supplied as a direct time series
*** as IQADFX. A value greater than 0 indicates the index number of the
*** MONTH-DATA block to be used to supply atmospheric deposition data.
*** _PNAME IQADFG(7)"
IMPLND,IQL-AD-FLAGS,IQADFG8,int,35,38,,0,-1,999,0,-1,999,,"*** Value of 0 indicates that concentration of quality constituent #4 in
*** precipitation is either absent or is supplied as a direct time series as
*** IQADCN. A value greater than 0 indicates the index number of the
*** MONTH-DATA block to be used to supply atmospheric deposition data.
*** _PNAME IQADFG(8)"
IMPLND,IQL-AD-FLAGS,IQADFG9,int,39,42,,0,-1,999,0,-1,999,,"*** Value of 0 indicates that atmospheric deposition flux of quality
*** constituent #5 is either absent or is supplied as a direct time series
*** as IQADFX. A value greater than 0 indicates the index number of the
*** MONTH-DATA block to be used to supply atmospheric deposition data.
*** _PNAME IQADFG(9)"
IMPLND,IQL-AD-FLAGS,IQADFG10,int,42,45,,0,-1,999,0,-1,999,,"*** Value of 0 indicates that concentration of quality constituent #5 in
*** precipitation is either absent or is supplied as a direct time series as
*** IQADCN. A value greater than 0 indicates the index number of the
*** MONTH-DATA block to be used to supply atmospheric deposition data.
*** _PNAME IQADFG(10)"
IMPLND,IQL-AD-FLAGS,IQADFG11,int,46,49,,0,-1,999,0,-1,999,,"*** Value of 0 indicates that atmospheric deposition flux of quality
*** constituent #6 is either absent or is supplied as a direct time series
*** as IQADFX. A value greater than 0 indicates the index number of the
*** MONTH-DATA block to be used to supply atmospheric deposition data.
*** _PNAME IQADFG(11)"
IMPLND,IQL-AD-FLAGS,IQADFG12,int,49,52,,0,-1,999,0,-1,999,,"*** Value of 0 indicates that concentration of quality constituent #6 in
*** precipitation is either absent or is supplied as a direct time series as
*** IQADCN. A value greater than 0 indicates the index number of the
*** MONTH-DATA block to be used to supply atmospheric deposition data.
*** _PNAME IQADFG(12)"
IMPLND,IQL-AD-FLAGS,IQADFG13,int,53,56,,0,-1,999,0,-1,999,,"*** Value of 0 indicates that atmospheric deposition flux of quality
*** constituent #7 is either absent or is supplied as a direct time series
*** as IQADFX. A value greater than 0 indicates the index number of the
*** MONTH-DATA block to be used to supply atmospheric deposition data.
*** _PNAME IQADFG(13)"
IMPLND,IQL-AD-FLAGS,IQADFG14,int,56,59,,0,-1,999,0,-1,999,,"*** Value of 0 indicates that concentration of quality constituent #7 in
*** precipitation is either absent or is supplied as a direct time series as
*** IQADCN. A value greater than 0 indicates the index number of the
*** MONTH-DATA block to be used to supply atmospheric deposition data.
*** _PNAME IQADFG(14)"
IMPLND,IQL-AD-FLAGS,IQADFG15,int,60,63,,0,-1,999,0,-1,999,,"*** Value of 0 indicates that atmospheric deposition flux of quality
*** constituent #8 is either absent or is supplied as a direct time series
*** as IQADFX. A value greater than 0 indicates the index number of the
*** MONTH-DATA block to be used to supply atmospheric deposition data.
*** _PNAME IQADFG(15)"
IMPLND,IQL-AD-FLAGS,IQADFG16,int,63,66,,0,-1,999,0,-1,999,,"*** Value of 0 indicates that concentration of quality constituent #8 in
*** precipitation is either absent or is supplied as a direct time series as
*** IQADCN. A value greater than 0 indicates the index number of the
*** MONTH-DATA block to be used to supply atmospheric deposition data.
*** _PNAME IQADFG(16)"
IMPLND,IQL-AD-FLAGS,IQADFG17,int,67,70,,0,-1,999,0,-1,999,,"*** Value of 0 indicates that atmospheric deposition flux of quality
*** constituent #9 is either absent or is supplied as a direct time series
*** as IQADFX. A value greater than 0 indicates the index number of the
*** MONTH-DATA block to be used to supply atmospheric deposition data.
*** _PNAME IQADFG(17)"
IMPLND,IQL-AD-FLAGS,IQADFG18,int,70,73,,0,-1,999,0,-1,999,,"*** Value of 0 indicates that concentration of quality constituent #9 in
*** precipitation is either absent or is supplied as a direct time series as
*** IQADCN. A value greater than 0 indicates the index number of the
*** MONTH-DATA block to be used to supply atmospheric deposition data.
*** _PNAME IQADFG(18)"
IMPLND,IQL-AD-FLAGS,IQADFG19,int,74,77,,0,-1,999,0,-1,999,,"*** Value of 0 indicates that atmospheric deposition flux of quality
*** constituent #10 is either absent or is supplied as a direct time series
*** as IQADFX. A value greater than 0 indicates the index number of the
*** MONTH-DATA block to be used to supply atmospheric deposition data.
*** _PNAME IQADFG(19)"
IMPLND,IQL-AD-FLAGS,IQADFG20,int,77,80,,0,-1,999,0,-1,999,,"*** Value of 0 indicates that concentration of quality constituent #10 in
*** precipitation is either absent or is supplied as a direct time series as
*** IQADCN. A value greater than 0 indicates the index number of the
*** MONTH-DATA block to be used to supply atmospheric deposition data.
*** _PNAME IQADFG(20)"
IMPLND,IWAT-PARM1,OPNID,int,0,5,,,,,,,,,*** ILS to which these data apply.
IMPLND,IWAT-PARM1,OPNIDLAST,int,5,10,,,,,,,,,*** ILS to which these data apply.
IMPLND,IWAT-PARM1,CSNOFG,int,10,15,,0,0,1,0,0,1,,"*** If CSNOFG is 1, section IWATER assumes that snow accumulation and melt
*** is being considered. It will, therefore, expect that the time series
*** produced by section SNOW are available, either internally (produced in
*** this RUN) or from external sources (produced in a previous RUN). If
*** CSNOFG is 0, no such time series are expected. See the functional
*** description for further information."
IMPLND,IWAT-PARM1,RTOPFG,int,15,20,,0,0,1,0,0,1,,"*** If RTOPFG is 1, routing of overland flow is done in exactly the same way
*** as in NPS. A value of 0 results in a new algorithm being used."
IMPLND,IWAT-PARM1,VRSFG,int,20,25,,0,0,1,0,0,1,,"*** VRSFG: value of 1 means vary retention storage capacity monthly; 0 means
*** use annual value."
IMPLND,IWAT-PARM1,VNNFG,int,25,30,,0,0,1,0,0,1,,"*** VNNFG: value of 1 means vary Manning's n for the overland flow plane
*** monthly; 0 means use annual value."
IMPLND,IWAT-PARM1,RTLIFG,int,30,35,,0,0,1,0,0,1,,"*** If RTLIFG is 1, any lateral surface inflow to the ILS will be subject to
*** retention storage; if it is 0, it will not."
IMPLND,IWAT-PARM2,OPNID,int,0,5,,,,,,,,,*** ILS to which these data apply.
IMPLND,IWAT-PARM2,OPNIDLAST,int,5,10,,,,,,,,,*** ILS to which these data apply.
IMPLND,IWAT-PARM2,LSUR,float,10,20,,,0.3,,,1,,,*** LSUR is the length of the assumed overland flow plane.
IMPLND,IWAT-PARM2,SLSUR,float,20,30,,,0.000001,10,,0.000001,10,,*** SLSUR is the slope of the assumed overland flow plane.
IMPLND,IWAT-PARM2,NSUR,float,30,40,,0.1,0.001,1,0.1,0.001,1,,*** NSUR is Manning's n for the overland flow plane.
IMPLND,IWAT-PARM2,RETSC,float,40,50,,0,0,250,0,0,10,,*** RETSC is the retention (interception) storage capacity of the surface.
IMPLND,IWAT-PARM3,OPNID,int,0,5,,,,,,,,,*** ILS to which these data apply.
IMPLND,IWAT-PARM3,OPNIDLAST,int,5,10,,,,,,,,,*** ILS to which these data apply.
IMPLND,IWAT-PARM3,PETMAX,float,10,20,,4.4,,,40,,,,"*** PETMAX is the air temperature below which E-T will arbitrarily be
*** reduced below the value obtained from the input time series."
IMPLND,IWAT-PARM3,PETMIN,float,20,30,,1.7,,,35,,,,"*** PETMIN is the temperature below which E-T will be zero regardless of the
*** value in the input time series."
IMPLND,IWAT-STATE1,OPNID,int,0,5,,,,,,,,,*** ILS to which these data apply.
IMPLND,IWAT-STATE1,OPNIDLAST,int,5,10,,,,,,,,,*** ILS to which these data apply.
IMPLND,IWAT-STATE1,RETS,float,10,20,,0.25,0.25,2500,0.001,0.001,100,,*** RETS is the initial retention storage.
IMPLND,IWAT-STATE1,SURS,float,20,30,,0.25,0.25,2500,0.001,0.001,100,,*** SURS is the initial surface (overland flow) storage.
IMPLND,IWT-INIT,OPNID,int,0,5,,,,,,,,,*** ILS to which these data apply.
IMPLND,IWT-INIT,OPNIDLAST,int,5,10,,,,,,,,,*** ILS to which these data apply.
IMPLND,IWT-INIT,SOTMP,float,10,20,,16,0.01,38,60,32,100,,*** SOTMP is initial surface outflow temperature.
IMPLND,IWT-INIT,SODOX,float,20,30,,0,0,20,0,0,20,,*** SODOX is initial DO concentration in surface outflow.
IMPLND,IWT-INIT,SOCO2,float,30,40,,0,0,1,0,0,1,,*** SOCO2 is initial CO2 concentration in surface outflow.
IMPLND,IWT-PARM1,OPNID,int,0,5,,,,,,,,,*** ILS to which these data apply.
IMPLND,IWT-PARM1,OPNIDLAST,int,5,10,,,,,,,,,*** ILS to which these data apply.
IMPLND,IWT-PARM1,WTFVFG,int,10,15,,0,0,1,0,0,1,,"*** WTFVFG: value of 1 means to vary the water temperature regression
*** parameters (AWTF and BWTF) monthly; 0 means use annual values."
IMPLND,IWT-PARM1,CSNOFG,int,15,20,,0,0,1,0,0,1,,"*** If CSNOFG=1, the effects of snow accumulation and melt are being
*** considered; if it is zero, they are not. If section IWATER is active the
*** value of CSNOFG supplied here is ignored because it was first supplied
*** in the input for that section."
IMPLND,IWT-PARM2,OPNID,int,0,5,,,,,,,,,*** ILS to which these data apply.
IMPLND,IWT-PARM2,OPNIDLAST,int,5,10,,,,,,,,,*** ILS to which these data apply.
IMPLND,IWT-PARM2,ELEV,float,10,20,,0,-300,9100,0,-1000,30000,,"*** ELEV is the elevation of the ILS above sea level (used to adjust
*** saturation concentrations of dissolved gases in surface outflow)."
IMPLND,IWT-PARM2,AWTF,float,20,30,,0,-18,38,32,0,100,,"*** AWTF is the surface water temperature, when the air teperature is 32
*** degrees F (0 degrees C). It is the intercept of the surface water
*** temperature regression equation."
IMPLND,IWT-PARM2,BWTF,float,30,40,,1,0.001,2,1,0.001,2,,*** BWTF is the slope of the surface water temperature regression equation.
IMPLND,LAT-FACTOR,OPNID,int,0,5,,,,,,,,,*** ILSs to which these data apply.
IMPLND,LAT-FACTOR,OPNIDLAST,int,5,10,,,,,,,,,*** ILSs to which these data apply.
IMPLND,LAT-FACTOR,SDLFAC,float,10,20,,0,0,1,0,0,1,,"*** SDLFAC is the weighting factor which accounts for the influence of
*** lateral inflow on the outflow concentration for sediment-associated
*** constituents which do not maintain a mass balance (QUALSD)"
IMPLND,LAT-FACTOR,SLIFAC,float,20,30,,0,0,1,0,0,1,,"*** SLIFAC is the weighting factor which accounts for the influence of
*** lateral inflow on the surface outflow concentration for constituents
*** which do not maintain a mass balance (temp, DO, CO2)"
IMPLND,MON-ACCUM,OPNID,int,0,5,,,,,,,,,*** ILS to which these data apply.
IMPLND,MON-ACCUM,OPNIDLAST,int,5,10,,,,,,,,,*** ILS to which these data apply.
IMPLND,MON-ACCUM,ACQO1,float,10,15,,0,0,,0,0,,,*** ACQO1 is the accumulation rate of QUALOF at the start of January
IMPLND,MON-ACCUM,ACQO2,float,15,20,,0,0,,0,0,,,
IMPLND,MON-ACCUM,ACQO3,float,20,25,,0,0,,0,0,,,
IMPLND,MON-ACCUM,ACQO4,float,25,30,,0,0,,0,0,,,
IMPLND,MON-ACCUM,ACQO5,float,30,35,,0,0,,0,0,,,
IMPLND,MON-ACCUM,ACQO6,float,35,40,,0,0,,0,0,,,
IMPLND,MON-ACCUM,ACQO7,float,40,45,,0,0,,0,0,,,
IMPLND,MON-ACCUM,ACQO8,float,45,50,,0,0,,0,0,,,
IMPLND,MON-ACCUM,ACQO9,float,50,55,,0,0,,0,0,,,
IMPLND,MON-ACCUM,ACQO10,float,55,60,,0,0,,0,0,,,
IMPLND,MON-ACCUM,ACQO11,float,60,65,,0,0,,0,0,,,
IMPLND,MON-ACCUM,ACQO12,float,65,70,,0,0,,0,0,,,
IMPLND,MON-AWTF,OPNID,int,0,5,,,,,,,,,*** ILS to which these data apply.
IMPLND,MON-AWTF,OPNIDLAST,int,5,10,,,,,,,,,*** ILS to which these data apply.
IMPLND,MON-AWTF,AWTF1,float,10,15,,0,-18,38,32,0,100,,"*** AWTF1 is the intercept of surface water temperature regression equation
*** at the start of January."
IMPLND,MON-AWTF,AWTF2,float,15,20,,0,-18,38,32,0,100,,
IMPLND,MON-AWTF,AWTF3,float,20,25,,0,-18,38,32,0,100,,
IMPLND,MON-AWTF,AWTF4,float,25,30,,0,-18,38,32,0,100,,
IMPLND,MON-AWTF,AWTF5,float,30,35,,0,-18,38,32,0,100,,
IMPLND,MON-AWTF,AWTF6,float,35,40,,0,-18,38,32,0,100,,
IMPLND,MON-AWTF,AWTF7,float,40,45,,0,-18,38,32,0,100,,
IMPLND,MON-AWTF,AWTF8,float,45,50,,0,-18,38,32,0,100,,
IMPLND,MON-AWTF,AWTF9,float,50,55,,0,-18,38,32,0,100,,
IMPLND,MON-AWTF,AWTF10,float,55,60,,0,-18,38,32,0,100,,
IMPLND,MON-AWTF,AWTF11,float,60,65,,0,-18,38,32,0,100,,
IMPLND,MON-AWTF,AWTF12,float,65,70,,0,-18,38,32,0,100,,
IMPLND,MON-BWTF,OPNID,int,0,5,,,,,,,,,*** ILS to which these data apply.
IMPLND,MON-BWTF,OPNIDLAST,int,5,10,,,,,,,,,*** ILS to which these data apply.
IMPLND,MON-BWTF,BWTF1,float,10,15,,1,0.001,2,1,0.001,2,,"*** BWTF1 is the slope of surface water temperature regression equation at
*** the start of January."
IMPLND,MON-BWTF,BWTF2,float,15,20,,1,0.001,2,1,0.001,2,,
IMPLND,MON-BWTF,BWTF3,float,20,25,,1,0.001,2,1,0.001,2,,
IMPLND,MON-BWTF,BWTF4,float,25,30,,1,0.001,2,1,0.001,2,,
IMPLND,MON-BWTF,BWTF5,float,30,35,,1,0.001,2,1,0.001,2,,
IMPLND,MON-BWTF,BWTF6,float,35,40,,1,0.001,2,1,0.001,2,,
IMPLND,MON-BWTF,BWTF7,float,40,45,,1,0.001,2,1,0.001,2,,
IMPLND,MON-BWTF,BWTF8,float,45,50,,1,0.001,2,1,0.001,2,,
IMPLND,MON-BWTF,BWTF9,float,50,55,,1,0.001,2,1,0.001,2,,
IMPLND,MON-BWTF,BWTF10,float,55,60,,1,0.001,2,1,0.001,2,,
IMPLND,MON-BWTF,BWTF11,float,60,65,,1,0.001,2,1,0.001,2,,
IMPLND,MON-BWTF,BWTF12,float,65,70,,1,0.001,2,1,0.001,2,,
IMPLND,MON-MANNING,OPNID,int,0,5,,,,,,,,,*** ILS to which these data apply.
IMPLND,MON-MANNING,OPNIDLAST,int,5,10,,,,,,,,,*** ILS to which these data apply.
IMPLND,MON-MANNING,NSUR1,float,10,15,,0.1,0.001,1,0.1,0.001,1,,*** NSUR1 is the Manning's n value in January.
IMPLND,MON-MANNING,NSUR2,float,15,20,,0.1,0.001,1,0.1,0.001,1,,
IMPLND,MON-MANNING,NSUR3,float,20,25,,0.1,0.001,1,0.1,0.001,1,,
IMPLND,MON-MANNING,NSUR4,float,25,30,,0.1,0.001,1,0.1,0.001,1,,
IMPLND,MON-MANNING,NSUR5,float,30,35,,0.1,0.001,1,0.1,0.001,1,,
IMPLND,MON-MANNING,NSUR6,float,35,40,,0.1,0.001,1,0.1,0.001,1,,
IMPLND,MON-MANNING,NSUR7,float,40,45,,0.1,0.001,1,0.1,0.001,1,,
IMPLND,MON-MANNING,NSUR8,float,45,50,,0.1,0.001,1,0.1,0.001,1,,
IMPLND,MON-MANNING,NSUR9,float,50,55,,0.1,0.001,1,0.1,0.001,1,,
IMPLND,MON-MANNING,NSUR10,float,55,60,,0.1,0.001,1,0.1,0.001,1,,
IMPLND,MON-MANNING,NSUR11,float,60,65,,0.1,0.001,1,0.1,0.001,1,,
IMPLND,MON-MANNING,NSUR12,float,65,70,,0.1,0.001,1,0.1,0.001,1,,
IMPLND,MON-MELT-FAC,OPNID,int,0,5,,,,,,,,,*** ILSs to which these data apply.
IMPLND,MON-MELT-FAC,OPNIDLAST,int,5,10,,,,,,,,,*** ILSs to which these data apply.
IMPLND,MON-MELT-FAC,JAN,float,10,15,,0,0,,0,0,,,*** KMJAN is the degree-day snowmelt factor at the start of January
IMPLND,MON-MELT-FAC,FEB,float,15,20,,0,0,,0,0,,,
IMPLND,MON-MELT-FAC,MAR,float,20,25,,0,0,,0,0,,,
IMPLND,MON-MELT-FAC,APR,float,25,30,,0,0,,0,0,,,
IMPLND,MON-MELT-FAC,MAY,float,30,35,,0,0,,0,0,,,
IMPLND,MON-MELT-FAC,JUN,float,35,40,,0,0,,0,0,,,
IMPLND,MON-MELT-FAC,JUL,float,40,45,,0,0,,0,0,,,
IMPLND,MON-MELT-FAC,AUG,float,45,50,,0,0,,0,0,,,
IMPLND,MON-MELT-FAC,SEP,float,50,55,,0,0,,0,0,,,
IMPLND,MON-MELT-FAC,OCT,float,55,60,,0,0,,0,0,,,
IMPLND,MON-MELT-FAC,NOV,float,60,65,,0,0,,0,0,,,
IMPLND,MON-MELT-FAC,DEC,float,65,70,,0,0,,0,0,,,
IMPLND,MON-POTFW,OPNID,int,0,5,,,,,,,,,*** ILS to which these data apply.
IMPLND,MON-POTFW,OPNIDLAST,int,5,10,,,,,,,,,*** ILS to which these data apply.
IMPLND,MON-POTFW,POTF1,float,10,15,,0,0,,0,0,,,*** POTF1 is the washoff potency factor at the start of January.
IMPLND,MON-POTFW,POTF2,float,15,20,,0,0,,0,0,,,
IMPLND,MON-POTFW,POTF3,float,20,25,,0,0,,0,0,,,
IMPLND,MON-POTFW,POTF4,float,25,30,,0,0,,0,0,,,
IMPLND,MON-POTFW,POTF5,float,30,35,,0,0,,0,0,,,
IMPLND,MON-POTFW,POTF6,float,35,40,,0,0,,0,0,,,
IMPLND,MON-POTFW,POTF7,float,40,45,,0,0,,0,0,,,
IMPLND,MON-POTFW,POTF8,float,45,50,,0,0,,0,0,,,
IMPLND,MON-POTFW,POTF9,float,50,55,,0,0,,0,0,,,
IMPLND,MON-POTFW,POTF10,float,55,60,,0,0,,0,0,,,
IMPLND,MON-POTFW,POTF11,float,60,65,,0,0,,0,0,,,
IMPLND,MON-POTFW,POTF12,float,65,70,,0,0,,0,0,,,
IMPLND,MON-REMOV,OPNID,int,0,5,,,,,,,,,*** ILS to which these data apply.
IMPLND,MON-REMOV,OPNIDLAST,int,5,10,,,,,,,,,*** ILS to which these data apply.
IMPLND,MON-REMOV,REMS1,float,10,15,,0,0,1,0,0,1,,*** REMS1 is the solids removal rate in January.
IMPLND,MON-REMOV,REMS2,float,15,20,,0,0,1,0,0,1,,
IMPLND,MON-REMOV,REMS3,float,20,25,,0,0,1,0,0,1,,
IMPLND,MON-REMOV,REMS4,float,25,30,,0,0,1,0,0,1,,
IMPLND,MON-REMOV,REMS5,float,30,35,,0,0,1,0,0,1,,
IMPLND,MON-REMOV,REMS6,float,35,40,,0,0,1,0,0,1,,
IMPLND,MON-REMOV,REMS7,float,40,45,,0,0,1,0,0,1,,
IMPLND,MON-REMOV,REMS8,float,45,50,,0,0,1,0,0,1,,
IMPLND,MON-REMOV,REMS9,float,50,55,,0,0,1,0,0,1,,
IMPLND,MON-REMOV,REMS10,float,55,60,,0,0,1,0,0,1,,
IMPLND,MON-REMOV,REMS11,float,60,65,,0,0,1,0,0,1,,
IMPLND,MON-REMOV,REMS12,float,65,70,,0,0,1,0,0,1,,
IMPLND,MON-RETN,OPNID,int,0,5,,,,,,,,,*** ILS to which these data apply.
IMPLND,MON-RETN,OPNIDLAST,int,5,10,,,,,,,,,*** ILS to which these data apply.
IMPLND,MON-RETN,RETS1,float,10,15,,0,0,250,0,0,10,,*** RETS1 is the retention storage capacity in January.
IMPLND,MON-RETN,RETS2,float,15,20,,0,0,250,0,0,10,,
IMPLND,MON-RETN,RETS3,float,20,25,,0,0,250,0,0,10,,
IMPLND,MON-RETN,RETS4,float,25,30,,0,0,250,0,0,10,,
IMPLND,MON-RETN,RETS5,float,30,35,,0,0,250,0,0,10,,
IMPLND,MON-RETN,RETS6,float,35,40,,0,0,250,0,0,10,,
IMPLND,MON-RETN,RETS7,float,40,45,,0,0,250,0,0,10,,
IMPLND,MON-RETN,RETS8,float,45,50,,0,0,250,0,0,10,,
IMPLND,MON-RETN,RETS9,float,50,55,,0,0,250,0,0,10,,
IMPLND,MON-RETN,RETS10,float,55,60,,0,0,250,0,0,10,,
IMPLND,MON-RETN,RETS11,float,60,65,,0,0,250,0,0,10,,
IMPLND,MON-RETN,RETS12,float,65,70,,0,0,250,0,0,10,,
IMPLND,MON-SACCUM,OPNID,int,0,5,,,,,,,,,*** ILS to which these data apply.
IMPLND,MON-SACCUM,OPNIDLAST,int,5,10,,,,,,,,,*** ILS to which these data apply.
IMPLND,MON-SACCUM,ACCS1,float,10,15,,0,0,,0,0,,,*** ACCS1 is the solids accumulation rate in January.
IMPLND,MON-SACCUM,AACS2,float,15,20,,0,0,,0,0,,,
IMPLND,MON-SACCUM,ACCS3,float,20,25,,0,0,,0,0,,,
IMPLND,MON-SACCUM,ACCS4,float,25,30,,0,0,,0,0,,,
IMPLND,MON-SACCUM,ACCS5,float,30,35,,0,0,,0,0,,,
IMPLND,MON-SACCUM,ACCS6,float,35,40,,0,0,,0,0,,,
IMPLND,MON-SACCUM,ACCS7,float,40,45,,0,0,,0,0,,,
IMPLND,MON-SACCUM,ACCS8,float,45,50,,0,0,,0,0,,,
IMPLND,MON-SACCUM,ACCS9,float,50,55,,0,0,,0,0,,,
IMPLND,MON-SACCUM,ACCS10,float,55,60,,0,0,,0,0,,,
IMPLND,MON-SACCUM,ACCS11,float,60,65,,0,0,,0,0,,,
IMPLND,MON-SACCUM,ACCS12,float,65,70,,0,0,,0,0,,,
IMPLND,MON-SQOLIM,OPNID,int,0,5,,,,,,,,,*** ILS to which these data apply.
IMPLND,MON-SQOLIM,OPNIDLAST,int,5,10,,,,,,,,,*** ILS to which these data apply.
IMPLND,MON-SQOLIM,SQOL1,float,10,15,,0.000002,0.000002,,0.000001,0.000001,,,*** SQOL1 is the limiting storage of QUALOF at the start of January.
IMPLND,MON-SQOLIM,SQOL2,float,15,20,,0.000002,0.000002,,0.000001,0.000001,,,
IMPLND,MON-SQOLIM,SQOL3,float,20,25,,0.000002,0.000002,,0.000001,0.000001,,,
IMPLND,MON-SQOLIM,SQOL4,float,25,30,,0.000002,0.000002,,0.000001,0.000001,,,
IMPLND,MON-SQOLIM,SQOL5,float,30,35,,0.000002,0.000002,,0.000001,0.000001,,,
IMPLND,MON-SQOLIM,SQOL6,float,35,40,,0.000002,0.000002,,0.000001,0.000001,,,
IMPLND,MON-SQOLIM,SQOL7,float,40,45,,0.000002,0.000002,,0.000001,0.000001,,,
IMPLND,MON-SQOLIM,SQOL8,float,45,50,,0.000002,0.000002,,0.000001,0.000001,,,
IMPLND,MON-SQOLIM,SQOL9,float,50,55,,0.000002,0.000002,,0.000001,0.000001,,,
IMPLND,MON-SQOLIM,SQOL10,float,55,60,,0.000002,0.000002,,0.000001,0.000001,,,
IMPLND,MON-SQOLIM,SQOL11,float,60,65,,0.000002,0.000002,,0.000001,0.000001,,,
IMPLND,MON-SQOLIM,SQOL12,float,65,70,,0.000002,0.000002,,0.000001,0.000001,,,
IMPLND,NQUALS,OPNID,int,0,5,,,,,,,,,*** ILS to which these data apply.
IMPLND,NQUALS,OPNIDLAST,int,5,10,,,,,,,,,*** ILS to which these data apply.
IMPLND,NQUALS,NQUAL,int,10,15,,1,1,10,1,1,10,,*** NQUAL is the total number of quality constituents being simulated.
IMPLND,PRINT-INFO,OPNID,int,0,5,,,,,,,,,*** ILS to which these data apply.
IMPLND,PRINT-INFO,OPNIDLAST,int,5,10,,,,,,,,,*** ILS to which these data apply.
IMPLND,PRINT-INFO,ATMPPR,int,10,15,,4,2,6,4,2,6,,*** Printout level for section ATMP.
IMPLND,PRINT-INFO,SNOWPR,int,15,20,,4,2,6,4,2,6,,*** Printout level for section SNOW.
IMPLND,PRINT-INFO,IWATPR,int,20,25,,4,2,6,4,2,6,,*** Printout level for section IWAT.
IMPLND,PRINT-INFO,SLDPR,int,25,30,,4,2,6,4,2,6,,*** Printout level for section SLD.
IMPLND,PRINT-INFO,IWGPR,int,30,35,,4,2,6,4,2,6,,*** Printout level for section IWG.
IMPLND,PRINT-INFO,IQALPR,int,35,40,,4,2,6,4,2,6,,*** Printout level for section IQAL.
IMPLND,PRINT-INFO,PIVL,int,40,45,,1,1,1440,1,1,1440,,"*** A value need only be supplied for PIVL if one or more sections have a
*** printout level of 2. For those sections, printout will occur every PIVL
*** intervals (that is, every PDELT=PIVL*DELT mins). PIVL must be chosen
*** such that there are an integer no. of PDELT periods in a day."
IMPLND,PRINT-INFO,PYREND,int,45,50,,9,1,12,9,1,12,,"*** PYREND is the calendar month which will terminate the year for printout
*** purposes. Thus, the annual summary can reflect the situation over the
*** past water year or the past calendar year, etc."
IMPLND,QUAL-INPUT,OPNID,int,0,5,,,,,,,,,*** ILS to which these data apply.
IMPLND,QUAL-INPUT,OPNIDLAST,int,5,10,,,,,,,,,*** ILS to which these data apply.
IMPLND,QUAL-INPUT,SQO,float,10,18,,0,0,,0,0,,,*** SQO is the initial storage of QUALOF on the surface of the ILS.
IMPLND,QUAL-INPUT,POTFW,float,18,26,,0,0,,0,0,,,"*** POTFW is the washoff potency factor for a QUALSD. A potency factor is
*** the ratio of constituent yield to sediment outflow."
IMPLND,QUAL-INPUT,ACQOP,float,26,34,,0,0,,0,0,,,*** ACQOP is the rate of accumulation of QUALOF.
IMPLND,QUAL-INPUT,SQOLIM,float,34,42,,0.000001,0.000001,,0.000001,0.000001,,,*** SQOLIM is the maximum storage of QUALOF.
IMPLND,QUAL-INPUT,WSQOP,float,42,50,,1.64,0.25,,1.64,0.25,,,"*** WSQOP is the rate of surface runoff which will remove 90 percent of
*** stored QUALOF per hour."
IMPLND,QUAL-PROPS,OPNID,int,0,5,,,,,,,,,*** ILS to which these data apply.
IMPLND,QUAL-PROPS,OPNIDLAST,int,5,10,,,,,,,,,*** ILS to which these data apply.
IMPLND,QUAL-PROPS,QUALID,string,10,22,,,,,,,,,"*** QUALID is a string of up to 10 characters which identifies the quality
*** constituent."
IMPLND,QUAL-PROPS,QTYID,string,26,30,,,,,,,,,"*** QTYID is a string of up to 4 characters which identifies the units
*** associated with this constituent (e. g., kg,(for coliforms)). These are
*** the units refered to as ""qty"" in subsequent tables (eg. Table-type
*** QUAL-INPUT)."
IMPLND,QUAL-PROPS,QSDFG,int,30,35,,0,0,1,0,0,1,,"*** If QSDFG is 1, this constituent is a QUALSD (sediment associated)."
IMPLND,QUAL-PROPS,VPFWFG,int,35,40,,0,0,1,0,0,1,,"*** If VPFWFG is 1, the washoff potency factor may vary monthly."
IMPLND,QUAL-PROPS,QSOFG,int,40,45,,0,0,1,0,0,1,,"*** If QSOFG is non-zero, this constituent is a QUALOF (directly associated
*** with overland flow). If 1, then accumulation and removal are performed
*** daily, and the removal rate is dependent only on the accumulation and
*** storage limit parameters (ACQOP and SQOLIM). If 2, accumulation and
*** removel are performed every interval, and the removal rate also takes
*** into account atmospheric deposition plus lateral inflows. If -1, then
*** the outflow concentration is specified in ACQOP rather than the
*** accumulation rate, and buildup and washoff processes are not simulated."
IMPLND,QUAL-PROPS,VQOFG,int,45,50,,0,0,1,0,0,1,,"*** If VQOFG is 1 then rate of accumulation and the limiting storage of
*** QUALOF may vary monthly."
IMPLND,SLD-PARM1,OPNID,int,0,5,,,,,,,,,*** ILS to which these data apply.
IMPLND,SLD-PARM1,OPNIDLAST,int,5,10,,,,,,,,,*** ILS to which these data apply.
IMPLND,SLD-PARM1,VASDFG,int,10,15,,0,0,1,0,0,1,,"*** VASDFG: value of 1 means vary the accumulation rate of solids monthly; 0
*** means use annual value."
IMPLND,SLD-PARM1,VRSDFG,int,15,20,,0,0,1,0,0,1,,"*** VRSDFG: value of 1 means vary the unit removal rate of solids monthly; 0
*** means use annual value."
IMPLND,SLD-PARM1,SDOPFG,int,20,25,,0,0,1,0,0,1,,"*** If SDOPFG is 1, removal of sediment from the land surface will be
*** simulated with the algorithm used in the NPS model. If it is 0, the new
*** algorithm will be used."
IMPLND,SLD-PARM2,OPNID,int,0,5,,,,,,,,,*** ILS to which these data apply.
IMPLND,SLD-PARM2,OPNIDLAST,int,5,10,,,,,,,,,*** ILS to which these data apply.
IMPLND,SLD-PARM2,KEIM,float,10,20,,0,0,,0,0,,,*** KEIM is the coefficient in the solids washoff equation.
IMPLND,SLD-PARM2,JEIM,float,20,30,,,,,,,,,*** JEIM is the exponent in the solids washoff equation.
IMPLND,SLD-PARM2,ACCSDP,float,30,40,,0,0,,0,0,,,"*** ACCSDP is the rate at which solids are placed on the land surface. If
*** monthly values are being supplied, value supplied in this table is not
*** relevant."
IMPLND,SLD-PARM2,REMSDP,float,40,50,,0,0,1,0,0,1,,"*** REMSDP is the fraction of solids storage which is removed each day. If
*** monthly values are being supplied, value supplied in this table is not
*** relevant."
IMPLND,SLD-STOR,OPNID,int,0,5,,,,,,,,,*** ILS to which these data apply.
IMPLND,SLD-STOR,OPNIDLAST,int,5,10,,,,,,,,,*** ILS to which these data apply.
IMPLND,SLD-STOR,SLDS,float,10,20,,0,0,,0,0,,,*** SLDS is the initial storage of solids.
IMPLND,SNOW-FLAGS,OPNID,int,0,5,,,,,,,,,*** ILSs to which these data apply.
IMPLND,SNOW-FLAGS,OPNIDLAST,int,5,10,,,,,,,,,*** ILSs to which these data apply.
IMPLND,SNOW-FLAGS,SNOPFG,int,10,15,,0,0,1,0,0,1,,"*** A value of 0 means that the atmospheric heat exchange portion of
*** snowmelt will be based on the energy balance; 1 means it will be based
*** on a degree-day factor."
IMPLND,SNOW-FLAGS,VKMFG,int,15,20,,0,0,1,0,0,1,,"*** VKMFG:value of 1 means vary degree-day factor monthly; 0 means use
*** annual value."
IMPLND,SNOW-INIT1,OPNID,int,0,5,,,,,,,,,*** ILS to which these data apply.
IMPLND,SNOW-INIT1,OPNIDLAST,int,5,10,,,,,,,,,*** ILS to which these data apply.
IMPLND,SNOW-INIT1,PACKF,float,10,20,,0,0,,0,0,,,*** Pack-snow is the quantity of snow in the pack (water equivalent).
IMPLND,SNOW-INIT1,PACKI,float,20,30,,0,0,,0,0,,,*** Pack-ice is the quantity of ice in the pack (water equivalent)
IMPLND,SNOW-INIT1,PACKW,float,30,40,,0,0,,0,0,,,*** Pack-watr is the quantity of liquid water in the pack.
IMPLND,SNOW-INIT1,RDENPF,float,40,50,,0.2,0.01,1,0.2,0.01,1,,"*** RDENPF is the density of the frozen contents (snow+ice) of the pack,
*** relative to water."
IMPLND,SNOW-INIT1,DULL,float,50,60,,400,0,800,400,0,800,,"*** DULL is an index to the dullness of the pack surface, from which albedo
*** is estimated."
IMPLND,SNOW-INIT1,PAKTMP,float,60,70,,0,,0,32,,32,,*** PAKTMP is the mean temperature of the frozen contents of the pack.
IMPLND,SNOW-INIT2,OPNID,int,0,5,,,,,,,,,*** ILS to which these data apply.
IMPLND,SNOW-INIT2,OPNIDLAST,int,5,10,,,,,,,,,*** ILS to which these data apply.
IMPLND,SNOW-INIT2,COVINX,float,10,20,,0.25,0.25,,0.01,0.01,,,"*** COVINX is the current pack (water equivalent) required to obtain
*** complete areal coverage of the ILS. If the pack is less than this
*** amount, areal cover is prorated (PACKF/COVINX)."
IMPLND,SNOW-INIT2,XLNMLT,float,20,30,,0,0,,0,0,,,"*** XLNMLT is the current remaining possible increment to ice storage in the
*** pack (see functional description). This value is only relevant if ice
*** formation is being simulated (ICEFG= 1)."
IMPLND,SNOW-INIT2,SKYCLR,float,30,40,,1,0.15,1,1,0.15,1,,"*** SKYCLR is the fraction of sky which is assumed to be clear at the
*** present time."
IMPLND,SNOW-PARM1,OPNID,int,0,5,,,,,,,,,*** ILSs to which these data apply.
IMPLND,SNOW-PARM1,OPNIDLAST,int,5,10,,,,,,,,,*** ILSs to which these data apply.
IMPLND,SNOW-PARM1,LAT,float,10,20,,40,-90,90,40,-90,90,,"*** LAT is the latitude of the ILS. It is positive for the northern
*** hemisphere, negative for the southern hemisphere."
IMPLND,SNOW-PARM1,MELEV,float,20,30,,0,0,10000,0,0,30000,,*** MELEV is the mean elevation of the ILS.
IMPLND,SNOW-PARM1,SHADE,float,30,40,,0,0,1,0,0,1,,"*** SHADE is the fraction of the ILS which is shaded from solar radiation
*** by, for example, trees."
IMPLND,SNOW-PARM1,SNOWCF,float,40,50,,,1,100,,1,100,,"*** SNOWCF is the factor by which recorded precipitation data will be
*** multiplied if the simulation indicates it is snowfall, to account for
*** poor catch efficiency under snow conditions."
IMPLND,SNOW-PARM1,COVIND,float,50,60,,,0.25,,,0.01,,,"*** COVIND is the maximum pack (water equivalent) at which the entire ILS
*** will be covered with snow (see functional description of SNOW section)."
IMPLND,SNOW-PARM1,KMELT,float,60,70,,0,0,,0,0,,,*** KMELT is the degree-day snowmelt factor when SNOPFG=1
IMPLND,SNOW-PARM1,TBASE,float,70,80,,0,-20,20,32,0,60,,"*** TBASE is the base temperature for the degree-day snowmelt calculation
*** when SNOPFG=1"
IMPLND,SNOW-PARM2,OPNID,int,0,5,,,,,,,,,*** ILS to which these data apply.
IMPLND,SNOW-PARM2,OPNIDLAST,int,5,10,,,,,,,,,*** ILS to which these data apply.
IMPLND,SNOW-PARM2,RDCSN,float,10,20,,0.15,0.01,1,0.15,0.01,1,,"*** RDCSN is the density of cold, new snow relative to water. This value
*** applies to snow falling at air temps <= 0degF. At higher temperatures
*** the density of snow is adjusted."
IMPLND,SNOW-PARM2,TSNOW,float,20,30,,0,-1,5,32,30,40,,"*** TSNOW is the air temperature below which precipitation will be snow,
*** under saturated conditions. Under non-saturated conditions the
*** temperature is adjusted slightly."
IMPLND,SNOW-PARM2,SNOEVP,float,30,40,,0.1,0,1,0.1,0,1,,"*** SNOEVP is a parameter which adapts the snow evaporation (sublimation)
*** equation to field conditions."
IMPLND,SNOW-PARM2,CCFACT,float,40,50,,1,0,10,1,0,10,,"*** CCFACT is a parameter which adapts the snow condensation/convection melt
*** equation to field conditions."
IMPLND,SNOW-PARM2,MWATER,float,50,60,,0.03,0,1,0.03,0,1,,"*** MWATER is the maximum water content of the snow pack, in depth water per
*** depth water equivalent."
IMPLND,SNOW-PARM2,MGMELT,float,60,70,,0.25,0,25,0.01,0,1,,"*** MGMELT is the maximum rate of snowmelt by ground heat, in depth of water
*** equivalent per day. This is the value which applies when the pack
*** temperature is at freezing point."
MASS-LINK,MASS-LINK,SVOL,string,0,6,,,,,,,,"['PERLND', 'IMPLND', 'RCHRES', 'COPY', 'PLTGEN', 'DISPLY', 'DURANL', 'GENER', 'MUTSIN']",*** Operation-type of the source opn.
MASS-LINK,MASS-LINK,SGRPN,string,11,17,,,,,,,,,*** Group to which the source time series belongs.
MASS-LINK,MASS-LINK,SMEMN,string,18,24,,,,,,,,,"*** Source member name. Default: all members. Refer to Time Series Catalogue
*** for more information."
MASS-LINK,MASS-LINK,SMEMSB1,string,24,26,1,,,,,,,,*** Source member name first subscript.
MASS-LINK,MASS-LINK,SMEMSB2,string,26,28,1,,,,,,,,*** Source member name second subscript.
MASS-LINK,MASS-LINK,MFACTOR,float,28,38,,1,,,1,,,,"*** The factor by which data from the source will be multiplied before being
*** added to the target."
MASS-LINK,MASS-LINK,TVOL,string,43,49,,,,,,,,"['PERLND', 'IMPLND', 'RCHRES', 'COPY', 'PLTGEN', 'DISPLY', 'DURANL', 'GENER', 'MUTSIN']",*** Operation-type of the target.
MASS-LINK,MASS-LINK,TGRPN,string,58,64,,,,,,,,,*** Group to which the target time series belongs.
MASS-LINK,MASS-LINK,TMEMN,string,65,71,,,,,,,,,"*** Target member name. Default: all members. Refer to Time Series Catalogue
*** for more information."
MASS-LINK,MASS-LINK,TMEMSB1,string,71,73,1,,,,,,,,*** Target member name first subscript.
MASS-LINK,MASS-LINK,TMEMSB2,string,73,75,1,,,,,,,,*** Target member name second subscript.
MASS-LINK,MASS-LINK,MLNO,string,80,85,,,1,,,1,,,*** Mass link number
MONTH-DATA,MONTH-DATA,MTHVAL1,float,0,6,,,,,,,,,
MONTH-DATA,MONTH-DATA,MTHVAL2,float,6,12,,,,,,,,,
MONTH-DATA,MONTH-DATA,MTHVAL3,float,12,18,,,,,,,,,
MONTH-DATA,MONTH-DATA,MTHVAL4,float,18,24,,,,,,,,,
MONTH-DATA,MONTH-DATA,MTHVAL5,float,24,30,,,,,,,,,
MONTH-DATA,MONTH-DATA,MTHVAL6,float,30,36,,,,,,,,,
MONTH-DATA,MONTH-DATA,MTHVAL7,float,36,42,,,,,,,,,
MONTH-DATA,MONTH-DATA,MTHVAL8,float,42,48,,,,,,,,,
MONTH-DATA,MONTH-DATA,MTHVAL9,float,48,54,,,,,,,,,
MONTH-DATA,MONTH-DATA,MTHVAL10,float,54,60,,,,,,,,,
MONTH-DATA,MONTH-DATA,MTHVAL11,float,60,66,,,,,,,,,
MONTH-DATA,MONTH-DATA,MTHVAL12,float,66,72,,,,,,,,,
MUTSIN,MUTSINFO,OPNID,int,0,5,,,,,,,,,*** MUTSIN operations to which these data apply.
MUTSIN,MUTSINFO,OPNIDLAST,int,5,10,,,,,,,,,*** MUTSIN operations to which these data apply.
MUTSIN,MUTSINFO,MUTFL,int,10,15,,30,30,99,30,30,99,,*** MUTFL is the Fortran unit number of the file being input.
MUTSIN,MUTSINFO,NPT,int,15,20,,0,0,20,0,0,20,,*** NPT is the number of point-valued time series to be input.
MUTSIN,MUTSINFO,NMN,int,20,25,,0,0,20,0,0,20,,*** NMN is the number of mean-valued time series to be input.
MUTSIN,MUTSINFO,NLINES,int,25,30,,25,1,,25,1,,,*** NLINES is the number of lines to skip at the beginning of MUTFL.
MUTSIN,MUTSINFO,MISSFG,int,30,35,,0,0,3,0,0,3,,"*** MISSFG is 0 to stop on missing data, 1 to fill missing data with 0, 2 to
*** fill missing data with -1. 0E30."
NETWORK,,SVOL,string,0,6,,,,,,,,"['PERLND', 'IMPLND', 'RCHRES', 'COPY', 'PLTGEN', 'DISPLY', 'DURANL', 'GENER', 'MUTSIN']",*** Operation-type of the source opn.
NETWORK,,SVOLNO,int,6,10,,,1,,,1,,,*** Source Operation-type No.
NETWORK,,SGRPN,string,11,17,,,,,,,,,*** Group to which the source time series belongs.
NETWORK,,SMEMN,string,18,24,,,,,,,,,"*** Source member name. Default: all members. Refer to Time Series Catalogue
*** for more information."
NETWORK,,SMEMSB1,string,24,26,1,,,,,,,,*** Source member name first subscript.
NETWORK,,SMEMSB2,string,26,28,1,,,,,,,,*** Source member name second subscript.
NETWORK,,MFACTOR,float,28,38,,1,,,1,,,,"*** The factor by which data from the source will be multiplied before being
*** added to the target."
NETWORK,,TRAN,string,38,42,,,,,,,,"['SAME', 'AVER', 'DIV', 'INTP', 'LAST', 'MAX', 'MIN', 'SUM', 'DEF', '']","*** String indicating which transformation function to use in transferring
*** time series from source to target."
NETWORK,,TVOL,string,43,49,,,,,,,,"['PERLND', 'IMPLND', 'RCHRES', 'COPY', 'PLTGEN', 'DISPLY', 'DURANL', 'GENER', 'MUTSIN']",*** Operation-type of the target.
NETWORK,,TOPFST,int,50,54,,,1,,,1,,,*** TOPFST is the first target Operation-type No.
NETWORK,,TOPLST,int,54,58,,,1,,,1,,,*** TOPFST is the first target Operation-type No.
NETWORK,,TGRPN,string,58,64,,,,,,,,,*** Group to which the target time series belongs.
NETWORK,,TMEMN,string,65,71,,,,,,,,,"*** Target member name. Default: all members. Refer to Time Series Catalogue
*** for more information."
NETWORK,,TMEMSB1,string,71,73,1,,,,,,,,*** Target member name first subscript.
NETWORK,,TMEMSB2,string,73,75,1,,,,,,,,*** Target member name second subscript.
OPN SEQUENCE,INGRP,OPERATION,string,6,12,,,,,,,,,
OPN SEQUENCE,INGRP,SEGMENT,string,17,20,,,,,,,,,
OPN SEQUENCE,INGRP,INDELT_minutes,int,80,90,,,1,1440,,1,1440,,
OPN SEQUENCE,,OPERATION,string,6,12,,,,,,,,,
OPN SEQUENCE,,SEGMENT,int,17,20,,,,,,,,,
OPN SEQUENCE,,INDELT_minutes,int,80,90,,,1,1440,,1,1440,,
PERLND,ACTIVITY,OPNID,int,0,5,,,,,,,,,*** PLSs to which these data apply.
PERLND,ACTIVITY,OPNIDLAST,int,5,10,,,,,,,,,*** PLSs to which these data apply.
PERLND,ACTIVITY,ATEMP,int,10,15,,0,0,1,0,0,1,,*** Value of 1 indicates section ATEMP is active _PNAME AIRTFG
PERLND,ACTIVITY,SNOW,int,15,20,,0,0,1,0,0,1,,*** Value of 1 indicates section SNOW is active
PERLND,ACTIVITY,PWATER,int,20,25,,0,0,1,0,0,1,,*** Value of 1 indicates section PWATER is active
PERLND,ACTIVITY,SEDMNT,int,25,30,,0,0,1,0,0,1,,*** Value of 1 indicates section SEDMNT is active
PERLND,ACTIVITY,PSTEMP,int,30,35,,0,0,1,0,0,1,,*** Value of 1 indicates section PSTEMP is active
PERLND,ACTIVITY,PWTGAS,int,35,40,,0,0,1,0,0,1,,*** Value of 1 indicates section PWTGAS is active
PERLND,ACTIVITY,PQUAL,int,40,45,,0,0,1,0,0,1,,*** Value of 1 indicates section PQUAL is active
PERLND,ACTIVITY,MSTLAY,int,45,50,,0,0,1,0,0,1,,*** Value of 1 indicates section MSTLAY is active
PERLND,ACTIVITY,PEST,int,50,55,,0,0,1,0,0,1,,*** Value of 1 indicates section PEST is active
PERLND,ACTIVITY,NITR,int,55,60,,0,0,1,0,0,1,,*** Value of 1 indicates section NITR is active
PERLND,ACTIVITY,PHOS,int,60,65,,0,0,1,0,0,1,,*** Value of 1 indicates section PHOS is active
PERLND,ACTIVITY,TRACER,int,65,70,,0,0,1,0,0,1,,*** Value of 1 indicates section TRACER is active
PERLND,ATEMP-DAT,OPNID,int,0,5,,,,,,,,,*** PLSs to which these data apply.
PERLND,ATEMP-DAT,OPNIDLAST,int,5,10,,,,,,,,,*** PLSs to which these data apply.
PERLND,ATEMP-DAT,ELDAT,float,10,20,,0,,,0,,,,"*** ELDAT is the difference in elevation between the temperature gage and
*** the PLS; it is used to estimate the temperature over the PLS by
*** application of a lapse rate. It is positive if the PLS is higher than
*** the gage, and vice versa."
PERLND,ATEMP-DAT,AIRTMP,float,20,30,,15,-50,60,60,-60,140,,"*** AIRTMP is the air temperature over the PLS at the start of the
*** RUN."
PERLND,BINARY-INFO,OPNID,int,0,5,,,,,,,,,*** PLSs to which these data apply.
PERLND,BINARY-INFO,OPNIDLAST,int,5,10,,,,,,,,,*** PLSs to which these data apply.
PERLND,BINARY-INFO,ATEMP,int,10,15,,4,2,6,4,2,6,,*** Output level for section ATEMP
PERLND,BINARY-INFO,SNOW,int,15,20,,4,2,6,4,2,6,,*** Output level for section SNOW
PERLND,BINARY-INFO,PWATER,int,20,25,,4,2,6,4,2,6,,*** Output level for section PWATER
PERLND,BINARY-INFO,SEDMNT,int,25,30,,4,2,6,4,2,6,,*** Output level for section SEDMNT
PERLND,BINARY-INFO,PSTEMP,int,30,35,,4,2,6,4,2,6,,*** Output level for section PSTEMP
PERLND,BINARY-INFO,PWTGAS,int,35,40,,4,2,6,4,2,6,,*** Output level for section PWTGAS
PERLND,BINARY-INFO,PQUAL,int,40,45,,4,2,6,4,2,6,,*** Output level for section PQUAL
PERLND,BINARY-INFO,MSTLAY,int,45,50,,4,2,6,4,2,6,,*** Output level for section MSTLAY
PERLND,BINARY-INFO,PEST,int,50,55,,4,2,6,4,2,6,,*** Output level for section PEST
PERLND,BINARY-INFO,NITR,int,55,60,,4,2,6,4,2,6,,*** Output level for section NITR
PERLND,BINARY-INFO,PHOS,int,60,65,,4,2,6,4,2,6,,*** Output level for section PHOS
PERLND,BINARY-INFO,TRACER,int,65,70,,4,2,6,4,2,6,,*** Output level for section TRACER
PERLND,BINARY-INFO,PIVL,int,70,75,,1,1,1440,1,1,1440,,"*** A value need only be supplied for PIVL if one or more sections have an
*** output level of 2. For those sections, output will occur every PIVL
*** intervals (that is, every PDELT=PIVL*DELT mins). PIVL must be chosen
*** such that there are an integer no. of PDELT periods in a day."
PERLND,BINARY-INFO,PYREND,int,75,80,,9,1,12,9,1,12,,"*** PYREND is the calendar month which will terminate the year for output
*** purposes. Thus, the annual summary can reflect the situation over the
*** past water year or the past calendar year, etc."
PERLND,CROP-DATES,OPNID,int,0,5,,,,,,,,,*** PLSs to which these data apply.
PERLND,CROP-DATES,OPNIDLAST,int,5,10,,,,,,,,,*** PLSs to which these data apply.
PERLND,CROP-DATES,NCRP,int,10,15,,1,1,3,1,1,3,,"*** NCRP is the number of crops per year for which planting and harvesting
*** dates are being specified."
PERLND,CROP-DATES,PMON1,int,19,22,,1,1,12,1,1,12,,*** PMON1 is the month of planting for the first crop.
PERLND,CROP-DATES,PDAY1,int,22,25,,1,1,31,1,1,31,,*** PDAY1 is the day of planting for the first crop.
PERLND,CROP-DATES,HMON1,int,27,30,,1,1,12,1,1,12,,*** HMON1 is the month of harvesting for the first crop.
PERLND,CROP-DATES,HDAY1,int,30,33,,1,1,31,1,1,31,,*** HDAY1 is the day of harvesting for the first crop.
PERLND,CROP-DATES,PMON2,int,37,40,,1,1,12,1,1,12,,*** PMON2 is the month of planting for the second crop.
PERLND,CROP-DATES,PDAY2,int,40,43,,1,1,31,1,1,31,,*** PDAY2 is the day of planting for the second crop.
PERLND,CROP-DATES,HMON2,int,45,48,,1,1,12,1,1,12,,*** HMON2 is the month of harvesting for the second crop.
PERLND,CROP-DATES,HDAY2,int,48,51,,1,1,31,1,1,31,,*** HDAY2 is the day of harvesting for the second crop.
PERLND,CROP-DATES,PMON3,int,55,58,,1,1,12,1,1,12,,*** PMON3 is the month of planting for the third crop.
PERLND,CROP-DATES,PDAY3,int,58,61,,1,1,31,1,1,31,,*** PDAY3 is the day of planting for the third crop.
PERLND,CROP-DATES,HMON3,int,63,66,,1,1,12,1,1,12,,*** HMON3 is the month of harvesting for the third crop.
PERLND,CROP-DATES,HDAY3,int,66,69,,1,1,31,1,1,31,,*** HDAY3 is the day of harvesting for the third crop.
PERLND,CROP-SEASPM,OPNID,int,0,5,,,,,,,,,*** PLSs to which these data apply.
PERLND,CROP-SEASPM,OPNIDLAST,int,5,10,,,,,,,,,*** PLSs to which these data apply.
PERLND,CROP-SEASPM,CRAWD1,float,10,20,,0,0,1,0,0,1,,"*** CRAWD1 is the allowable water depletion during the first stage of the
*** crop season."
PERLND,CROP-SEASPM,CRAWD2,float,20,30,,0,0,1,0,0,1,,"*** CRAWD2 is the allowable water depletion during the second stage of the
*** crop season."
PERLND,CROP-SEASPM,CRAWD3,float,30,40,,0,0,1,0,0,1,,"*** CRAWD3 is the allowable water depletion during the third stage of the
*** crop season."
PERLND,CROP-SEASPM,CRAWD4,float,40,50,,0,0,1,0,0,1,,"*** CRAWD4 is the allowable water depletion during the fourth stage of the
*** crop season."
PERLND,CROP-SEASPM,CRRDPI,float,50,60,,0,0,,0,0,,,"*** CRRDPI is the crop root depth during the first stage of the crop
*** season."
PERLND,CROP-SEASPM,CRRDPF,float,60,70,,0,0,,0,0,,,"*** CRRDPF is the crop root depth during the third and fourth stages of the
*** crop season."
PERLND,CROP-STAGES,OPNID,int,0,5,,,,,,,,,*** PLSs to which these data apply.
PERLND,CROP-STAGES,OPNIDLAST,int,5,10,,,,,,,,,*** PLSs to which these data apply.
PERLND,CROP-STAGES,CRPST1,float,10,20,,0,0,1,0,0,1,,"*** CRPST1 is the fraction of the crop season duration for the first stage
*** of the growing season. _PNAME CRPST1"
PERLND,CROP-STAGES,CRPST2,float,20,30,,0,0,1,0,0,1,,"*** CRPST2 is the fraction of the crop season duration for the second stage
*** of the growing season. _PNAME CRPST2"
PERLND,CROP-STAGES,CRPST3,float,30,40,,0,0,1,0,0,1,,"*** CRPST3 is the fraction of the crop season duration for the third stage
*** of the growing season. _PNAME CRPST3"
PERLND,CROP-STAGES,CRPST4,float,40,50,,0,0,1,0,0,1,,"*** CRPST4 is the fraction of the crop season duration for the fourth stage
*** of the growing season. _PNAME CRPST4"
PERLND,GEN-INFO,OPNID,int,0,5,,,,,,,,,*** PLSs to which these data apply.
PERLND,GEN-INFO,OPNIDLAST,int,5,10,,,,,,,,,*** PLSs to which these data apply.
PERLND,GEN-INFO,LSID,string,10,30,,,,,,,,,"*** Any string of up to 20 characters may be supplied as the identifier for
*** a PLS."
PERLND,GEN-INFO,IUNITS,int,40,45,,1,1,2,1,1,2,,"*** IUNITS indicates the system of units for data in the input time series;
*** 1 means English units, 2 means Metric units."
PERLND,GEN-INFO,OUNITS,int,45,50,,1,1,2,1,1,2,,"*** OUNITS indicates the system of units for data in the output time series;
*** 1 means English units, 2 means Metric units."
PERLND,GEN-INFO,PUNIT1,int,50,55,,0,0,99,0,0,99,,"*** PUNIT(1) indicates the destinations of printout in English units. A
*** value 0 means no printout is required in English units. A non-zero value
*** means printout is required in English units and the value is the Fortran
*** unit no. of the file to which the printout is to be written. Note that
*** printout for each Pervious Land Segment can be obtained in either the
*** English or Metric systems, or both (irrespective of the system used to
*** supply the inputs)."
PERLND,GEN-INFO,PUNIT2,int,55,60,,0,0,99,0,0,99,,"*** PUNIT(2) indicates the destinations of printout in Metric units. A value
*** of 0 means no printout is required in Metric units. A non-zero value
*** means printout is required in Metric units and the value is the Fortran
*** unit no. of the file to which the printout is to be written. Note that
*** printout for each Pervious Land Segment can be obtained in either the
*** English or Metric systems, or both (irrespective of the system used to
*** supply the inputs)."
PERLND,GEN-INFO,BUNIT1,int,60,65,,0,0,99,0,0,99,,"*** BUNIT(1) is the destination of binary output in English units. A value
*** of 0 means no binary output is required in English units. A non-zero
*** value means binary output is required in English units and the value is
*** the Fortran unit no. of the file to which the binary output is to be
*** written. Note that binary output for each Pervious Land Segment can be
*** obtained in either the English or Metric systems, or both (irrespective
*** of the system used to supply the inputs)."
PERLND,GEN-INFO,BUNIT2,int,65,70,,0,0,99,0,0,99,,"*** BUNIT(2) is the destination of binary output in Metric units. A value of
*** 0 means no binary output is required in Metric units. A non-zero value
*** means binary output is required in Metric units and the value is the
*** Fortran unit no. of the file to which the binary output is to be
*** written. Note that binary output for each Pervious Land Segment can be
*** obtained in either the English or Metric systems, or both (irrespective
*** of the system used to supply the inputs)."
PERLND,ICE-FLAG,OPNID,int,0,5,,,,,,,,,*** PLSs to which these data apply.
PERLND,ICE-FLAG,OPNIDLAST,int,5,10,,,,,,,,,*** PLSs to which these data apply.
PERLND,ICE-FLAG,ICEFG,int,10,15,,0,0,1,0,0,1,,"*** A value of 0 means ice formation in snow pack will not be simulated; 1
*** means it will."
PERLND,IRRIG-PARM1,OPNID,int,0,5,,,,,,,,,*** PLSs to which these data apply.
PERLND,IRRIG-PARM1,OPNIDLAST,int,5,10,,,,,,,,,*** PLSs to which these data apply.
PERLND,IRRIG-PARM1,NSKED,int,10,15,,0,0,20,0,0,20,,"*** NSKED is the number of scheduled irrigation applications to be defined
*** in Table-type IRRIG-SCHED. Used only when IRRGFG=3 in Table-type
*** PWAT-PARM1."
PERLND,IRRIG-PARM1,SZONFG,int,15,20,,0,0,1,0,0,1,,"*** If SZONFG=0, then the wilting point and field capacity are the same for
*** all soil layers, input in Table-type IRRIG-PARM2. If SZONFG=1, then
*** these two parameters vary by soil layer, and are input in Table-types
*** SOIL-DATA2 and SOIl-DATA3 respectively. Used only when IRRGFG=2 in
*** Table-type PWAT-PARM1."
PERLND,IRRIG-PARM1,VCRDFG,int,20,25,,0,0,2,0,0,2,,"*** If VCRDFG=0, then the crop root depth is constant, input in Table-type
*** IRRIG-PARM2. If VCRDFG=1, then it varies monthly, and is input in
*** Table-type MON-IRR-CRDP. If VCRDFG=2, then it varies by four stages of
*** the crop season, requiring input in Table-types CROP-STAGES and
*** CROP-SEASPM. Used only when IRRGFG=2 in Table-type PWAT-PARM1."
PERLND,IRRIG-PARM1,VAWDFG,int,25,30,,0,0,2,0,0,2,,"*** If VAWDFG=0, then the allowable water depletion is constant, input in
*** Table-type IRRIG-PARM2. If VAWDFG=1, then it varies monthly, and is
*** input in Table-type MON-IRR-CRDP. If VAWDFG=2, then it varies by four
*** stages of the crop season, requiring input in Table-types CROP-STAGES
*** and CROP-SEASPM. Used only when IRRGFG=2 in Table-type PWAT-PARM1."
PERLND,IRRIG-PARM1,IROPFG,int,30,35,,0,0,1,0,0,1,,"*** If IROPFG=0, then irrigation applications may occur regardless of
*** groundwater elevation. If IROPFG=1 (representing subsurface irrigation),
*** then irrigation may only occur if the groundwater elevation GWEL is
*** within CAPRIS inches of the bottom of the crop root zone (SELV- CRDEP).
*** CAPRIS is input in Table-Type IRRIG-PARM2."
PERLND,IRRIG-PARM2,OPNID,int,0,5,,,,,,,,,*** PLSs to which these data apply.
PERLND,IRRIG-PARM2,OPNIDLAST,int,5,10,,,,,,,,,*** PLSs to which these data apply.
PERLND,IRRIG-PARM2,IRAREA,float,10,18,,0,0,,0,0,,,"*** IRAREA is the total area of the irrigated PLS. It is used to convert
*** depth of application to volume of withdrawal from a RCHRES if such
*** withdrawals occur, i.e. if RPRIOR is non-zero in Table-type IRRIG-SOURCE."
PERLND,IRRIG-PARM2,IREFF,float,18,26,,1,0,1,1,0,1,,*** IREFF is the irrigation efficiency if IRRGFG=2 in Table-type PWAT-PARM1.
PERLND,IRRIG-PARM2,ARZI,float,26,34,,1,0,1,1,0,1,,"*** ARZI is the fraction of area receiving irrigation applications if
*** IRRGFG=2 in Table-type PWAT-PARM1."
PERLND,IRRIG-PARM2,WILTP,float,34,42,,0,0,1,0,0,1,,"*** WILTP is the wilting point for all soil layers if IRRGFG=2 in Table-type
*** PWAT-PARM1 and SZONFG=0 in Table-type IRRIG-PARM1."
PERLND,IRRIG-PARM2,FLDCAP,float,42,50,,0,0,1,0,0,1,,"*** FLDCAP is the field capacity for all soil layers if IRRGFG=2 in
*** Table-type PWAT-PARM1 and SZONFG=0 in Table-type IRRIG-PARM1."
PERLND,IRRIG-PARM2,CRDEP,float,50,58,,0,0,,0,0,,,"*** CRDEP is the crop root depth if IRRGFG=2 in Table-type PWAT-PARM1 and
*** VCRDFG=0 in Table-type IRRIG-PARM1."
PERLND,IRRIG-PARM2,IRAWD,float,58,66,,0,0,1,0,0,1,,"*** IRAWD is the allowable water depletion if IRRGFG=2 in Table-type
*** PWAT-PARM1 and VCRDFG=0 in Table-type IRRIG-PARM1."
PERLND,IRRIG-PARM2,CAPRIS,float,66,74,,15.25,0,,6,0,,,"*** CAPRIS is the maximum capillary rise for subirrigation if IRRGFG=2 in
*** Table-type PWAT-PARM1 and IROPFG=1 in Table-type IRRIG-PARM1."
PERLND,IRRIG-SCHED,OPNID,int,0,5,,,,,,,,,*** PLSs to which these data apply.
PERLND,IRRIG-SCHED,OPNIDLAST,int,5,10,,,,,,,,,*** PLSs to which these data apply.
PERLND,IRRIG-SCHED,IRYR1,float,12,16,,0,0,,0,0,,,"*** IRYR1 is the year for the first application on the current line. If
*** zero, then the application occurs annually."
PERLND,IRRIG-SCHED,IRMO1,float,17,19,,1,1,12,1,1,12,,*** IRMO1 is the month for the first application on the current line.
PERLND,IRRIG-SCHED,IRDY1,float,20,22,,1,1,31,1,1,31,,*** IRDY1 is the day for the first application on the current line.
PERLND,IRRIG-SCHED,IRHR1,float,23,25,,0,0,24,0,0,24,,*** IRHR1 is the hour for the first application on the current line.
PERLND,IRRIG-SCHED,IRMI1,float,26,28,,0,0,60,0,0,60,,*** IRMI1 is the minute for the first application on the current line.
PERLND,IRRIG-SCHED,IRDUR1,float,28,33,,0,0,,0,0,,,"*** IRDUR1 is the duration of the first application on the current
*** line."
PERLND,IRRIG-SCHED,IRRAT1,float,33,43,,0,0,,0,0,,,"*** IRRAT1 is the hourly rate for the first application on the current
*** line."
PERLND,IRRIG-SCHED,IRYR2,float,48,52,,0,0,,0,0,,,"*** IRYR2 is the year for the second application on the current line. If
*** zero, then the application occurs annually."
PERLND,IRRIG-SCHED,IRMO2,float,53,55,,1,1,12,1,1,12,,*** IRMO2 is the month for the second application on the current line.
PERLND,IRRIG-SCHED,IRDY2,float,56,58,,1,1,31,1,1,31,,*** IRDY2 is the day for the second application on the current line.
PERLND,IRRIG-SCHED,IRHR2,float,59,61,,0,0,24,0,0,24,,*** IRHR2 is the hour for the second application on the current line.
PERLND,IRRIG-SCHED,IRMI2,float,62,64,,0,0,60,0,0,60,,*** IRMI2 is the minute for the second application on the current line.
PERLND,IRRIG-SCHED,IRDUR2,float,64,69,,0,0,,0,0,,,"*** IRDUR2 is the duration of the second application on the current
*** line."
PERLND,IRRIG-SCHED,IRRAT2,float,69,79,,0,0,,0,0,,,"*** IRRAT2 is the hourly rate for the second application on the current
*** line."
PERLND,IRRIG-SOURCE,OPNID,int,0,5,,,,,,,,,*** PLSs to which these data apply.
PERLND,IRRIG-SOURCE,OPNIDLAST,int,5,10,,,,,,,,,*** PLSs to which these data apply.
PERLND,IRRIG-SOURCE,XPRIOR,float,10,20,,0,0,3,0,0,3,,"*** XPRIOR is the irrigation source priority for imports into the basin from
*** external sources."
PERLND,IRRIG-SOURCE,XFRAC,float,20,30,,1,0,1,1,0,1,,"*** XFRAC is the irrigation source fraction for imports into the basin from
*** external sources."
PERLND,IRRIG-SOURCE,GPRIOR,float,30,40,,0,0,3,0,0,3,,*** GPRIOR is the irrigation source priority for local shallow groundwater.
PERLND,IRRIG-SOURCE,GFRAC,float,40,50,,1,0,1,1,0,1,,*** GFRAC is the irrigation source fraction for local shallow groundwater.
PERLND,IRRIG-SOURCE,RPRIOR,float,50,60,,0,0,3,0,0,3,,*** RPRIOR is the irrigation source priority for a RCHRES.
PERLND,IRRIG-SOURCE,RFRAC,float,60,70,,1,0,1,1,0,1,,*** RFRAC is the irrigation source fraction for a RCHRES.
PERLND,IRRIG-SOURCE,IRCHNO,float,70,80,,0,0,999,0,0,999,,"*** IRCHNO is the RCHRES ID number for the reach that will be used as a
*** source for irrigation withdrawals."
PERLND,IRRIG-TARGET,OPNID,int,0,5,,,,,,,,,*** PLSs to which these data apply.
PERLND,IRRIG-TARGET,OPNIDLAST,int,5,10,,,,,,,,,*** PLSs to which these data apply.
PERLND,IRRIG-TARGET,IRCPFR,float,10,20,,0,0,1,0,0,1,,"*** IRCPFR is the fraction of the irrigation application that is subject to
*** interception by the crop cover."
PERLND,IRRIG-TARGET,IRSUFR,float,20,30,,0,0,1,0,0,1,,"*** IRSUFR is the fraction of the irrigation application that is applied
*** directly to the soil surface."
PERLND,IRRIG-TARGET,IRUPFR,float,30,40,,0,0,1,0,0,1,,"*** IRUPFR is the fraction of the irrigation application that is applied
*** directly to the upper soil zone."
PERLND,IRRIG-TARGET,IRLOFR,float,40,50,,0,0,1,0,0,1,,"*** IRLOFR is the fraction of the irrigation application that is applied
*** directly to the lower soil zone."
PERLND,IRRIG-TARGET,IRGWFR,float,50,60,,0,0,1,0,0,1,,"*** IRGWFR is the fraction of the irrigation application that is applied
*** directly to the active groundwater zone."
PERLND,LAT-FACTOR,OPNID,int,0,5,,,,,,,,,*** PLSs to which these data apply.
PERLND,LAT-FACTOR,OPNIDLAST,int,5,10,,,,,,,,,*** PLSs to which these data apply.
PERLND,LAT-FACTOR,SDLFAC,float,10,20,,0,0,1,0,0,1,,"*** SDLFAC is the weighting factor which accounts for the influence of
*** lateral inflow on the outflow concentration for sediment-associated
*** constituents which do not maintain a mass balance (QUALSD)"
PERLND,LAT-FACTOR,SLIFAC,float,20,30,,0,0,1,0,0,1,,"*** SLIFAC is the weighting factor which accounts for the influence of
*** lateral inflow on the surface outflow concentration for constituents
*** which do not maintain a mass balance (temp, DO, CO2)"
PERLND,LAT-FACTOR,ILIFAC,float,30,40,,0,0,1,0,0,1,,"*** ILIFAC is the weighting factor which accounts for the influence of
*** lateral inflow on the interflow outflow concentration for constituents
*** which do not maintain a mass balance (temp, DO, CO2, QUALIF)"
PERLND,LAT-FACTOR,ALIFAC,float,40,50,,0,0,1,0,0,1,,"*** ALIFAC is the weighting factor which accounts for the influence of
*** lateral inflow on the groundwater outflow concentration for constituents
*** which do not maintain a mass balance (temp, DO, CO2, QUALGW)"
PERLND,MON-ACCUM,OPNID,int,0,5,,,,,,,,,*** PLSs to which these data apply.
PERLND,MON-ACCUM,OPNIDLAST,int,5,10,,,,,,,,,*** PLSs to which these data apply.
PERLND,MON-ACCUM,JAN,float,10,15,,0,0,,0,0,,,*** QUAJAN is the accum rate of QUALOF at the start of January.
PERLND,MON-ACCUM,FEB,float,15,20,,0,0,,0,0,,,
PERLND,MON-ACCUM,MAR,float,20,25,,0,0,,0,0,,,
PERLND,MON-ACCUM,APR,float,25,30,,0,0,,0,0,,,
PERLND,MON-ACCUM,MAY,float,30,35,,0,0,,0,0,,,
PERLND,MON-ACCUM,JUN,float,35,40,,0,0,,0,0,,,
PERLND,MON-ACCUM,JUL,float,40,45,,0,0,,0,0,,,
PERLND,MON-ACCUM,AUG,float,45,50,,0,0,,0,0,,,
PERLND,MON-ACCUM,SEP,float,50,55,,0,0,,0,0,,,
PERLND,MON-ACCUM,OCT,float,55,60,,0,0,,0,0,,,
PERLND,MON-ACCUM,NOV,float,60,65,,0,0,,0,0,,,
PERLND,MON-ACCUM,DEC,float,65,70,,0,0,,0,0,,,
PERLND,MON-ASLT,OPNID,int,0,5,,,,,,,,,*** PLSs to which these data apply.
PERLND,MON-ASLT,OPNIDLAST,int,5,10,,,,,,,,,*** PLSs to which these data apply.
PERLND,MON-ASLT,SLTJAN,float,10,15,,0,-18,38,32,0,100,,"*** SLTJAN is the value of surface layer temperature at the start of
*** January."
PERLND,MON-ASLT,SLTFEB,float,15,20,,0,-18,38,32,0,100,,
PERLND,MON-ASLT,SLTMAR,float,20,25,,0,-18,38,32,0,100,,
PERLND,MON-ASLT,SLTAPR,float,25,30,,0,-18,38,32,0,100,,
PERLND,MON-ASLT,SLTMAY,float,30,35,,0,-18,38,32,0,100,,
PERLND,MON-ASLT,SLTJUN,float,35,40,,0,-18,38,32,0,100,,
PERLND,MON-ASLT,SLTJUL,float,40,45,,0,-18,38,32,0,100,,
PERLND,MON-ASLT,SLTAUG,float,45,50,,0,-18,38,32,0,100,,
PERLND,MON-ASLT,SLTSEP,float,50,55,,0,-18,38,32,0,100,,
PERLND,MON-ASLT,SLTOCT,float,55,60,,0,-18,38,32,0,100,,
PERLND,MON-ASLT,SLTNOV,float,60,65,,0,-18,38,32,0,100,,
PERLND,MON-ASLT,SLTDEC,float,65,70,,0,-18,38,32,0,100,,
PERLND,MON-BSLT,OPNID,int,0,5,,,,,,,,,*** PLSs to which these data apply.
PERLND,MON-BSLT,OPNIDLAST,int,5,10,,,,,,,,,*** PLSs to which these data apply.
PERLND,MON-BSLT,BSTJAN,float,10,15,,1,0.001,2,1,0.001,2,,"*** BSTJAN is the slope of the surface layer temperature regression equation
*** at the start of January."
PERLND,MON-BSLT,BSTFEB,float,15,20,,1,0.001,2,1,0.001,2,,
PERLND,MON-BSLT,BSTMAR,float,20,25,,1,0.001,2,1,0.001,2,,
PERLND,MON-BSLT,BSTAPR,float,25,30,,1,0.001,2,1,0.001,2,,
PERLND,MON-BSLT,BSTMAY,float,30,35,,1,0.001,2,1,0.001,2,,
PERLND,MON-BSLT,BSTJUN,float,35,40,,1,0.001,2,1,0.001,2,,
PERLND,MON-BSLT,BSTJUL,float,40,45,,1,0.001,2,1,0.001,2,,
PERLND,MON-BSLT,BSTAUG,float,45,50,,1,0.001,2,1,0.001,2,,
PERLND,MON-BSLT,BSTSEP,float,50,55,,1,0.001,2,1,0.001,2,,
PERLND,MON-BSLT,BSTOCT,float,55,60,,1,0.001,2,1,0.001,2,,
PERLND,MON-BSLT,BSTNOV,float,60,65,,1,0.001,2,1,0.001,2,,
PERLND,MON-BSLT,BSTDEC,float,65,70,,1,0.001,2,1,0.001,2,,
PERLND,MON-COVER,OPNID,int,0,5,,,,,,,,,*** PLSs to which these data apply.
PERLND,MON-COVER,OPNIDLAST,int,5,10,,,,,,,,,*** PLSs to which these data apply.
PERLND,MON-COVER,COVJAN,float,10,15,,0,0,1,0,0,1,,*** COVJAN is the erosion related cover value in January.
PERLND,MON-COVER,COVFEB,float,15,20,,0,0,1,0,0,1,,
PERLND,MON-COVER,COVMAR,float,20,25,,0,0,1,0,0,1,,
PERLND,MON-COVER,COVAPR,float,25,30,,0,0,1,0,0,1,,
PERLND,MON-COVER,COVMAY,float,30,35,,0,0,1,0,0,1,,
PERLND,MON-COVER,COVJUN,float,35,40,,0,0,1,0,0,1,,
PERLND,MON-COVER,COVJUL,float,40,45,,0,0,1,0,0,1,,
PERLND,MON-COVER,COVAUG,float,45,50,,0,0,1,0,0,1,,
PERLND,MON-COVER,COVSEP,float,50,55,,0,0,1,0,0,1,,
PERLND,MON-COVER,COVOCT,float,55,60,,0,0,1,0,0,1,,
PERLND,MON-COVER,COVNOV,float,60,65,,0,0,1,0,0,1,,
PERLND,MON-COVER,COVDEC,float,65,70,,0,0,1,0,0,1,,
PERLND,MON-GRND-CONC,OPNID,int,0,5,,,,,,,,,*** PLSs to which these data apply.
PERLND,MON-GRND-CONC,OPNIDLAST,int,5,10,,,,,,,,,*** PLSs to which these data apply.
PERLND,MON-GRND-CONC,JAN,float,10,15,,0,0,,0,0,,,*** GRCJAN is the conc of QUAL in groundwater at the start of January.
PERLND,MON-GRND-CONC,FEB,float,15,20,,0,0,,0,0,,,
PERLND,MON-GRND-CONC,MAR,float,20,25,,0,0,,0,0,,,
PERLND,MON-GRND-CONC,APR,float,25,30,,0,0,,0,0,,,
PERLND,MON-GRND-CONC,MAY,float,30,35,,0,0,,0,0,,,
PERLND,MON-GRND-CONC,JUN,float,35,40,,0,0,,0,0,,,
PERLND,MON-GRND-CONC,JUL,float,40,45,,0,0,,0,0,,,
PERLND,MON-GRND-CONC,AUG,float,45,50,,0,0,,0,0,,,
PERLND,MON-GRND-CONC,SEP,float,50,55,,0,0,,0,0,,,
PERLND,MON-GRND-CONC,OCT,float,55,60,,0,0,,0,0,,,
PERLND,MON-GRND-CONC,NOV,float,60,65,,0,0,,0,0,,,
PERLND,MON-GRND-CONC,DEC,float,65,70,,0,0,,0,0,,,
PERLND,MON-GRNDCO2,OPNID,int,0,5,,,,,,,,,*** PLSs to which these data apply.
PERLND,MON-GRNDCO2,OPNIDLAST,int,5,10,,,,,,,,,*** PLSs to which these data apply.
PERLND,MON-GRNDCO2,JAN,float,10,15,,0,0,1,0,0,1,,*** GCOJAN is the groundwater CO2 conc. at the start of January.
PERLND,MON-GRNDCO2,FEB,float,15,20,,0,0,1,0,0,1,,
PERLND,MON-GRNDCO2,MAR,float,20,25,,0,0,1,0,0,1,,
PERLND,MON-GRNDCO2,APR,float,25,30,,0,0,1,0,0,1,,
PERLND,MON-GRNDCO2,MAY,float,30,35,,0,0,1,0,0,1,,
PERLND,MON-GRNDCO2,JUN,float,35,40,,0,0,1,0,0,1,,
PERLND,MON-GRNDCO2,JUL,float,40,45,,0,0,1,0,0,1,,
PERLND,MON-GRNDCO2,AUG,float,45,50,,0,0,1,0,0,1,,
PERLND,MON-GRNDCO2,SEP,float,50,55,,0,0,1,0,0,1,,
PERLND,MON-GRNDCO2,OCT,float,55,60,,0,0,1,0,0,1,,
PERLND,MON-GRNDCO2,NOV,float,60,65,,0,0,1,0,0,1,,
PERLND,MON-GRNDCO2,DEC,float,65,70,,0,0,1,0,0,1,,
PERLND,MON-GRNDDOX,OPNID,int,0,5,,,,,,,,,*** PLSs to which these data apply.
PERLND,MON-GRNDDOX,OPNIDLAST,int,5,10,,,,,,,,,*** PLSs to which these data apply.
PERLND,MON-GRNDDOX,JAN,float,10,15,,0,0,20,0,0,20,,*** GDOJAN is the groundwater DO conc. at the start of January.
PERLND,MON-GRNDDOX,FEB,float,15,20,,0,0,20,0,0,20,,
PERLND,MON-GRNDDOX,MAR,float,20,25,,0,0,20,0,0,20,,
PERLND,MON-GRNDDOX,APR,float,25,30,,0,0,20,0,0,20,,
PERLND,MON-GRNDDOX,MAY,float,30,35,,0,0,20,0,0,20,,
PERLND,MON-GRNDDOX,JUN,float,35,40,,0,0,20,0,0,20,,
PERLND,MON-GRNDDOX,JUL,float,40,45,,0,0,20,0,0,20,,
PERLND,MON-GRNDDOX,AUG,float,45,50,,0,0,20,0,0,20,,
PERLND,MON-GRNDDOX,SEP,float,50,55,,0,0,20,0,0,20,,
PERLND,MON-GRNDDOX,OCT,float,55,60,,0,0,20,0,0,20,,
PERLND,MON-GRNDDOX,NOV,float,60,65,,0,0,20,0,0,20,,
PERLND,MON-GRNDDOX,DEC,float,65,70,,0,0,20,0,0,20,,
PERLND,MON-IFLW-CONC,OPNID,int,0,5,,,,,,,,,*** PLSs to which these data apply.
PERLND,MON-IFLW-CONC,OPNIDLAST,int,5,10,,,,,,,,,*** PLSs to which these data apply.
PERLND,MON-IFLW-CONC,JAN,float,10,15,,0,0,,0,0,,,*** CONJAN is the conc of QUAL in interflow outflow in January.
PERLND,MON-IFLW-CONC,FEB,float,15,20,,0,0,,0,0,,,
PERLND,MON-IFLW-CONC,MAR,float,20,25,,0,0,,0,0,,,
PERLND,MON-IFLW-CONC,APR,float,25,30,,0,0,,0,0,,,
PERLND,MON-IFLW-CONC,MAY,float,30,35,,0,0,,0,0,,,
PERLND,MON-IFLW-CONC,JUN,float,35,40,,0,0,,0,0,,,
PERLND,MON-IFLW-CONC,JUL,float,40,45,,0,0,,0,0,,,
PERLND,MON-IFLW-CONC,AUG,float,45,50,,0,0,,0,0,,,
PERLND,MON-IFLW-CONC,SEP,float,50,55,,0,0,,0,0,,,
PERLND,MON-IFLW-CONC,OCT,float,55,60,,0,0,,0,0,,,
PERLND,MON-IFLW-CONC,NOV,float,60,65,,0,0,,0,0,,,
PERLND,MON-IFLW-CONC,DEC,float,65,70,,0,0,,0,0,,,
PERLND,MON-IFWCO2,OPNID,int,0,5,,,,,,,,,*** PLSs to which these data apply.
PERLND,MON-IFWCO2,OPNIDLAST,int,5,10,,,,,,,,,*** PLSs to which these data apply.
PERLND,MON-IFWCO2,JAN,float,10,15,,0,0,1,0,0,1,,*** CO2JAN is the interflow CO2 conc. at the start of the January.
PERLND,MON-IFWCO2,FEB,float,15,20,,0,0,1,0,0,1,,
PERLND,MON-IFWCO2,MAR,float,20,25,,0,0,1,0,0,1,,
PERLND,MON-IFWCO2,APR,float,25,30,,0,0,1,0,0,1,,
PERLND,MON-IFWCO2,MAY,float,30,35,,0,0,1,0,0,1,,
PERLND,MON-IFWCO2,JUN,float,35,40,,0,0,1,0,0,1,,
PERLND,MON-IFWCO2,JUL,float,40,45,,0,0,1,0,0,1,,
PERLND,MON-IFWCO2,AUG,float,45,50,,0,0,1,0,0,1,,
PERLND,MON-IFWCO2,SEP,float,50,55,,0,0,1,0,0,1,,
PERLND,MON-IFWCO2,OCT,float,55,60,,0,0,1,0,0,1,,
PERLND,MON-IFWCO2,NOV,float,60,65,,0,0,1,0,0,1,,
PERLND,MON-IFWCO2,DEC,float,65,70,,0,0,1,0,0,1,,
PERLND,MON-IFWDOX,OPNID,int,0,5,,,,,,,,,*** PLSs to which these data apply.
PERLND,MON-IFWDOX,OPNIDLAST,int,5,10,,,,,,,,,*** PLSs to which these data apply.
PERLND,MON-IFWDOX,JAN,float,10,15,,0,0,20,0,0,20,,*** IDOJAN is the interflow DO conc. at the start of January.
PERLND,MON-IFWDOX,FEB,float,15,20,,0,0,20,0,0,20,,
PERLND,MON-IFWDOX,MAR,float,20,25,,0,0,20,0,0,20,,
PERLND,MON-IFWDOX,APR,float,25,30,,0,0,20,0,0,20,,
PERLND,MON-IFWDOX,MAY,float,30,35,,0,0,20,0,0,20,,
PERLND,MON-IFWDOX,JUN,float,35,40,,0,0,20,0,0,20,,
PERLND,MON-IFWDOX,JUL,float,40,45,,0,0,20,0,0,20,,
PERLND,MON-IFWDOX,AUG,float,45,50,,0,0,20,0,0,20,,
PERLND,MON-IFWDOX,SEP,float,50,55,,0,0,20,0,0,20,,
PERLND,MON-IFWDOX,OCT,float,55,60,,0,0,20,0,0,20,,
PERLND,MON-IFWDOX,NOV,float,60,65,,0,0,20,0,0,20,,
PERLND,MON-IFWDOX,DEC,float,65,70,,0,0,20,0,0,20,,
PERLND,MON-INTERCEP,OPNID,int,0,5,,,,,,,,,*** PLSs to which these data apply.
PERLND,MON-INTERCEP,OPNIDLAST,int,5,10,,,,,,,,,*** PLSs to which these data apply.
PERLND,MON-INTERCEP,JAN,float,10,15,,0,0,250,0,0,10,,*** INTJAN is the interception storage capacity at the start of January.
PERLND,MON-INTERCEP,FEB,float,15,20,,0,0,250,0,0,10,,
PERLND,MON-INTERCEP,MAR,float,20,25,,0,0,250,0,0,10,,
PERLND,MON-INTERCEP,APR,float,25,30,,0,0,250,0,0,10,,
PERLND,MON-INTERCEP,MAY,float,30,35,,0,0,250,0,0,10,,
PERLND,MON-INTERCEP,JUN,float,35,40,,0,0,250,0,0,10,,
PERLND,MON-INTERCEP,JUL,float,40,45,,0,0,250,0,0,10,,
PERLND,MON-INTERCEP,AUG,float,45,50,,0,0,250,0,0,10,,
PERLND,MON-INTERCEP,SEP,float,50,55,,0,0,250,0,0,10,,
PERLND,MON-INTERCEP,OCT,float,55,60,,0,0,250,0,0,10,,
PERLND,MON-INTERCEP,NOV,float,60,65,,0,0,250,0,0,10,,
PERLND,MON-INTERCEP,DEC,float,65,70,,0,0,250,0,0,10,,
PERLND,MON-INTERFLW,OPNID,int,0,5,,,,,,,,,*** PLSs to which these data apply.
PERLND,MON-INTERFLW,OPNIDLAST,int,5,10,,,,,,,,,*** PLSs to which these data apply.
PERLND,MON-INTERFLW,JAN,float,10,15,,,0,,,0,,,*** IFLJAN is the interflow inflow parameter at the start of January
PERLND,MON-INTERFLW,FEB,float,15,20,,,0,,,0,,,
PERLND,MON-INTERFLW,MAR,float,20,25,,,0,,,0,,,
PERLND,MON-INTERFLW,APR,float,25,30,,,0,,,0,,,
PERLND,MON-INTERFLW,MAY,float,30,35,,,0,,,0,,,
PERLND,MON-INTERFLW,JUN,float,35,40,,,0,,,0,,,
PERLND,MON-INTERFLW,JUL,float,40,45,,,0,,,0,,,
PERLND,MON-INTERFLW,AUG,float,45,50,,,0,,,0,,,
PERLND,MON-INTERFLW,SEP,float,50,55,,,0,,,0,,,
PERLND,MON-INTERFLW,OCT,float,55,60,,,0,,,0,,,
PERLND,MON-INTERFLW,NOV,float,60,65,,,0,,,0,,,
PERLND,MON-INTERFLW,DEC,float,65,70,,,0,,,0,,,
PERLND,MON-IRC,OPNID,int,0,5,,,,,,,,,*** PLSs to which these data apply.
PERLND,MON-IRC,OPNIDLAST,int,5,10,,,,,,,,,*** PLSs to which these data apply.
PERLND,MON-IRC,JAN,float,10,15,,,1E-30,0.999,,1E-30,0.999,,*** IRCJAN is the interflow recession constant at the start of January.
PERLND,MON-IRC,FEB,float,15,20,,,1E-30,0.999,,1E-30,0.999,,
PERLND,MON-IRC,MAR,float,20,25,,,1E-30,0.999,,1E-30,0.999,,
PERLND,MON-IRC,APR,float,25,30,,,1E-30,0.999,,1E-30,0.999,,
PERLND,MON-IRC,MAY,float,30,35,,,1E-30,0.999,,1E-30,0.999,,
PERLND,MON-IRC,JUN,float,35,40,,,1E-30,0.999,,1E-30,0.999,,
PERLND,MON-IRC,JUL,float,40,45,,,1E-30,0.999,,1E-30,0.999,,
PERLND,MON-IRC,AUG,float,45,50,,,1E-30,0.999,,1E-30,0.999,,
PERLND,MON-IRC,SEP,float,50,55,,,1E-30,0.999,,1E-30,0.999,,
PERLND,MON-IRC,OCT,float,55,60,,,1E-30,0.999,,1E-30,0.999,,
PERLND,MON-IRC,NOV,float,60,65,,,1E-30,0.999,,1E-30,0.999,,
PERLND,MON-IRC,DEC,float,65,70,,,1E-30,0.999,,1E-30,0.999,,
PERLND,MON-IRR-AWD,OPNID,int,0,5,,,,,,,,,*** PLSs to which these data apply.
PERLND,MON-IRR-AWD,OPNIDLAST,int,5,10,,,,,,,,,*** PLSs to which these data apply.
PERLND,MON-IRR-AWD,JAN,float,10,15,,0,0,,0,0,,,*** AWDJAN is the allowable water depletion at the start of January.
PERLND,MON-IRR-AWD,FEB,float,15,20,,0,0,,0,0,,,
PERLND,MON-IRR-AWD,MAR,float,20,25,,0,0,,0,0,,,
PERLND,MON-IRR-AWD,APR,float,25,30,,0,0,,0,0,,,
PERLND,MON-IRR-AWD,MAY,float,30,35,,0,0,,0,0,,,
PERLND,MON-IRR-AWD,JUN,float,35,40,,0,0,,0,0,,,
PERLND,MON-IRR-AWD,JUL,float,40,45,,0,0,,0,0,,,
PERLND,MON-IRR-AWD,AUG,float,45,50,,0,0,,0,0,,,
PERLND,MON-IRR-AWD,SEP,float,50,55,,0,0,,0,0,,,
PERLND,MON-IRR-AWD,OCT,float,55,60,,0,0,,0,0,,,
PERLND,MON-IRR-AWD,NOV,float,60,65,,0,0,,0,0,,,
PERLND,MON-IRR-AWD,DEC,float,65,70,,0,0,,0,0,,,
PERLND,MON-IRR-CRDP,OPNID,int,0,5,,,,,,,,,*** PLSs to which these data apply.
PERLND,MON-IRR-CRDP,OPNIDLAST,int,5,10,,,,,,,,,*** PLSs to which these data apply.
PERLND,MON-IRR-CRDP,JAN,float,10,15,,0,0,,0,0,,,*** CRDJAN is the crop root depth at the start of January.
PERLND,MON-IRR-CRDP,FEB,float,15,20,,0,0,,0,0,,,
PERLND,MON-IRR-CRDP,MAR,float,20,25,,0,0,,0,0,,,
PERLND,MON-IRR-CRDP,APR,float,25,30,,0,0,,0,0,,,
PERLND,MON-IRR-CRDP,MAY,float,30,35,,0,0,,0,0,,,
PERLND,MON-IRR-CRDP,JUN,float,35,40,,0,0,,0,0,,,
PERLND,MON-IRR-CRDP,JUL,float,40,45,,0,0,,0,0,,,
PERLND,MON-IRR-CRDP,AUG,float,45,50,,0,0,,0,0,,,
PERLND,MON-IRR-CRDP,SEP,float,50,55,,0,0,,0,0,,,
PERLND,MON-IRR-CRDP,OCT,float,55,60,,0,0,,0,0,,,
PERLND,MON-IRR-CRDP,NOV,float,60,65,,0,0,,0,0,,,
PERLND,MON-IRR-CRDP,DEC,float,65,70,,0,0,,0,0,,,
PERLND,MON-LGTP1,OPNID,int,0,5,,,,,,,,,*** PLSs to which these data apply.
PERLND,MON-LGTP1,OPNIDLAST,int,5,10,,,,,,,,,*** PLSs to which these data apply.
PERLND,MON-LGTP1,JAN,float,10,15,,,,,,,,,"*** LT1JAN is the smoothing factor in lower layer/groundwater soil
*** temperature calculation at the start of January."
PERLND,MON-LGTP1,FEB,float,15,20,,,,,,,,,
PERLND,MON-LGTP1,MAR,float,20,25,,,,,,,,,
PERLND,MON-LGTP1,APR,float,25,30,,,,,,,,,
PERLND,MON-LGTP1,MAY,float,30,35,,,,,,,,,
PERLND,MON-LGTP1,JUN,float,35,40,,,,,,,,,
PERLND,MON-LGTP1,JUL,float,40,45,,,,,,,,,
PERLND,MON-LGTP1,AUG,float,45,50,,,,,,,,,
PERLND,MON-LGTP1,SEP,float,50,55,,,,,,,,,
PERLND,MON-LGTP1,OCT,float,55,60,,,,,,,,,
PERLND,MON-LGTP1,NOV,float,60,65,,,,,,,,,
PERLND,MON-LGTP1,DEC,float,65,70,,,,,,,,,
PERLND,MON-LGTP2,OPNID,int,0,5,,,,,,,,,*** PLSs to which these data apply.
PERLND,MON-LGTP2,OPNIDLAST,int,5,10,,,,,,,,,*** PLSs to which these data apply.
PERLND,MON-LGTP2,JAN,float,10,15,,,,,,,,,"*** LT2JAN is the mean difference between lower layer/groundwater soil
*** temperature and air temperature at the start of January."
PERLND,MON-LGTP2,FEB,float,15,20,,,,,,,,,
PERLND,MON-LGTP2,MAR,float,20,25,,,,,,,,,
PERLND,MON-LGTP2,APR,float,25,30,,,,,,,,,
PERLND,MON-LGTP2,MAY,float,30,35,,,,,,,,,
PERLND,MON-LGTP2,JUN,float,35,40,,,,,,,,,
PERLND,MON-LGTP2,JUL,float,40,45,,,,,,,,,
PERLND,MON-LGTP2,AUG,float,45,50,,,,,,,,,
PERLND,MON-LGTP2,SEP,float,50,55,,,,,,,,,
PERLND,MON-LGTP2,OCT,float,55,60,,,,,,,,,
PERLND,MON-LGTP2,NOV,float,60,65,,,,,,,,,
PERLND,MON-LGTP2,DEC,float,65,70,,,,,,,,,
PERLND,MON-LZETPARM,OPNID,int,0,5,,,,,,,,,*** PLSs to which these data apply.
PERLND,MON-LZETPARM,OPNIDLAST,int,5,10,,,,,,,,,*** PLSs to which these data apply.
PERLND,MON-LZETPARM,JAN,float,10,15,,0,0,2,0,0,2,,*** LZEJAN is the lower zone E-T parameter at the start of January.
PERLND,MON-LZETPARM,FEB,float,15,20,,0,0,2,0,0,2,,
PERLND,MON-LZETPARM,MAR,float,20,25,,0,0,2,0,0,2,,
PERLND,MON-LZETPARM,APR,float,25,30,,0,0,2,0,0,2,,
PERLND,MON-LZETPARM,MAY,float,30,35,,0,0,2,0,0,2,,
PERLND,MON-LZETPARM,JUN,float,35,40,,0,0,2,0,0,2,,
PERLND,MON-LZETPARM,JUL,float,40,45,,0,0,2,0,0,2,,
PERLND,MON-LZETPARM,AUG,float,45,50,,0,0,2,0,0,2,,
PERLND,MON-LZETPARM,SEP,float,50,55,,0,0,2,0,0,2,,
PERLND,MON-LZETPARM,OCT,float,55,60,,0,0,2,0,0,2,,
PERLND,MON-LZETPARM,NOV,float,60,65,,0,0,2,0,0,2,,
PERLND,MON-LZETPARM,DEC,float,65,70,,0,0,2,0,0,2,,
PERLND,MON-MANNING,OPNID,int,0,5,,,,,,,,,*** PLSs to which these data apply.
PERLND,MON-MANNING,OPNIDLAST,int,5,10,,,,,,,,,*** PLSs to which these data apply.
PERLND,MON-MANNING,JAN,float,10,15,,0.1,0.001,1,0.1,0.001,1,,*** MANJAN is the Manning's n value at the start of January.
PERLND,MON-MANNING,FEB,float,15,20,,0.1,0.001,1,0.1,0.001,1,,
PERLND,MON-MANNING,MAR,float,20,25,,0.1,0.001,1,0.1,0.001,1,,
PERLND,MON-MANNING,APR,float,25,30,,0.1,0.001,1,0.1,0.001,1,,
PERLND,MON-MANNING,MAY,float,30,35,,0.1,0.001,1,0.1,0.001,1,,
PERLND,MON-MANNING,JUN,float,35,40,,0.1,0.001,1,0.1,0.001,1,,
PERLND,MON-MANNING,JUL,float,40,45,,0.1,0.001,1,0.1,0.001,1,,
PERLND,MON-MANNING,AUG,float,45,50,,0.1,0.001,1,0.1,0.001,1,,
PERLND,MON-MANNING,SEP,float,50,55,,0.1,0.001,1,0.1,0.001,1,,
PERLND,MON-MANNING,OCT,float,55,60,,0.1,0.001,1,0.1,0.001,1,,
PERLND,MON-MANNING,NOV,float,60,65,,0.1,0.001,1,0.1,0.001,1,,
PERLND,MON-MANNING,DEC,float,65,70,,0.1,0.001,1,0.1,0.001,1,,
PERLND,MON-MELT-FAC,OPNID,int,0,5,,,,,,,,,*** PLSs to which these data apply.
PERLND,MON-MELT-FAC,OPNIDLAST,int,5,10,,,,,,,,,*** PLSs to which these data apply.
PERLND,MON-MELT-FAC,JAN,float,10,15,,0,0,,0,0,,,*** KMJAN is the degree-day snowmelt factor at the start of January
PERLND,MON-MELT-FAC,FEB,float,15,20,,0,0,,0,0,,,
PERLND,MON-MELT-FAC,MAR,float,20,25,,0,0,,0,0,,,
PERLND,MON-MELT-FAC,APR,float,25,30,,0,0,,0,0,,,
PERLND,MON-MELT-FAC,MAY,float,30,35,,0,0,,0,0,,,
PERLND,MON-MELT-FAC,JUN,float,35,40,,0,0,,0,0,,,
PERLND,MON-MELT-FAC,JUL,float,40,45,,0,0,,0,0,,,
PERLND,MON-MELT-FAC,AUG,float,45,50,,0,0,,0,0,,,
PERLND,MON-MELT-FAC,SEP,float,50,55,,0,0,,0,0,,,
PERLND,MON-MELT-FAC,OCT,float,55,60,,0,0,,0,0,,,
PERLND,MON-MELT-FAC,NOV,float,60,65,,0,0,,0,0,,,
PERLND,MON-MELT-FAC,DEC,float,65,70,,0,0,,0,0,,,
PERLND,MON-NITAGUTFgroundwater,OPNID,int,0,5,,,,,,,,,*** PLSs to which these data apply.
PERLND,MON-NITAGUTFgroundwater,OPNIDLAST,int,5,10,,,,,,,,,*** PLSs to which these data apply.
PERLND,MON-NITAGUTFgroundwater,JAN_groundwater,float,10,15,,0,0,1,0,0,1,,"*** AGFJAN is the fraction of plant uptake from the soil layer that goes to
*** above-ground plant storage in January."
PERLND,MON-NITAGUTFgroundwater,FEB_groundwater,float,15,20,,0,0,1,0,0,1,,
PERLND,MON-NITAGUTFgroundwater,MAR_groundwater,float,20,25,,0,0,1,0,0,1,,
PERLND,MON-NITAGUTFgroundwater,APR_groundwater,float,25,30,,0,0,1,0,0,1,,
PERLND,MON-NITAGUTFgroundwater,MAY_groundwater,float,30,35,,0,0,1,0,0,1,,
PERLND,MON-NITAGUTFgroundwater,JUN_groundwater,float,35,40,,0,0,1,0,0,1,,
PERLND,MON-NITAGUTFgroundwater,JUL_groundwater,float,40,45,,0,0,1,0,0,1,,
PERLND,MON-NITAGUTFgroundwater,AUG_groundwater,float,45,50,,0,0,1,0,0,1,,
PERLND,MON-NITAGUTFgroundwater,SEP_groundwater,float,50,55,,0,0,1,0,0,1,,
PERLND,MON-NITAGUTFgroundwater,OCT_groundwater,float,55,60,,0,0,1,0,0,1,,
PERLND,MON-NITAGUTFgroundwater,NOV_groundwater,float,60,65,,0,0,1,0,0,1,,
PERLND,MON-NITAGUTFgroundwater,DEC_groundwater,float,65,70,,0,0,1,0,0,1,,
PERLND,MON-NITAGUTFlower,OPNID,int,0,5,,,,,,,,,*** PLSs to which these data apply.
PERLND,MON-NITAGUTFlower,OPNIDLAST,int,5,10,,,,,,,,,*** PLSs to which these data apply.
PERLND,MON-NITAGUTFlower,JAN_lower,float,10,15,,0,0,1,0,0,1,,"*** AGFJAN is the fraction of plant uptake from the soil layer that goes to
*** above-ground plant storage in January."
PERLND,MON-NITAGUTFlower,FEB_lower,float,15,20,,0,0,1,0,0,1,,
PERLND,MON-NITAGUTFlower,MAR_lower,float,20,25,,0,0,1,0,0,1,,
PERLND,MON-NITAGUTFlower,APR_lower,float,25,30,,0,0,1,0,0,1,,
PERLND,MON-NITAGUTFlower,MAY_lower,float,30,35,,0,0,1,0,0,1,,
PERLND,MON-NITAGUTFlower,JUN_lower,float,35,40,,0,0,1,0,0,1,,
PERLND,MON-NITAGUTFlower,JUL_lower,float,40,45,,0,0,1,0,0,1,,
PERLND,MON-NITAGUTFlower,AUG_lower,float,45,50,,0,0,1,0,0,1,,
PERLND,MON-NITAGUTFlower,SEP_lower,float,50,55,,0,0,1,0,0,1,,
PERLND,MON-NITAGUTFlower,OCT_lower,float,55,60,,0,0,1,0,0,1,,
PERLND,MON-NITAGUTFlower,NOV_lower,float,60,65,,0,0,1,0,0,1,,
PERLND,MON-NITAGUTFlower,DEC_lower,float,65,70,,0,0,1,0,0,1,,
PERLND,MON-NITAGUTFsurface,OPNID,int,0,5,,,,,,,,,*** PLSs to which these data apply.
PERLND,MON-NITAGUTFsurface,OPNIDLAST,int,5,10,,,,,,,,,*** PLSs to which these data apply.
PERLND,MON-NITAGUTFsurface,JAN_surface,float,10,15,,0,0,1,0,0,1,,"*** AGFJAN is the fraction of plant uptake from the soil layer that goes to
*** above-ground plant storage in January."
PERLND,MON-NITAGUTFsurface,FEB_surface,float,15,20,,0,0,1,0,0,1,,
PERLND,MON-NITAGUTFsurface,MAR_surface,float,20,25,,0,0,1,0,0,1,,
PERLND,MON-NITAGUTFsurface,APR_surface,float,25,30,,0,0,1,0,0,1,,
PERLND,MON-NITAGUTFsurface,MAY_surface,float,30,35,,0,0,1,0,0,1,,
PERLND,MON-NITAGUTFsurface,JUN_surface,float,35,40,,0,0,1,0,0,1,,
PERLND,MON-NITAGUTFsurface,JUL_surface,float,40,45,,0,0,1,0,0,1,,
PERLND,MON-NITAGUTFsurface,AUG_surface,float,45,50,,0,0,1,0,0,1,,
PERLND,MON-NITAGUTFsurface,SEP_surface,float,50,55,,0,0,1,0,0,1,,
PERLND,MON-NITAGUTFsurface,OCT_surface,float,55,60,,0,0,1,0,0,1,,
PERLND,MON-NITAGUTFsurface,NOV_surface,float,60,65,,0,0,1,0,0,1,,
PERLND,MON-NITAGUTFsurface,DEC_surface,float,65,70,,0,0,1,0,0,1,,
PERLND,MON-NITAGUTFupper,OPNID,int,0,5,,,,,,,,,*** PLSs to which these data apply.
PERLND,MON-NITAGUTFupper,OPNIDLAST,int,5,10,,,,,,,,,*** PLSs to which these data apply.
PERLND,MON-NITAGUTFupper,JAN_upper,float,10,15,,0,0,1,0,0,1,,"*** AGFJAN is the fraction of plant uptake from the soil layer that goes to
*** above-ground plant storage in January."
PERLND,MON-NITAGUTFupper,FEB_upper,float,15,20,,0,0,1,0,0,1,,
PERLND,MON-NITAGUTFupper,MAR_upper,float,20,25,,0,0,1,0,0,1,,
PERLND,MON-NITAGUTFupper,APR_upper,float,25,30,,0,0,1,0,0,1,,
PERLND,MON-NITAGUTFupper,MAY_upper,float,30,35,,0,0,1,0,0,1,,
PERLND,MON-NITAGUTFupper,JUN_upper,float,35,40,,0,0,1,0,0,1,,
PERLND,MON-NITAGUTFupper,JUL_upper,float,40,45,,0,0,1,0,0,1,,
PERLND,MON-NITAGUTFupper,AUG_upper,float,45,50,,0,0,1,0,0,1,,
PERLND,MON-NITAGUTFupper,SEP_upper,float,50,55,,0,0,1,0,0,1,,
PERLND,MON-NITAGUTFupper,OCT_upper,float,55,60,,0,0,1,0,0,1,,
PERLND,MON-NITAGUTFupper,NOV_upper,float,60,65,,0,0,1,0,0,1,,
PERLND,MON-NITAGUTFupper,DEC_upper,float,65,70,,0,0,1,0,0,1,,
PERLND,MON-NITIMAMgroundwater,OPNID,int,0,5,,,,,,,,,*** PLSs to which these data apply.
PERLND,MON-NITIMAMgroundwater,OPNIDLAST,int,5,10,,,,,,,,,*** PLSs to which these data apply.
PERLND,MON-NITIMAMgroundwater,JAN_groundwater,float,10,15,,0,0,,0,0,,,*** KIAJAN is the maximum immobilization rate for ammonia in January.
PERLND,MON-NITIMAMgroundwater,FEB_groundwater,float,15,20,,0,0,,0,0,,,
PERLND,MON-NITIMAMgroundwater,MAR_groundwater,float,20,25,,0,0,,0,0,,,
PERLND,MON-NITIMAMgroundwater,APR_groundwater,float,25,30,,0,0,,0,0,,,
PERLND,MON-NITIMAMgroundwater,MAY_groundwater,float,30,35,,0,0,,0,0,,,
PERLND,MON-NITIMAMgroundwater,JUN_groundwater,float,35,40,,0,0,,0,0,,,
PERLND,MON-NITIMAMgroundwater,JUL_groundwater,float,40,45,,0,0,,0,0,,,
PERLND,MON-NITIMAMgroundwater,AUG_groundwater,float,45,50,,0,0,,0,0,,,
PERLND,MON-NITIMAMgroundwater,SEP_groundwater,float,50,55,,0,0,,0,0,,,
PERLND,MON-NITIMAMgroundwater,OCT_groundwater,float,55,60,,0,0,,0,0,,,
PERLND,MON-NITIMAMgroundwater,NOV_groundwater,float,60,65,,0,0,,0,0,,,
PERLND,MON-NITIMAMgroundwater,DEC_groundwater,float,65,70,,0,0,,0,0,,,
PERLND,MON-NITIMAMlower,OPNID,int,0,5,,,,,,,,,*** PLSs to which these data apply.
PERLND,MON-NITIMAMlower,OPNIDLAST,int,5,10,,,,,,,,,*** PLSs to which these data apply.
PERLND,MON-NITIMAMlower,JAN_lower,float,10,15,,0,0,,0,0,,,*** KIAJAN is the maximum immobilization rate for ammonia in January.
PERLND,MON-NITIMAMlower,FEB_lower,float,15,20,,0,0,,0,0,,,
PERLND,MON-NITIMAMlower,MAR_lower,float,20,25,,0,0,,0,0,,,
PERLND,MON-NITIMAMlower,APR_lower,float,25,30,,0,0,,0,0,,,
PERLND,MON-NITIMAMlower,MAY_lower,float,30,35,,0,0,,0,0,,,
PERLND,MON-NITIMAMlower,JUN_lower,float,35,40,,0,0,,0,0,,,
PERLND,MON-NITIMAMlower,JUL_lower,float,40,45,,0,0,,0,0,,,
PERLND,MON-NITIMAMlower,AUG_lower,float,45,50,,0,0,,0,0,,,
PERLND,MON-NITIMAMlower,SEP_lower,float,50,55,,0,0,,0,0,,,
PERLND,MON-NITIMAMlower,OCT_lower,float,55,60,,0,0,,0,0,,,
PERLND,MON-NITIMAMlower,NOV_lower,float,60,65,,0,0,,0,0,,,
PERLND,MON-NITIMAMlower,DEC_lower,float,65,70,,0,0,,0,0,,,
PERLND,MON-NITIMAMsurface,OPNID,int,0,5,,,,,,,,,*** PLSs to which these data apply.
PERLND,MON-NITIMAMsurface,OPNIDLAST,int,5,10,,,,,,,,,*** PLSs to which these data apply.
PERLND,MON-NITIMAMsurface,JAN_surface,float,10,15,,0,0,,0,0,,,*** KIAJAN is the maximum immobilization rate for ammonia in January.
PERLND,MON-NITIMAMsurface,FEB_surface,float,15,20,,0,0,,0,0,,,
PERLND,MON-NITIMAMsurface,MAR_surface,float,20,25,,0,0,,0,0,,,
PERLND,MON-NITIMAMsurface,APR_surface,float,25,30,,0,0,,0,0,,,
PERLND,MON-NITIMAMsurface,MAY_surface,float,30,35,,0,0,,0,0,,,
PERLND,MON-NITIMAMsurface,JUN_surface,float,35,40,,0,0,,0,0,,,
PERLND,MON-NITIMAMsurface,JUL_surface,float,40,45,,0,0,,0,0,,,
PERLND,MON-NITIMAMsurface,AUG_surface,float,45,50,,0,0,,0,0,,,
PERLND,MON-NITIMAMsurface,SEP_surface,float,50,55,,0,0,,0,0,,,
PERLND,MON-NITIMAMsurface,OCT_surface,float,55,60,,0,0,,0,0,,,
PERLND,MON-NITIMAMsurface,NOV_surface,float,60,65,,0,0,,0,0,,,
PERLND,MON-NITIMAMsurface,DEC_surface,float,65,70,,0,0,,0,0,,,
PERLND,MON-NITIMAMupper,OPNID,int,0,5,,,,,,,,,*** PLSs to which these data apply.
PERLND,MON-NITIMAMupper,OPNIDLAST,int,5,10,,,,,,,,,*** PLSs to which these data apply.
PERLND,MON-NITIMAMupper,JAN_upper,float,10,15,,0,0,,0,0,,,*** KIAJAN is the maximum immobilization rate for ammonia in January.
PERLND,MON-NITIMAMupper,FEB_upper,float,15,20,,0,0,,0,0,,,
PERLND,MON-NITIMAMupper,MAR_upper,float,20,25,,0,0,,0,0,,,
PERLND,MON-NITIMAMupper,APR_upper,float,25,30,,0,0,,0,0,,,
PERLND,MON-NITIMAMupper,MAY_upper,float,30,35,,0,0,,0,0,,,
PERLND,MON-NITIMAMupper,JUN_upper,float,35,40,,0,0,,0,0,,,
PERLND,MON-NITIMAMupper,JUL_upper,float,40,45,,0,0,,0,0,,,
PERLND,MON-NITIMAMupper,AUG_upper,float,45,50,,0,0,,0,0,,,
PERLND,MON-NITIMAMupper,SEP_upper,float,50,55,,0,0,,0,0,,,
PERLND,MON-NITIMAMupper,OCT_upper,float,55,60,,0,0,,0,0,,,
PERLND,MON-NITIMAMupper,NOV_upper,float,60,65,,0,0,,0,0,,,
PERLND,MON-NITIMAMupper,DEC_upper,float,65,70,,0,0,,0,0,,,
PERLND,MON-NITIMNIgroundwater,OPNID,int,0,5,,,,,,,,,*** PLSs to which these data apply.
PERLND,MON-NITIMNIgroundwater,OPNIDLAST,int,5,10,,,,,,,,,*** PLSs to which these data apply.
PERLND,MON-NITIMNIgroundwater,JAN_groundwater,float,10,15,,0,0,,0,0,,,*** KINJAN is the maximum immobilization rate for nitrate in January.
PERLND,MON-NITIMNIgroundwater,FEB_groundwater,float,15,20,,0,0,,0,0,,,
PERLND,MON-NITIMNIgroundwater,MAR_groundwater,float,20,25,,0,0,,0,0,,,
PERLND,MON-NITIMNIgroundwater,APR_groundwater,float,25,30,,0,0,,0,0,,,
PERLND,MON-NITIMNIgroundwater,MAY_groundwater,float,30,35,,0,0,,0,0,,,
PERLND,MON-NITIMNIgroundwater,JUN_groundwater,float,35,40,,0,0,,0,0,,,
PERLND,MON-NITIMNIgroundwater,JUL_groundwater,float,40,45,,0,0,,0,0,,,
PERLND,MON-NITIMNIgroundwater,AUG_groundwater,float,45,50,,0,0,,0,0,,,
PERLND,MON-NITIMNIgroundwater,SEP_groundwater,float,50,55,,0,0,,0,0,,,
PERLND,MON-NITIMNIgroundwater,OCT_groundwater,float,55,60,,0,0,,0,0,,,
PERLND,MON-NITIMNIgroundwater,NOV_groundwater,float,60,65,,0,0,,0,0,,,
PERLND,MON-NITIMNIgroundwater,DEC_groundwater,float,65,70,,0,0,,0,0,,,
PERLND,MON-NITIMNIlower,OPNID,int,0,5,,,,,,,,,*** PLSs to which these data apply.
PERLND,MON-NITIMNIlower,OPNIDLAST,int,5,10,,,,,,,,,*** PLSs to which these data apply.
PERLND,MON-NITIMNIlower,JAN_lower,float,10,15,,0,0,,0,0,,,*** KINJAN is the maximum immobilization rate for nitrate in January.
PERLND,MON-NITIMNIlower,FEB_lower,float,15,20,,0,0,,0,0,,,
PERLND,MON-NITIMNIlower,MAR_lower,float,20,25,,0,0,,0,0,,,
PERLND,MON-NITIMNIlower,APR_lower,float,25,30,,0,0,,0,0,,,
PERLND,MON-NITIMNIlower,MAY_lower,float,30,35,,0,0,,0,0,,,
PERLND,MON-NITIMNIlower,JUN_lower,float,35,40,,0,0,,0,0,,,
PERLND,MON-NITIMNIlower,JUL_lower,float,40,45,,0,0,,0,0,,,
PERLND,MON-NITIMNIlower,AUG_lower,float,45,50,,0,0,,0,0,,,
PERLND,MON-NITIMNIlower,SEP_lower,float,50,55,,0,0,,0,0,,,
PERLND,MON-NITIMNIlower,OCT_lower,float,55,60,,0,0,,0,0,,,
PERLND,MON-NITIMNIlower,NOV_lower,float,60,65,,0,0,,0,0,,,
PERLND,MON-NITIMNIlower,DEC_lower,float,65,70,,0,0,,0,0,,,
PERLND,MON-NITIMNIsurface,OPNID,int,0,5,,,,,,,,,*** PLSs to which these data apply.
PERLND,MON-NITIMNIsurface,OPNIDLAST,int,5,10,,,,,,,,,*** PLSs to which these data apply.
PERLND,MON-NITIMNIsurface,JAN_surface,float,10,15,,0,0,,0,0,,,*** KINJAN is the maximum immobilization rate for nitrate in January.
PERLND,MON-NITIMNIsurface,FEB_surface,float,15,20,,0,0,,0,0,,,
PERLND,MON-NITIMNIsurface,MAR_surface,float,20,25,,0,0,,0,0,,,
PERLND,MON-NITIMNIsurface,APR_surface,float,25,30,,0,0,,0,0,,,
PERLND,MON-NITIMNIsurface,MAY_surface,float,30,35,,0,0,,0,0,,,
PERLND,MON-NITIMNIsurface,JUN_surface,float,35,40,,0,0,,0,0,,,
PERLND,MON-NITIMNIsurface,JUL_surface,float,40,45,,0,0,,0,0,,,
PERLND,MON-NITIMNIsurface,AUG_surface,float,45,50,,0,0,,0,0,,,
PERLND,MON-NITIMNIsurface,SEP_surface,float,50,55,,0,0,,0,0,,,
PERLND,MON-NITIMNIsurface,OCT_surface,float,55,60,,0,0,,0,0,,,
PERLND,MON-NITIMNIsurface,NOV_surface,float,60,65,,0,0,,0,0,,,
PERLND,MON-NITIMNIsurface,DEC_surface,float,65,70,,0,0,,0,0,,,
PERLND,MON-NITIMNIupper,OPNID,int,0,5,,,,,,,,,*** PLSs to which these data apply.
PERLND,MON-NITIMNIupper,OPNIDLAST,int,5,10,,,,,,,,,*** PLSs to which these data apply.
PERLND,MON-NITIMNIupper,JAN_upper,float,10,15,,0,0,,0,0,,,*** KINJAN is the maximum immobilization rate for nitrate in January.
PERLND,MON-NITIMNIupper,FEB_upper,float,15,20,,0,0,,0,0,,,
PERLND,MON-NITIMNIupper,MAR_upper,float,20,25,,0,0,,0,0,,,
PERLND,MON-NITIMNIupper,APR_upper,float,25,30,,0,0,,0,0,,,
PERLND,MON-NITIMNIupper,MAY_upper,float,30,35,,0,0,,0,0,,,
PERLND,MON-NITIMNIupper,JUN_upper,float,35,40,,0,0,,0,0,,,
PERLND,MON-NITIMNIupper,JUL_upper,float,40,45,,0,0,,0,0,,,
PERLND,MON-NITIMNIupper,AUG_upper,float,45,50,,0,0,,0,0,,,
PERLND,MON-NITIMNIupper,SEP_upper,float,50,55,,0,0,,0,0,,,
PERLND,MON-NITIMNIupper,OCT_upper,float,55,60,,0,0,,0,0,,,
PERLND,MON-NITIMNIupper,NOV_upper,float,60,65,,0,0,,0,0,,,
PERLND,MON-NITIMNIupper,DEC_upper,float,65,70,,0,0,,0,0,,,
PERLND,MON-NITUPAMgroundwater,OPNID,int,0,5,,,,,,,,,*** PLSs to which these data apply.
PERLND,MON-NITUPAMgroundwater,OPNIDLAST,int,5,10,,,,,,,,,*** PLSs to which these data apply.
PERLND,MON-NITUPAMgroundwater,JAN_groundwater,float,10,15,,0,0,,0,0,,,*** KUAJAN is the maximum plant uptake rate for ammonia in January.
PERLND,MON-NITUPAMgroundwater,FEB_groundwater,float,15,20,,0,0,,0,0,,,
PERLND,MON-NITUPAMgroundwater,MAR_groundwater,float,20,25,,0,0,,0,0,,,
PERLND,MON-NITUPAMgroundwater,APR_groundwater,float,25,30,,0,0,,0,0,,,
PERLND,MON-NITUPAMgroundwater,MAY_groundwater,float,30,35,,0,0,,0,0,,,
PERLND,MON-NITUPAMgroundwater,JUN_groundwater,float,35,40,,0,0,,0,0,,,
PERLND,MON-NITUPAMgroundwater,JUL_groundwater,float,40,45,,0,0,,0,0,,,
PERLND,MON-NITUPAMgroundwater,AUG_groundwater,float,45,50,,0,0,,0,0,,,
PERLND,MON-NITUPAMgroundwater,SEP_groundwater,float,50,55,,0,0,,0,0,,,
PERLND,MON-NITUPAMgroundwater,OCT_groundwater,float,55,60,,0,0,,0,0,,,
PERLND,MON-NITUPAMgroundwater,NOV_groundwater,float,60,65,,0,0,,0,0,,,
PERLND,MON-NITUPAMgroundwater,DEC_groundwater,float,65,70,,0,0,,0,0,,,
PERLND,MON-NITUPAMlower,OPNID,int,0,5,,,,,,,,,*** PLSs to which these data apply.
PERLND,MON-NITUPAMlower,OPNIDLAST,int,5,10,,,,,,,,,*** PLSs to which these data apply.
PERLND,MON-NITUPAMlower,JAN_lower,float,10,15,,0,0,,0,0,,,*** KUAJAN is the maximum plant uptake rate for ammonia in January.
PERLND,MON-NITUPAMlower,FEB_lower,float,15,20,,0,0,,0,0,,,
PERLND,MON-NITUPAMlower,MAR_lower,float,20,25,,0,0,,0,0,,,
PERLND,MON-NITUPAMlower,APR_lower,float,25,30,,0,0,,0,0,,,
PERLND,MON-NITUPAMlower,MAY_lower,float,30,35,,0,0,,0,0,,,
PERLND,MON-NITUPAMlower,JUN_lower,float,35,40,,0,0,,0,0,,,
PERLND,MON-NITUPAMlower,JUL_lower,float,40,45,,0,0,,0,0,,,
PERLND,MON-NITUPAMlower,AUG_lower,float,45,50,,0,0,,0,0,,,
PERLND,MON-NITUPAMlower,SEP_lower,float,50,55,,0,0,,0,0,,,
PERLND,MON-NITUPAMlower,OCT_lower,float,55,60,,0,0,,0,0,,,
PERLND,MON-NITUPAMlower,NOV_lower,float,60,65,,0,0,,0,0,,,
PERLND,MON-NITUPAMlower,DEC_lower,float,65,70,,0,0,,0,0,,,
PERLND,MON-NITUPAMsurface,OPNID,int,0,5,,,,,,,,,*** PLSs to which these data apply.
PERLND,MON-NITUPAMsurface,OPNIDLAST,int,5,10,,,,,,,,,*** PLSs to which these data apply.
PERLND,MON-NITUPAMsurface,JAN_surface,float,10,15,,0,0,,0,0,,,*** KUAJAN is the maximum plant uptake rate for ammonia in January.
PERLND,MON-NITUPAMsurface,FEB_surface,float,15,20,,0,0,,0,0,,,
PERLND,MON-NITUPAMsurface,MAR_surface,float,20,25,,0,0,,0,0,,,
PERLND,MON-NITUPAMsurface,APR_surface,float,25,30,,0,0,,0,0,,,
PERLND,MON-NITUPAMsurface,MAY_surface,float,30,35,,0,0,,0,0,,,
PERLND,MON-NITUPAMsurface,JUN_surface,float,35,40,,0,0,,0,0,,,
PERLND,MON-NITUPAMsurface,JUL_surface,float,40,45,,0,0,,0,0,,,
PERLND,MON-NITUPAMsurface,AUG_surface,float,45,50,,0,0,,0,0,,,
PERLND,MON-NITUPAMsurface,SEP_surface,float,50,55,,0,0,,0,0,,,
PERLND,MON-NITUPAMsurface,OCT_surface,float,55,60,,0,0,,0,0,,,
PERLND,MON-NITUPAMsurface,NOV_surface,float,60,65,,0,0,,0,0,,,
PERLND,MON-NITUPAMsurface,DEC_surface,float,65,70,,0,0,,0,0,,,
PERLND,MON-NITUPAMupper,OPNID,int,0,5,,,,,,,,,*** PLSs to which these data apply.
PERLND,MON-NITUPAMupper,OPNIDLAST,int,5,10,,,,,,,,,*** PLSs to which these data apply.
PERLND,MON-NITUPAMupper,JAN_upper,float,10,15,,0,0,,0,0,,,*** KUAJAN is the maximum plant uptake rate for ammonia in January.
PERLND,MON-NITUPAMupper,FEB_upper,float,15,20,,0,0,,0,0,,,
PERLND,MON-NITUPAMupper,MAR_upper,float,20,25,,0,0,,0,0,,,
PERLND,MON-NITUPAMupper,APR_upper,float,25,30,,0,0,,0,0,,,
PERLND,MON-NITUPAMupper,MAY_upper,float,30,35,,0,0,,0,0,,,
PERLND,MON-NITUPAMupper,JUN_upper,float,35,40,,0,0,,0,0,,,
PERLND,MON-NITUPAMupper,JUL_upper,float,40,45,,0,0,,0,0,,,
PERLND,MON-NITUPAMupper,AUG_upper,float,45,50,,0,0,,0,0,,,
PERLND,MON-NITUPAMupper,SEP_upper,float,50,55,,0,0,,0,0,,,
PERLND,MON-NITUPAMupper,OCT_upper,float,55,60,,0,0,,0,0,,,
PERLND,MON-NITUPAMupper,NOV_upper,float,60,65,,0,0,,0,0,,,
PERLND,MON-NITUPAMupper,DEC_upper,float,65,70,,0,0,,0,0,,,
PERLND,MON-NITUPNIgroundwater,OPNID,int,0,5,,,,,,,,,*** PLSs to which these data apply.
PERLND,MON-NITUPNIgroundwater,OPNIDLAST,int,5,10,,,,,,,,,*** PLSs to which these data apply.
PERLND,MON-NITUPNIgroundwater,JAN_groundwater,float,10,15,,0,0,,0,0,,,*** KUNJAN is the maximum plant uptake rate for nitrate in January.
PERLND,MON-NITUPNIgroundwater,FEB_groundwater,float,15,20,,0,0,,0,0,,,
PERLND,MON-NITUPNIgroundwater,MAR_groundwater,float,20,25,,0,0,,0,0,,,
PERLND,MON-NITUPNIgroundwater,APR_groundwater,float,25,30,,0,0,,0,0,,,
PERLND,MON-NITUPNIgroundwater,MAY_groundwater,float,30,35,,0,0,,0,0,,,
PERLND,MON-NITUPNIgroundwater,JUN_groundwater,float,35,40,,0,0,,0,0,,,
PERLND,MON-NITUPNIgroundwater,JUL_groundwater,float,40,45,,0,0,,0,0,,,
PERLND,MON-NITUPNIgroundwater,AUG_groundwater,float,45,50,,0,0,,0,0,,,
PERLND,MON-NITUPNIgroundwater,SEP_groundwater,float,50,55,,0,0,,0,0,,,
PERLND,MON-NITUPNIgroundwater,OCT_groundwater,float,55,60,,0,0,,0,0,,,
PERLND,MON-NITUPNIgroundwater,NOV_groundwater,float,60,65,,0,0,,0,0,,,
PERLND,MON-NITUPNIgroundwater,DEC_groundwater,float,65,70,,0,0,,0,0,,,
PERLND,MON-NITUPNIlower,OPNID,int,0,5,,,,,,,,,*** PLSs to which these data apply.
PERLND,MON-NITUPNIlower,OPNIDLAST,int,5,10,,,,,,,,,*** PLSs to which these data apply.
PERLND,MON-NITUPNIlower,JAN_lower,float,10,15,,0,0,,0,0,,,*** KUNJAN is the maximum plant uptake rate for nitrate in January.
PERLND,MON-NITUPNIlower,FEB_lower,float,15,20,,0,0,,0,0,,,
PERLND,MON-NITUPNIlower,MAR_lower,float,20,25,,0,0,,0,0,,,
PERLND,MON-NITUPNIlower,APR_lower,float,25,30,,0,0,,0,0,,,
PERLND,MON-NITUPNIlower,MAY_lower,float,30,35,,0,0,,0,0,,,
PERLND,MON-NITUPNIlower,JUN_lower,float,35,40,,0,0,,0,0,,,
PERLND,MON-NITUPNIlower,JUL_lower,float,40,45,,0,0,,0,0,,,
PERLND,MON-NITUPNIlower,AUG_lower,float,45,50,,0,0,,0,0,,,
PERLND,MON-NITUPNIlower,SEP_lower,float,50,55,,0,0,,0,0,,,
PERLND,MON-NITUPNIlower,OCT_lower,float,55,60,,0,0,,0,0,,,
PERLND,MON-NITUPNIlower,NOV_lower,float,60,65,,0,0,,0,0,,,
PERLND,MON-NITUPNIlower,DEC_lower,float,65,70,,0,0,,0,0,,,
PERLND,MON-NITUPNIsurface,OPNID,int,0,5,,,,,,,,,*** PLSs to which these data apply.
PERLND,MON-NITUPNIsurface,OPNIDLAST,int,5,10,,,,,,,,,*** PLSs to which these data apply.
PERLND,MON-NITUPNIsurface,JAN_surface,float,10,15,,0,0,,0,0,,,*** KUNJAN is the maximum plant uptake rate for nitrate in January.
PERLND,MON-NITUPNIsurface,FEB_surface,float,15,20,,0,0,,0,0,,,
PERLND,MON-NITUPNIsurface,MAR_surface,float,20,25,,0,0,,0,0,,,
PERLND,MON-NITUPNIsurface,APR_surface,float,25,30,,0,0,,0,0,,,
PERLND,MON-NITUPNIsurface,MAY_surface,float,30,35,,0,0,,0,0,,,
PERLND,MON-NITUPNIsurface,JUN_surface,float,35,40,,0,0,,0,0,,,
PERLND,MON-NITUPNIsurface,JUL_surface,float,40,45,,0,0,,0,0,,,
PERLND,MON-NITUPNIsurface,AUG_surface,float,45,50,,0,0,,0,0,,,
PERLND,MON-NITUPNIsurface,SEP_surface,float,50,55,,0,0,,0,0,,,
PERLND,MON-NITUPNIsurface,OCT_surface,float,55,60,,0,0,,0,0,,,
PERLND,MON-NITUPNIsurface,NOV_surface,float,60,65,,0,0,,0,0,,,
PERLND,MON-NITUPNIsurface,DEC_surface,float,65,70,,0,0,,0,0,,,
PERLND,MON-NITUPNIupper,OPNID,int,0,5,,,,,,,,,*** PLSs to which these data apply.
PERLND,MON-NITUPNIupper,OPNIDLAST,int,5,10,,,,,,,,,*** PLSs to which these data apply.
PERLND,MON-NITUPNIupper,JAN_upper,float,10,15,,0,0,,0,0,,,*** KUNJAN is the maximum plant uptake rate for nitrate in January.
PERLND,MON-NITUPNIupper,FEB_upper,float,15,20,,0,0,,0,0,,,
PERLND,MON-NITUPNIupper,MAR_upper,float,20,25,,0,0,,0,0,,,
PERLND,MON-NITUPNIupper,APR_upper,float,25,30,,0,0,,0,0,,,
PERLND,MON-NITUPNIupper,MAY_upper,float,30,35,,0,0,,0,0,,,
PERLND,MON-NITUPNIupper,JUN_upper,float,35,40,,0,0,,0,0,,,
PERLND,MON-NITUPNIupper,JUL_upper,float,40,45,,0,0,,0,0,,,
PERLND,MON-NITUPNIupper,AUG_upper,float,45,50,,0,0,,0,0,,,
PERLND,MON-NITUPNIupper,SEP_upper,float,50,55,,0,0,,0,0,,,
PERLND,MON-NITUPNIupper,OCT_upper,float,55,60,,0,0,,0,0,,,
PERLND,MON-NITUPNIupper,NOV_upper,float,60,65,,0,0,,0,0,,,
PERLND,MON-NITUPNIupper,DEC_upper,float,65,70,,0,0,,0,0,,,
PERLND,MON-NITUPTgroundwater,OPNID,int,0,5,,,,,,,,,*** PLSs to which these data apply.
PERLND,MON-NITUPTgroundwater,OPNIDLAST,int,5,10,,,,,,,,,*** PLSs to which these data apply.
PERLND,MON-NITUPTgroundwater,JAN_groundwater,float,10,15,,0,0,,0,0,,,*** KPLJAN is the plant uptake parameter for nitrogen in January.
PERLND,MON-NITUPTgroundwater,FEB_groundwater,float,15,20,,0,0,,0,0,,,
PERLND,MON-NITUPTgroundwater,MAR_groundwater,float,20,25,,0,0,,0,0,,,
PERLND,MON-NITUPTgroundwater,APR_groundwater,float,25,30,,0,0,,0,0,,,
PERLND,MON-NITUPTgroundwater,MAY_groundwater,float,30,35,,0,0,,0,0,,,
PERLND,MON-NITUPTgroundwater,JUN_groundwater,float,35,40,,0,0,,0,0,,,
PERLND,MON-NITUPTgroundwater,JUL_groundwater,float,40,45,,0,0,,0,0,,,
PERLND,MON-NITUPTgroundwater,AUG_groundwater,float,45,50,,0,0,,0,0,,,
PERLND,MON-NITUPTgroundwater,SEP_groundwater,float,50,55,,0,0,,0,0,,,
PERLND,MON-NITUPTgroundwater,OCT_groundwater,float,55,60,,0,0,,0,0,,,
PERLND,MON-NITUPTgroundwater,NOV_groundwater,float,60,65,,0,0,,0,0,,,
PERLND,MON-NITUPTgroundwater,DEC_groundwater,float,65,70,,0,0,,0,0,,,
PERLND,MON-NITUPTlower,OPNID,int,0,5,,,,,,,,,*** PLSs to which these data apply.
PERLND,MON-NITUPTlower,OPNIDLAST,int,5,10,,,,,,,,,*** PLSs to which these data apply.
PERLND,MON-NITUPTlower,JAN_lower,float,10,15,,0,0,,0,0,,,*** KPLJAN is the plant uptake parameter for nitrogen in January.
PERLND,MON-NITUPTlower,FEB_lower,float,15,20,,0,0,,0,0,,,
PERLND,MON-NITUPTlower,MAR_lower,float,20,25,,0,0,,0,0,,,
PERLND,MON-NITUPTlower,APR_lower,float,25,30,,0,0,,0,0,,,
PERLND,MON-NITUPTlower,MAY_lower,float,30,35,,0,0,,0,0,,,
PERLND,MON-NITUPTlower,JUN_lower,float,35,40,,0,0,,0,0,,,
PERLND,MON-NITUPTlower,JUL_lower,float,40,45,,0,0,,0,0,,,
PERLND,MON-NITUPTlower,AUG_lower,float,45,50,,0,0,,0,0,,,
PERLND,MON-NITUPTlower,SEP_lower,float,50,55,,0,0,,0,0,,,
PERLND,MON-NITUPTlower,OCT_lower,float,55,60,,0,0,,0,0,,,
PERLND,MON-NITUPTlower,NOV_lower,float,60,65,,0,0,,0,0,,,
PERLND,MON-NITUPTlower,DEC_lower,float,65,70,,0,0,,0,0,,,
PERLND,MON-NITUPTsurface,OPNID,int,0,5,,,,,,,,,*** PLSs to which these data apply.
PERLND,MON-NITUPTsurface,OPNIDLAST,int,5,10,,,,,,,,,*** PLSs to which these data apply.
PERLND,MON-NITUPTsurface,JAN_surface,float,10,15,,0,0,,0,0,,,*** KPLJAN is the plant uptake parameter for nitrogen in January.
PERLND,MON-NITUPTsurface,FEB_surface,float,15,20,,0,0,,0,0,,,
PERLND,MON-NITUPTsurface,MAR_surface,float,20,25,,0,0,,0,0,,,
PERLND,MON-NITUPTsurface,APR_surface,float,25,30,,0,0,,0,0,,,
PERLND,MON-NITUPTsurface,MAY_surface,float,30,35,,0,0,,0,0,,,
PERLND,MON-NITUPTsurface,JUN_surface,float,35,40,,0,0,,0,0,,,
PERLND,MON-NITUPTsurface,JUL_surface,float,40,45,,0,0,,0,0,,,
PERLND,MON-NITUPTsurface,AUG_surface,float,45,50,,0,0,,0,0,,,
PERLND,MON-NITUPTsurface,SEP_surface,float,50,55,,0,0,,0,0,,,
PERLND,MON-NITUPTsurface,OCT_surface,float,55,60,,0,0,,0,0,,,
PERLND,MON-NITUPTsurface,NOV_surface,float,60,65,,0,0,,0,0,,,
PERLND,MON-NITUPTsurface,DEC_surface,float,65,70,,0,0,,0,0,,,
PERLND,MON-NITUPTupper,OPNID,int,0,5,,,,,,,,,*** PLSs to which these data apply.
PERLND,MON-NITUPTupper,OPNIDLAST,int,5,10,,,,,,,,,*** PLSs to which these data apply.
PERLND,MON-NITUPTupper,JAN_upper,float,10,15,,0,0,,0,0,,,*** KPLJAN is the plant uptake parameter for nitrogen in January.
PERLND,MON-NITUPTupper,FEB_upper,float,15,20,,0,0,,0,0,,,
PERLND,MON-NITUPTupper,MAR_upper,float,20,25,,0,0,,0,0,,,
PERLND,MON-NITUPTupper,APR_upper,float,25,30,,0,0,,0,0,,,
PERLND,MON-NITUPTupper,MAY_upper,float,30,35,,0,0,,0,0,,,
PERLND,MON-NITUPTupper,JUN_upper,float,35,40,,0,0,,0,0,,,
PERLND,MON-NITUPTupper,JUL_upper,float,40,45,,0,0,,0,0,,,
PERLND,MON-NITUPTupper,AUG_upper,float,45,50,,0,0,,0,0,,,
PERLND,MON-NITUPTupper,SEP_upper,float,50,55,,0,0,,0,0,,,
PERLND,MON-NITUPTupper,OCT_upper,float,55,60,,0,0,,0,0,,,
PERLND,MON-NITUPTupper,NOV_upper,float,60,65,,0,0,,0,0,,,
PERLND,MON-NITUPTupper,DEC_upper,float,65,70,,0,0,,0,0,,,
PERLND,MON-NPRETAG,OPNID,int,0,5,,,,,,,,,*** PLSs to which these data apply.
PERLND,MON-NPRETAG,OPNIDLAST,int,5,10,,,,,,,,,*** PLSs to which these data apply.
PERLND,MON-NPRETAG,ANRJAN,float,10,15,,0,0,,0,0,,,"*** ANRJAN is the first-order return rate for above-ground plant N to the
*** litter compartment in January."
PERLND,MON-NPRETAG,ANRFEB,float,15,20,,0,0,,0,0,,,
PERLND,MON-NPRETAG,ANRMAR,float,20,25,,0,0,,0,0,,,
PERLND,MON-NPRETAG,ANRAPR,float,25,30,,0,0,,0,0,,,
PERLND,MON-NPRETAG,ANRMAY,float,30,35,,0,0,,0,0,,,
PERLND,MON-NPRETAG,ANRJUN,float,35,40,,0,0,,0,0,,,
PERLND,MON-NPRETAG,ANRJUL,float,40,45,,0,0,,0,0,,,
PERLND,MON-NPRETAG,ANRAUG,float,45,50,,0,0,,0,0,,,
PERLND,MON-NPRETAG,ANRSEP,float,50,55,,0,0,,0,0,,,
PERLND,MON-NPRETAG,ANROCT,float,55,60,,0,0,,0,0,,,
PERLND,MON-NPRETAG,ANRNOV,float,60,65,,0,0,,0,0,,,
PERLND,MON-NPRETAG,ANRDEC,float,65,70,,0,0,,0,0,,,
PERLND,MON-NPRETBGgroundwater,OPNID,int,0,5,,,,,,,,,*** PLSs to which these data apply.
PERLND,MON-NPRETBGgroundwater,OPNIDLAST,int,5,10,,,,,,,,,*** PLSs to which these data apply.
PERLND,MON-NPRETBGgroundwater,JAN_groundwater,float,10,15,,0,0,1,0,0,1,,"*** BNRJAN is the first-order return rate for below-ground plant N to the
*** soil layer in January."
PERLND,MON-NPRETBGgroundwater,FEB_groundwater,float,15,20,,0,0,1,0,0,1,,
PERLND,MON-NPRETBGgroundwater,MAR_groundwater,float,20,25,,0,0,1,0,0,1,,
PERLND,MON-NPRETBGgroundwater,APR_groundwater,float,25,30,,0,0,1,0,0,1,,
PERLND,MON-NPRETBGgroundwater,MAY_groundwater,float,30,35,,0,0,1,0,0,1,,
PERLND,MON-NPRETBGgroundwater,JUN_groundwater,float,35,40,,0,0,1,0,0,1,,
PERLND,MON-NPRETBGgroundwater,JUL_groundwater,float,40,45,,0,0,1,0,0,1,,
PERLND,MON-NPRETBGgroundwater,AUG_groundwater,float,45,50,,0,0,1,0,0,1,,
PERLND,MON-NPRETBGgroundwater,SEP_groundwater,float,50,55,,0,0,1,0,0,1,,
PERLND,MON-NPRETBGgroundwater,OCT_groundwater,float,55,60,,0,0,1,0,0,1,,
PERLND,MON-NPRETBGgroundwater,NOV_groundwater,float,60,65,,0,0,1,0,0,1,,
PERLND,MON-NPRETBGgroundwater,DEC_groundwater,float,65,70,,0,0,1,0,0,1,,
PERLND,MON-NPRETBGlower,OPNID,int,0,5,,,,,,,,,*** PLSs to which these data apply.
PERLND,MON-NPRETBGlower,OPNIDLAST,int,5,10,,,,,,,,,*** PLSs to which these data apply.
PERLND,MON-NPRETBGlower,JAN_lower,float,10,15,,0,0,1,0,0,1,,"*** BNRJAN is the first-order return rate for below-ground plant N to the
*** soil layer in January."
PERLND,MON-NPRETBGlower,FEB_lower,float,15,20,,0,0,1,0,0,1,,
PERLND,MON-NPRETBGlower,MAR_lower,float,20,25,,0,0,1,0,0,1,,
PERLND,MON-NPRETBGlower,APR_lower,float,25,30,,0,0,1,0,0,1,,
PERLND,MON-NPRETBGlower,MAY_lower,float,30,35,,0,0,1,0,0,1,,
PERLND,MON-NPRETBGlower,JUN_lower,float,35,40,,0,0,1,0,0,1,,
PERLND,MON-NPRETBGlower,JUL_lower,float,40,45,,0,0,1,0,0,1,,
PERLND,MON-NPRETBGlower,AUG_lower,float,45,50,,0,0,1,0,0,1,,
PERLND,MON-NPRETBGlower,SEP_lower,float,50,55,,0,0,1,0,0,1,,
PERLND,MON-NPRETBGlower,OCT_lower,float,55,60,,0,0,1,0,0,1,,
PERLND,MON-NPRETBGlower,NOV_lower,float,60,65,,0,0,1,0,0,1,,
PERLND,MON-NPRETBGlower,DEC_lower,float,65,70,,0,0,1,0,0,1,,
PERLND,MON-NPRETBGsurface,OPNID,int,0,5,,,,,,,,,*** PLSs to which these data apply.
PERLND,MON-NPRETBGsurface,OPNIDLAST,int,5,10,,,,,,,,,*** PLSs to which these data apply.
PERLND,MON-NPRETBGsurface,JAN_surface,float,10,15,,0,0,1,0,0,1,,"*** BNRJAN is the first-order return rate for below-ground plant N to the
*** soil layer in January."
PERLND,MON-NPRETBGsurface,FEB_surface,float,15,20,,0,0,1,0,0,1,,
PERLND,MON-NPRETBGsurface,MAR_surface,float,20,25,,0,0,1,0,0,1,,
PERLND,MON-NPRETBGsurface,APR_surface,float,25,30,,0,0,1,0,0,1,,
PERLND,MON-NPRETBGsurface,MAY_surface,float,30,35,,0,0,1,0,0,1,,
PERLND,MON-NPRETBGsurface,JUN_surface,float,35,40,,0,0,1,0,0,1,,
PERLND,MON-NPRETBGsurface,JUL_surface,float,40,45,,0,0,1,0,0,1,,
PERLND,MON-NPRETBGsurface,AUG_surface,float,45,50,,0,0,1,0,0,1,,
PERLND,MON-NPRETBGsurface,SEP_surface,float,50,55,,0,0,1,0,0,1,,
PERLND,MON-NPRETBGsurface,OCT_surface,float,55,60,,0,0,1,0,0,1,,
PERLND,MON-NPRETBGsurface,NOV_surface,float,60,65,,0,0,1,0,0,1,,
PERLND,MON-NPRETBGsurface,DEC_surface,float,65,70,,0,0,1,0,0,1,,
PERLND,MON-NPRETBGupper,OPNID,int,0,5,,,,,,,,,*** PLSs to which these data apply.
PERLND,MON-NPRETBGupper,OPNIDLAST,int,5,10,,,,,,,,,*** PLSs to which these data apply.
PERLND,MON-NPRETBGupper,JAN_upper,float,10,15,,0,0,1,0,0,1,,"*** BNRJAN is the first-order return rate for below-ground plant N to the
*** soil layer in January."
PERLND,MON-NPRETBGupper,FEB_upper,float,15,20,,0,0,1,0,0,1,,
PERLND,MON-NPRETBGupper,MAR_upper,float,20,25,,0,0,1,0,0,1,,
PERLND,MON-NPRETBGupper,APR_upper,float,25,30,,0,0,1,0,0,1,,
PERLND,MON-NPRETBGupper,MAY_upper,float,30,35,,0,0,1,0,0,1,,
PERLND,MON-NPRETBGupper,JUN_upper,float,35,40,,0,0,1,0,0,1,,
PERLND,MON-NPRETBGupper,JUL_upper,float,40,45,,0,0,1,0,0,1,,
PERLND,MON-NPRETBGupper,AUG_upper,float,45,50,,0,0,1,0,0,1,,
PERLND,MON-NPRETBGupper,SEP_upper,float,50,55,,0,0,1,0,0,1,,
PERLND,MON-NPRETBGupper,OCT_upper,float,55,60,,0,0,1,0,0,1,,
PERLND,MON-NPRETBGupper,NOV_upper,float,60,65,,0,0,1,0,0,1,,
PERLND,MON-NPRETBGupper,DEC_upper,float,65,70,,0,0,1,0,0,1,,
PERLND,MON-NPRETFBG,OPNID,int,0,5,,,,,,,,,*** PLSs to which these data apply.
PERLND,MON-NPRETFBG,OPNIDLAST,int,5,10,,,,,,,,,*** PLSs to which these data apply.
PERLND,MON-NPRETFBG,JAN,float,10,15,,0,0,1,0,0,1,,"*** BNFJAN is the fraction of below-ground plant N return which returns as
*** particulate refractory organic N instead of particulate labile organic N
*** in January."
PERLND,MON-NPRETFBG,FEB,float,15,20,,0,0,1,0,0,1,,
PERLND,MON-NPRETFBG,MAR,float,20,25,,0,0,1,0,0,1,,
PERLND,MON-NPRETFBG,APR,float,25,30,,0,0,1,0,0,1,,
PERLND,MON-NPRETFBG,MAY,float,30,35,,0,0,1,0,0,1,,
PERLND,MON-NPRETFBG,JUN,float,35,40,,0,0,1,0,0,1,,
PERLND,MON-NPRETFBG,JUL,float,40,45,,0,0,1,0,0,1,,
PERLND,MON-NPRETFBG,AUG,float,45,50,,0,0,1,0,0,1,,
PERLND,MON-NPRETFBG,SEP,float,50,55,,0,0,1,0,0,1,,
PERLND,MON-NPRETFBG,OCT,float,55,60,,0,0,1,0,0,1,,
PERLND,MON-NPRETFBG,NOV,float,60,65,,0,0,1,0,0,1,,
PERLND,MON-NPRETFBG,DEC,float,65,70,,0,0,1,0,0,1,,
PERLND,MON-NPRETFLI,OPNID,int,0,5,,,,,,,,,*** PLSs to which these data apply.
PERLND,MON-NPRETFLI,OPNIDLAST,int,5,10,,,,,,,,,*** PLSs to which these data apply.
PERLND,MON-NPRETFLI,JAN,float,10,15,,0,0,1,0,0,1,,"*** LNFJAN is the fraction of litter N return which returns as particulate
*** refractory organic N instead of particulate labile organic N in
*** January."
PERLND,MON-NPRETFLI,FEB,float,15,20,,0,0,1,0,0,1,,
PERLND,MON-NPRETFLI,MAR,float,20,25,,0,0,1,0,0,1,,
PERLND,MON-NPRETFLI,APR,float,25,30,,0,0,1,0,0,1,,
PERLND,MON-NPRETFLI,MAY,float,30,35,,0,0,1,0,0,1,,
PERLND,MON-NPRETFLI,JUN,float,35,40,,0,0,1,0,0,1,,
PERLND,MON-NPRETFLI,JUL,float,40,45,,0,0,1,0,0,1,,
PERLND,MON-NPRETFLI,AUG,float,45,50,,0,0,1,0,0,1,,
PERLND,MON-NPRETFLI,SEP,float,50,55,,0,0,1,0,0,1,,
PERLND,MON-NPRETFLI,OCT,float,55,60,,0,0,1,0,0,1,,
PERLND,MON-NPRETFLI,NOV,float,60,65,,0,0,1,0,0,1,,
PERLND,MON-NPRETFLI,DEC,float,65,70,,0,0,1,0,0,1,,
PERLND,MON-NPRETLIsurface,OPNID,int,0,5,,,,,,,,,*** PLSs to which these data apply.
PERLND,MON-NPRETLIsurface,OPNIDLAST,int,5,10,,,,,,,,,*** PLSs to which these data apply.
PERLND,MON-NPRETLIsurface,JAN_surface,float,10,15,,0,0,,0,0,,,"*** LNRJAN is the first-order return rate for litter compartment nitrogen to
*** the soil layer in January."
PERLND,MON-NPRETLIsurface,FEB_surface,float,15,20,,0,0,,0,0,,,
PERLND,MON-NPRETLIsurface,MAR_surface,float,20,25,,0,0,,0,0,,,
PERLND,MON-NPRETLIsurface,APR_surface,float,25,30,,0,0,,0,0,,,
PERLND,MON-NPRETLIsurface,MAY_surface,float,30,35,,0,0,,0,0,,,
PERLND,MON-NPRETLIsurface,JUN_surface,float,35,40,,0,0,,0,0,,,
PERLND,MON-NPRETLIsurface,JUL_surface,float,40,45,,0,0,,0,0,,,
PERLND,MON-NPRETLIsurface,AUG_surface,float,45,50,,0,0,,0,0,,,
PERLND,MON-NPRETLIsurface,SEP_surface,float,50,55,,0,0,,0,0,,,
PERLND,MON-NPRETLIsurface,OCT_surface,float,55,60,,0,0,,0,0,,,
PERLND,MON-NPRETLIsurface,NOV_surface,float,60,65,,0,0,,0,0,,,
PERLND,MON-NPRETLIsurface,DEC_surface,float,65,70,,0,0,,0,0,,,
PERLND,MON-NPRETLIupper,OPNID,int,0,5,,,,,,,,,*** PLSs to which these data apply.
PERLND,MON-NPRETLIupper,OPNIDLAST,int,5,10,,,,,,,,,*** PLSs to which these data apply.
PERLND,MON-NPRETLIupper,JAN_upper,float,10,15,,0,0,,0,0,,,"*** LNRJAN is the first-order return rate for litter compartment nitrogen to
*** the soil layer in January."
PERLND,MON-NPRETLIupper,FEB_upper,float,15,20,,0,0,,0,0,,,
PERLND,MON-NPRETLIupper,MAR_upper,float,20,25,,0,0,,0,0,,,
PERLND,MON-NPRETLIupper,APR_upper,float,25,30,,0,0,,0,0,,,
PERLND,MON-NPRETLIupper,MAY_upper,float,30,35,,0,0,,0,0,,,
PERLND,MON-NPRETLIupper,JUN_upper,float,35,40,,0,0,,0,0,,,
PERLND,MON-NPRETLIupper,JUL_upper,float,40,45,,0,0,,0,0,,,
PERLND,MON-NPRETLIupper,AUG_upper,float,45,50,,0,0,,0,0,,,
PERLND,MON-NPRETLIupper,SEP_upper,float,50,55,,0,0,,0,0,,,
PERLND,MON-NPRETLIupper,OCT_upper,float,55,60,,0,0,,0,0,,,
PERLND,MON-NPRETLIupper,NOV_upper,float,60,65,,0,0,,0,0,,,
PERLND,MON-NPRETLIupper,DEC_upper,float,65,70,,0,0,,0,0,,,
PERLND,MON-NUPT-FR1,OPNID,int,0,5,,,,,,,,,*** PLSs to which these data apply.
PERLND,MON-NUPT-FR1,OPNIDLAST,int,5,10,,,,,,,,,*** PLSs to which these data apply.
PERLND,MON-NUPT-FR1,JAN,float,10,15,,0,0,1,0,0,1,,*** TNUJAN is the fraction of the total annual N uptake in January.
PERLND,MON-NUPT-FR1,FEB,float,15,20,,0,0,1,0,0,1,,
PERLND,MON-NUPT-FR1,MAR,float,20,25,,0,0,1,0,0,1,,
PERLND,MON-NUPT-FR1,APR,float,25,30,,0,0,1,0,0,1,,
PERLND,MON-NUPT-FR1,MAY,float,30,35,,0,0,1,0,0,1,,
PERLND,MON-NUPT-FR1,JUN,float,35,40,,0,0,1,0,0,1,,
PERLND,MON-NUPT-FR1,JUL,float,40,45,,0,0,1,0,0,1,,
PERLND,MON-NUPT-FR1,AUG,float,45,50,,0,0,1,0,0,1,,
PERLND,MON-NUPT-FR1,SEP,float,50,55,,0,0,1,0,0,1,,
PERLND,MON-NUPT-FR1,OCT,float,55,60,,0,0,1,0,0,1,,
PERLND,MON-NUPT-FR1,NOV,float,60,65,,0,0,1,0,0,1,,
PERLND,MON-NUPT-FR1,DEC,float,65,70,,0,0,1,0,0,1,,
PERLND,MON-NUPT-FR2groundwater,OPNID,int,0,5,,,,,,,,,*** PLSs to which these data apply.
PERLND,MON-NUPT-FR2groundwater,OPNIDLAST,int,5,10,,,,,,,,,*** PLSs to which these data apply.
PERLND,MON-NUPT-FR2groundwater,JAN_groundwater,float,10,15,,0,0,1,0,0,1,,"*** LNUJAN is the fraction of the monthly N uptake taken from the soil layer
*** in January."
PERLND,MON-NUPT-FR2groundwater,FEB_groundwater,float,15,20,,0,0,1,0,0,1,,
PERLND,MON-NUPT-FR2groundwater,MAR_groundwater,float,20,25,,0,0,1,0,0,1,,
PERLND,MON-NUPT-FR2groundwater,APR_groundwater,float,25,30,,0,0,1,0,0,1,,
PERLND,MON-NUPT-FR2groundwater,MAY_groundwater,float,30,35,,0,0,1,0,0,1,,
PERLND,MON-NUPT-FR2groundwater,JUN_groundwater,float,35,40,,0,0,1,0,0,1,,
PERLND,MON-NUPT-FR2groundwater,JUL_groundwater,float,40,45,,0,0,1,0,0,1,,
PERLND,MON-NUPT-FR2groundwater,AUG_groundwater,float,45,50,,0,0,1,0,0,1,,
PERLND,MON-NUPT-FR2groundwater,SEP_groundwater,float,50,55,,0,0,1,0,0,1,,
PERLND,MON-NUPT-FR2groundwater,OCT_groundwater,float,55,60,,0,0,1,0,0,1,,
PERLND,MON-NUPT-FR2groundwater,NOV_groundwater,float,60,65,,0,0,1,0,0,1,,
PERLND,MON-NUPT-FR2groundwater,DEC_groundwater,float,65,70,,0,0,1,0,0,1,,
PERLND,MON-NUPT-FR2lower,OPNID,int,0,5,,,,,,,,,*** PLSs to which these data apply.
PERLND,MON-NUPT-FR2lower,OPNIDLAST,int,5,10,,,,,,,,,*** PLSs to which these data apply.
PERLND,MON-NUPT-FR2lower,JAN_lower,float,10,15,,0,0,1,0,0,1,,"*** LNUJAN is the fraction of the monthly N uptake taken from the soil layer
*** in January."
PERLND,MON-NUPT-FR2lower,FEB_lower,float,15,20,,0,0,1,0,0,1,,
PERLND,MON-NUPT-FR2lower,MAR_lower,float,20,25,,0,0,1,0,0,1,,
PERLND,MON-NUPT-FR2lower,APR_lower,float,25,30,,0,0,1,0,0,1,,
PERLND,MON-NUPT-FR2lower,MAY_lower,float,30,35,,0,0,1,0,0,1,,
PERLND,MON-NUPT-FR2lower,JUN_lower,float,35,40,,0,0,1,0,0,1,,
PERLND,MON-NUPT-FR2lower,JUL_lower,float,40,45,,0,0,1,0,0,1,,
PERLND,MON-NUPT-FR2lower,AUG_lower,float,45,50,,0,0,1,0,0,1,,
PERLND,MON-NUPT-FR2lower,SEP_lower,float,50,55,,0,0,1,0,0,1,,
PERLND,MON-NUPT-FR2lower,OCT_lower,float,55,60,,0,0,1,0,0,1,,
PERLND,MON-NUPT-FR2lower,NOV_lower,float,60,65,,0,0,1,0,0,1,,
PERLND,MON-NUPT-FR2lower,DEC_lower,float,65,70,,0,0,1,0,0,1,,
PERLND,MON-NUPT-FR2surface,OPNID,int,0,5,,,,,,,,,*** PLSs to which these data apply.
PERLND,MON-NUPT-FR2surface,OPNIDLAST,int,5,10,,,,,,,,,*** PLSs to which these data apply.
PERLND,MON-NUPT-FR2surface,JAN_surface,float,10,15,,0,0,1,0,0,1,,"*** LNUJAN is the fraction of the monthly N uptake taken from the soil layer
*** in January."
PERLND,MON-NUPT-FR2surface,FEB_surface,float,15,20,,0,0,1,0,0,1,,
PERLND,MON-NUPT-FR2surface,MAR_surface,float,20,25,,0,0,1,0,0,1,,
PERLND,MON-NUPT-FR2surface,APR_surface,float,25,30,,0,0,1,0,0,1,,
PERLND,MON-NUPT-FR2surface,MAY_surface,float,30,35,,0,0,1,0,0,1,,
PERLND,MON-NUPT-FR2surface,JUN_surface,float,35,40,,0,0,1,0,0,1,,
PERLND,MON-NUPT-FR2surface,JUL_surface,float,40,45,,0,0,1,0,0,1,,
PERLND,MON-NUPT-FR2surface,AUG_surface,float,45,50,,0,0,1,0,0,1,,
PERLND,MON-NUPT-FR2surface,SEP_surface,float,50,55,,0,0,1,0,0,1,,
PERLND,MON-NUPT-FR2surface,OCT_surface,float,55,60,,0,0,1,0,0,1,,
PERLND,MON-NUPT-FR2surface,NOV_surface,float,60,65,,0,0,1,0,0,1,,
PERLND,MON-NUPT-FR2surface,DEC_surface,float,65,70,,0,0,1,0,0,1,,
PERLND,MON-NUPT-FR2upper,OPNID,int,0,5,,,,,,,,,*** PLSs to which these data apply.
PERLND,MON-NUPT-FR2upper,OPNIDLAST,int,5,10,,,,,,,,,*** PLSs to which these data apply.
PERLND,MON-NUPT-FR2upper,JAN_upper,float,10,15,,0,0,1,0,0,1,,"*** LNUJAN is the fraction of the monthly N uptake taken from the soil layer
*** in January."
PERLND,MON-NUPT-FR2upper,FEB_upper,float,15,20,,0,0,1,0,0,1,,
PERLND,MON-NUPT-FR2upper,MAR_upper,float,20,25,,0,0,1,0,0,1,,
PERLND,MON-NUPT-FR2upper,APR_upper,float,25,30,,0,0,1,0,0,1,,
PERLND,MON-NUPT-FR2upper,MAY_upper,float,30,35,,0,0,1,0,0,1,,
PERLND,MON-NUPT-FR2upper,JUN_upper,float,35,40,,0,0,1,0,0,1,,
PERLND,MON-NUPT-FR2upper,JUL_upper,float,40,45,,0,0,1,0,0,1,,
PERLND,MON-NUPT-FR2upper,AUG_upper,float,45,50,,0,0,1,0,0,1,,
PERLND,MON-NUPT-FR2upper,SEP_upper,float,50,55,,0,0,1,0,0,1,,
PERLND,MON-NUPT-FR2upper,OCT_upper,float,55,60,,0,0,1,0,0,1,,
PERLND,MON-NUPT-FR2upper,NOV_upper,float,60,65,,0,0,1,0,0,1,,
PERLND,MON-NUPT-FR2upper,DEC_upper,float,65,70,,0,0,1,0,0,1,,
PERLND,MON-NVSI,OPNID,int,0,5,,,,,,,,,*** PLSs to which these data apply.
PERLND,MON-NVSI,OPNIDLAST,int,5,10,,,,,,,,,*** PLSs to which these data apply.
PERLND,MON-NVSI,NVSJAN,float,10,15,,0,,,0,,,,*** NVSJAN is the net vertical sediment input in January.
PERLND,MON-NVSI,NVSFEB,float,15,20,,0,,,0,,,,
PERLND,MON-NVSI,NVSMAR,float,20,25,,0,,,0,,,,
PERLND,MON-NVSI,NVSAPR,float,25,30,,0,,,0,,,,
PERLND,MON-NVSI,NVSMAY,float,30,35,,0,,,0,,,,
PERLND,MON-NVSI,NVSJUN,float,35,40,,0,,,0,,,,
PERLND,MON-NVSI,NVSJUL,float,40,45,,0,,,0,,,,
PERLND,MON-NVSI,NVSAUG,float,45,50,,0,,,0,,,,
PERLND,MON-NVSI,NVSSEP,float,50,55,,0,,,0,,,,
PERLND,MON-NVSI,NVSOCT,float,55,60,,0,,,0,,,,
PERLND,MON-NVSI,NVSNOV,float,60,65,,0,,,0,,,,
PERLND,MON-NVSI,NVSDEC,float,65,70,,0,,,0,,,,
PERLND,MON-PHOSUPTgroundwater,OPNID,int,0,5,,,,,,,,,*** PLSs to which these data apply.
PERLND,MON-PHOSUPTgroundwater,OPNIDLAST,int,5,10,,,,,,,,,*** PLSs to which these data apply.
PERLND,MON-PHOSUPTgroundwater,JAN_groundwater,float,10,15,,0,0,,0,0,,,*** PLPJAN is the phosphorus uptake parameter in January.
PERLND,MON-PHOSUPTgroundwater,FEB_groundwater,float,15,20,,0,0,,0,0,,,
PERLND,MON-PHOSUPTgroundwater,MAR_groundwater,float,20,25,,0,0,,0,0,,,
PERLND,MON-PHOSUPTgroundwater,APR_groundwater,float,25,30,,0,0,,0,0,,,
PERLND,MON-PHOSUPTgroundwater,MAY_groundwater,float,30,35,,0,0,,0,0,,,
PERLND,MON-PHOSUPTgroundwater,JUN_groundwater,float,35,40,,0,0,,0,0,,,
PERLND,MON-PHOSUPTgroundwater,JUL_groundwater,float,40,45,,0,0,,0,0,,,
PERLND,MON-PHOSUPTgroundwater,AUG_groundwater,float,45,50,,0,0,,0,0,,,
PERLND,MON-PHOSUPTgroundwater,SEP_groundwater,float,50,55,,0,0,,0,0,,,
PERLND,MON-PHOSUPTgroundwater,OCT_groundwater,float,55,60,,0,0,,0,0,,,
PERLND,MON-PHOSUPTgroundwater,NOV_groundwater,float,60,65,,0,0,,0,0,,,
PERLND,MON-PHOSUPTgroundwater,DEC_groundwater,float,65,70,,0,0,,0,0,,,
PERLND,MON-PHOSUPTlower,OPNID,int,0,5,,,,,,,,,*** PLSs to which these data apply.
PERLND,MON-PHOSUPTlower,OPNIDLAST,int,5,10,,,,,,,,,*** PLSs to which these data apply.
PERLND,MON-PHOSUPTlower,JAN_lower,float,10,15,,0,0,,0,0,,,*** PLPJAN is the phosphorus uptake parameter in January.
PERLND,MON-PHOSUPTlower,FEB_lower,float,15,20,,0,0,,0,0,,,
PERLND,MON-PHOSUPTlower,MAR_lower,float,20,25,,0,0,,0,0,,,
PERLND,MON-PHOSUPTlower,APR_lower,float,25,30,,0,0,,0,0,,,
PERLND,MON-PHOSUPTlower,MAY_lower,float,30,35,,0,0,,0,0,,,
PERLND,MON-PHOSUPTlower,JUN_lower,float,35,40,,0,0,,0,0,,,
PERLND,MON-PHOSUPTlower,JUL_lower,float,40,45,,0,0,,0,0,,,
PERLND,MON-PHOSUPTlower,AUG_lower,float,45,50,,0,0,,0,0,,,
PERLND,MON-PHOSUPTlower,SEP_lower,float,50,55,,0,0,,0,0,,,
PERLND,MON-PHOSUPTlower,OCT_lower,float,55,60,,0,0,,0,0,,,
PERLND,MON-PHOSUPTlower,NOV_lower,float,60,65,,0,0,,0,0,,,
PERLND,MON-PHOSUPTlower,DEC_lower,float,65,70,,0,0,,0,0,,,
PERLND,MON-PHOSUPTsurface,OPNID,int,0,5,,,,,,,,,*** PLSs to which these data apply.
PERLND,MON-PHOSUPTsurface,OPNIDLAST,int,5,10,,,,,,,,,*** PLSs to which these data apply.
PERLND,MON-PHOSUPTsurface,JAN_surface,float,10,15,,0,0,,0,0,,,*** PLPJAN is the phosphorus uptake parameter in January.
PERLND,MON-PHOSUPTsurface,FEB_surface,float,15,20,,0,0,,0,0,,,
PERLND,MON-PHOSUPTsurface,MAR_surface,float,20,25,,0,0,,0,0,,,
PERLND,MON-PHOSUPTsurface,APR_surface,float,25,30,,0,0,,0,0,,,
PERLND,MON-PHOSUPTsurface,MAY_surface,float,30,35,,0,0,,0,0,,,
PERLND,MON-PHOSUPTsurface,JUN_surface,float,35,40,,0,0,,0,0,,,
PERLND,MON-PHOSUPTsurface,JUL_surface,float,40,45,,0,0,,0,0,,,
PERLND,MON-PHOSUPTsurface,AUG_surface,float,45,50,,0,0,,0,0,,,
PERLND,MON-PHOSUPTsurface,SEP_surface,float,50,55,,0,0,,0,0,,,
PERLND,MON-PHOSUPTsurface,OCT_surface,float,55,60,,0,0,,0,0,,,
PERLND,MON-PHOSUPTsurface,NOV_surface,float,60,65,,0,0,,0,0,,,
PERLND,MON-PHOSUPTsurface,DEC_surface,float,65,70,,0,0,,0,0,,,
PERLND,MON-PHOSUPTupper,OPNID,int,0,5,,,,,,,,,*** PLSs to which these data apply.
PERLND,MON-PHOSUPTupper,OPNIDLAST,int,5,10,,,,,,,,,*** PLSs to which these data apply.
PERLND,MON-PHOSUPTupper,JAN_upper,float,10,15,,0,0,,0,0,,,*** PLPJAN is the phosphorus uptake parameter in January.
PERLND,MON-PHOSUPTupper,FEB_upper,float,15,20,,0,0,,0,0,,,
PERLND,MON-PHOSUPTupper,MAR_upper,float,20,25,,0,0,,0,0,,,
PERLND,MON-PHOSUPTupper,APR_upper,float,25,30,,0,0,,0,0,,,
PERLND,MON-PHOSUPTupper,MAY_upper,float,30,35,,0,0,,0,0,,,
PERLND,MON-PHOSUPTupper,JUN_upper,float,35,40,,0,0,,0,0,,,
PERLND,MON-PHOSUPTupper,JUL_upper,float,40,45,,0,0,,0,0,,,
PERLND,MON-PHOSUPTupper,AUG_upper,float,45,50,,0,0,,0,0,,,
PERLND,MON-PHOSUPTupper,SEP_upper,float,50,55,,0,0,,0,0,,,
PERLND,MON-PHOSUPTupper,OCT_upper,float,55,60,,0,0,,0,0,,,
PERLND,MON-PHOSUPTupper,NOV_upper,float,60,65,,0,0,,0,0,,,
PERLND,MON-PHOSUPTupper,DEC_upper,float,65,70,,0,0,,0,0,,,
PERLND,MON-POTFS,OPNID,int,0,5,,,,,,,,,*** PLSs to which these data apply.
PERLND,MON-POTFS,OPNIDLAST,int,5,10,,,,,,,,,*** PLSs to which these data apply.
PERLND,MON-POTFS,SPFJAN,float,10,15,,0,0,,0,0,,,*** SPFJAN is the scour potency factor at the start of January.
PERLND,MON-POTFS,SPFFEB,float,15,20,,0,0,,0,0,,,
PERLND,MON-POTFS,SPFMAR,float,20,25,,0,0,,0,0,,,
PERLND,MON-POTFS,SPFAPR,float,25,30,,0,0,,0,0,,,
PERLND,MON-POTFS,SPFMAY,float,30,35,,0,0,,0,0,,,
PERLND,MON-POTFS,SPFJUN,float,35,40,,0,0,,0,0,,,
PERLND,MON-POTFS,SPFJUL,float,40,45,,0,0,,0,0,,,
PERLND,MON-POTFS,SPFAUG,float,45,50,,0,0,,0,0,,,
PERLND,MON-POTFS,SPFSEP,float,50,55,,0,0,,0,0,,,
PERLND,MON-POTFS,SPFOCT,float,55,60,,0,0,,0,0,,,
PERLND,MON-POTFS,SPFNOV,float,60,65,,0,0,,0,0,,,
PERLND,MON-POTFS,SPFDEC,float,65,70,,0,0,,0,0,,,
PERLND,MON-POTFW,OPNID,int,0,5,,,,,,,,,*** PLSs to which these data apply.
PERLND,MON-POTFW,OPNIDLAST,int,5,10,,,,,,,,,*** PLSs to which these data apply.
PERLND,MON-POTFW,WPFJAN,float,10,15,,0,0,,0,0,,,*** WPFJAN is the washoff potency factor at the start of January.
PERLND,MON-POTFW,WPFFEB,float,15,20,,0,0,,0,0,,,
PERLND,MON-POTFW,WPFMAR,float,20,25,,0,0,,0,0,,,
PERLND,MON-POTFW,WPFAPR,float,25,30,,0,0,,0,0,,,
PERLND,MON-POTFW,WPFMAY,float,30,35,,0,0,,0,0,,,
PERLND,MON-POTFW,WPFJUN,float,35,40,,0,0,,0,0,,,
PERLND,MON-POTFW,WPFJUL,float,40,45,,0,0,,0,0,,,
PERLND,MON-POTFW,WPFAUG,float,45,50,,0,0,,0,0,,,
PERLND,MON-POTFW,WPFSEP,float,50,55,,0,0,,0,0,,,
PERLND,MON-POTFW,WPFOCT,float,55,60,,0,0,,0,0,,,
PERLND,MON-POTFW,WPFNOV,float,60,65,,0,0,,0,0,,,
PERLND,MON-POTFW,WPFDEC,float,65,70,,0,0,,0,0,,,
PERLND,MON-PUPT-FR1,OPNID,int,0,5,,,,,,,,,*** PLSs to which these data apply.
PERLND,MON-PUPT-FR1,OPNIDLAST,int,5,10,,,,,,,,,*** PLSs to which these data apply.
PERLND,MON-PUPT-FR1,TPUJAN,float,10,15,,0,0,1,0,0,1,,*** TPUJAN is the fraction of the total annual P uptake in January.
PERLND,MON-PUPT-FR1,TPUFEB,float,15,20,,0,0,1,0,0,1,,
PERLND,MON-PUPT-FR1,TPUMAR,float,20,25,,0,0,1,0,0,1,,
PERLND,MON-PUPT-FR1,TPUAPR,float,25,30,,0,0,1,0,0,1,,
PERLND,MON-PUPT-FR1,TPUMAY,float,30,35,,0,0,1,0,0,1,,
PERLND,MON-PUPT-FR1,TPUJUN,float,35,40,,0,0,1,0,0,1,,
PERLND,MON-PUPT-FR1,TPUJUL,float,40,45,,0,0,1,0,0,1,,
PERLND,MON-PUPT-FR1,TPUAUG,float,45,50,,0,0,1,0,0,1,,
PERLND,MON-PUPT-FR1,TPUSEP,float,50,55,,0,0,1,0,0,1,,
PERLND,MON-PUPT-FR1,TPUOCT,float,55,60,,0,0,1,0,0,1,,
PERLND,MON-PUPT-FR1,TPUNOV,float,60,65,,0,0,1,0,0,1,,
PERLND,MON-PUPT-FR1,TPUDEC,float,65,70,,0,0,1,0,0,1,,
PERLND,MON-PUPT-FR2,OPNID,int,0,5,,,,,,,,,*** PLSs to which these data apply.
PERLND,MON-PUPT-FR2,OPNIDLAST,int,5,10,,,,,,,,,*** PLSs to which these data apply.
PERLND,MON-PUPT-FR2,LPUJAN,float,10,15,,0,0,1,0,0,1,,"*** LPUJAN is the fraction of the monthly P uptake taken from the soil layer
*** in January."
PERLND,MON-PUPT-FR2,LPUFEB,float,15,20,,0,0,1,0,0,1,,
PERLND,MON-PUPT-FR2,LPUMAR,float,20,25,,0,0,1,0,0,1,,
PERLND,MON-PUPT-FR2,LPUAPR,float,25,30,,0,0,1,0,0,1,,
PERLND,MON-PUPT-FR2,LPUMAY,float,30,35,,0,0,1,0,0,1,,
PERLND,MON-PUPT-FR2,LPUJUN,float,35,40,,0,0,1,0,0,1,,
PERLND,MON-PUPT-FR2,LPUJUL,float,40,45,,0,0,1,0,0,1,,
PERLND,MON-PUPT-FR2,LPUAUG,float,45,50,,0,0,1,0,0,1,,
PERLND,MON-PUPT-FR2,LPUSEP,float,50,55,,0,0,1,0,0,1,,
PERLND,MON-PUPT-FR2,LPUOCT,float,55,60,,0,0,1,0,0,1,,
PERLND,MON-PUPT-FR2,LPUNOV,float,60,65,,0,0,1,0,0,1,,
PERLND,MON-PUPT-FR2,LPUDEC,float,65,70,,0,0,1,0,0,1,,
PERLND,MON-SQOLIM,OPNID,int,0,5,,,,,,,,,*** PLSs to which these data apply.
PERLND,MON-SQOLIM,OPNIDLAST,int,5,10,,,,,,,,,*** PLSs to which these data apply.
PERLND,MON-SQOLIM,SQOJAN,float,10,15,,0.000001,0.000002,,0.000001,0.000002,,,*** SQOJAN is the limiting storage of QUALOF at the start of January
PERLND,MON-SQOLIM,SQOFEB,float,15,20,,0.000001,0.000002,,0.000001,0.000002,,,
PERLND,MON-SQOLIM,SQOMAR,float,20,25,,0.000001,0.000002,,0.000001,0.000002,,,
PERLND,MON-SQOLIM,SQOAPR,float,25,30,,0.000001,0.000002,,0.000001,0.000002,,,
PERLND,MON-SQOLIM,SQOMAY,float,30,35,,0.000001,0.000002,,0.000001,0.000002,,,
PERLND,MON-SQOLIM,SQOJUN,float,35,40,,0.000001,0.000002,,0.000001,0.000002,,,
PERLND,MON-SQOLIM,SQOJUL,float,40,45,,0.000001,0.000002,,0.000001,0.000002,,,
PERLND,MON-SQOLIM,SQOAUG,float,45,50,,0.000001,0.000002,,0.000001,0.000002,,,
PERLND,MON-SQOLIM,SQOSEP,float,50,55,,0.000001,0.000002,,0.000001,0.000002,,,
PERLND,MON-SQOLIM,SQOOCT,float,55,60,,0.000001,0.000002,,0.000001,0.000002,,,
PERLND,MON-SQOLIM,SQONOV,float,60,65,,0.000001,0.000002,,0.000001,0.000002,,,
PERLND,MON-SQOLIM,SQODEC,float,65,70,,0.000001,0.000002,,0.000001,0.000002,,,
PERLND,MON-ULTP1,OPNID,int,0,5,,,,,,,,,*** PLSs to which these data apply.
PERLND,MON-ULTP1,OPNIDLAST,int,5,10,,,,,,,,,*** PLSs to which these data apply.
PERLND,MON-ULTP1,UT1JAN,float,10,15,,,,,,,,,"*** UT1JAN is the smoothing factor in upper layer temperature calculation at
*** the start of January."
PERLND,MON-ULTP1,UT1FEB,float,15,20,,,,,,,,,
PERLND,MON-ULTP1,UT1MAR,float,20,25,,,,,,,,,
PERLND,MON-ULTP1,UT1APR,float,25,30,,,,,,,,,
PERLND,MON-ULTP1,UT1MAY,float,30,35,,,,,,,,,
PERLND,MON-ULTP1,UT1JUN,float,35,40,,,,,,,,,
PERLND,MON-ULTP1,UT1JUL,float,40,45,,,,,,,,,
PERLND,MON-ULTP1,UT1AUG,float,45,50,,,,,,,,,
PERLND,MON-ULTP1,UT1SEP,float,50,55,,,,,,,,,
PERLND,MON-ULTP1,UT1OCT,float,55,60,,,,,,,,,
PERLND,MON-ULTP1,UT1NOV,float,60,65,,,,,,,,,
PERLND,MON-ULTP1,UT1DEC,float,65,70,,,,,,,,,
PERLND,MON-ULTP2,OPNID,int,0,5,,,,,,,,,*** PLSs to which these data apply.
PERLND,MON-ULTP2,OPNIDLAST,int,5,10,,,,,,,,,*** PLSs to which these data apply.
PERLND,MON-ULTP2,UT2JAN,float,10,15,,,,,,,,,"*** UT2JAN is the mean difference between upper layer soil temperature and
*** air temperature at the start of January."
PERLND,MON-ULTP2,UT2FEB,float,15,20,,,,,,,,,
PERLND,MON-ULTP2,UT2MAR,float,20,25,,,,,,,,,
PERLND,MON-ULTP2,UT2APR,float,25,30,,,,,,,,,
PERLND,MON-ULTP2,UT2MAY,float,30,35,,,,,,,,,
PERLND,MON-ULTP2,UT2JUN,float,35,40,,,,,,,,,
PERLND,MON-ULTP2,UT2JUL,float,40,45,,,,,,,,,
PERLND,MON-ULTP2,UT2AUG,float,45,50,,,,,,,,,
PERLND,MON-ULTP2,UT2SEP,float,50,55,,,,,,,,,
PERLND,MON-ULTP2,UT2OCT,float,55,60,,,,,,,,,
PERLND,MON-ULTP2,UT2NOV,float,60,65,,,,,,,,,
PERLND,MON-ULTP2,UT2DEC,float,65,70,,,,,,,,,
PERLND,MON-UZSN,OPNID,int,0,5,,,,,,,,,*** PLSs to which these data apply.
PERLND,MON-UZSN,OPNIDLAST,int,5,10,,,,,,,,,*** PLSs to which these data apply.
PERLND,MON-UZSN,UZSJAN,float,10,15,,,0.25,250,,0.01,10,,*** UZSJAN is the upper zone storage at the start of January.
PERLND,MON-UZSN,UZSFEB,float,15,20,,,0.25,250,,0.01,10,,
PERLND,MON-UZSN,UZSMAR,float,20,25,,,0.25,250,,0.01,10,,
PERLND,MON-UZSN,UZSAPR,float,25,30,,,0.25,250,,0.01,10,,
PERLND,MON-UZSN,UZSMAY,float,30,35,,,0.25,250,,0.01,10,,
PERLND,MON-UZSN,UZSJUN,float,35,40,,,0.25,250,,0.01,10,,
PERLND,MON-UZSN,UZSJUL,float,40,45,,,0.25,250,,0.01,10,,
PERLND,MON-UZSN,UZSAUG,float,45,50,,,0.25,250,,0.01,10,,
PERLND,MON-UZSN,UZSSEP,float,50,55,,,0.25,250,,0.01,10,,
PERLND,MON-UZSN,UZSOCT,float,55,60,,,0.25,250,,0.01,10,,
PERLND,MON-UZSN,UZSNOV,float,60,65,,,0.25,250,,0.01,10,,
PERLND,MON-UZSN,UZSDEC,float,65,70,,,0.25,250,,0.01,10,,
PERLND,MST-PARM,OPNID,int,0,5,,,,,,,,,*** PLSs to which these data apply.
PERLND,MST-PARM,OPNIDLAST,int,5,10,,,,,,,,,*** PLSs to which these data apply.
PERLND,MST-PARM,SLMPF,float,10,20,,1,0.001,1,1,0.001,1,,"*** SLMPF is a factor used to adjust the solute percolation (leaching) rate
*** from the surface layer storage to the upper layer principal storage."
PERLND,MST-PARM,ULPF,float,20,30,,1,1,10,1,1,10,,"*** ULPF is a factor used to adjust the solute percolation (leaching) rate
*** from the upper layer principal storage to the lower layer storage."
PERLND,MST-PARM,LLPF,float,30,40,,1,1,10,1,1,10,,"*** LLPF is a factor used to adjust the solute percolation (leaching) rate
*** from the lower layer storage to the active and inactive groundwater."
PERLND,MST-SUBFLX,OPNID,int,0,5,,,,,,,,,*** PLSs to which these data apply.
PERLND,MST-SUBFLX,OPNIDLAST,int,5,10,,,,,,,,,*** PLSs to which these data apply.
PERLND,MST-SUBFLX,FLP,float,10,20,,0,0,1,0,0,1,,"*** FLP is the initial fraction of lower layer solutes in storage being
*** percolated to active groundwater."
PERLND,MST-SUBFLX,FLDP,float,20,30,,0,0,1,0,0,1,,"*** FLDP is the initial fraction of lower layer solutes in storage being
*** percolated to inactive groundwater by deep percolation."
PERLND,MST-SUBFLX,FAO,float,30,40,,0,0,1,0,0,1,,"*** FAO is the initial fraction of active groundwater solutes in storage
*** being removed by groundwater outflow."
PERLND,MST-SUBSTOR,OPNID,int,0,5,,,,,,,,,*** PLSs to which these data apply.
PERLND,MST-SUBSTOR,OPNIDLAST,int,5,10,,,,,,,,,*** PLSs to which these data apply.
PERLND,MST-SUBSTOR,LMSTM,float,10,20,,0,0,,0,0,,,*** LMSTM is the initial moisture storage in the lower layer.
PERLND,MST-SUBSTOR,AMSTM,float,20,30,,0,0,,0,0,,,"*** AMSTM is the initial moisture storage in the active groundwater
*** layer."
PERLND,MST-TOPFLX,OPNID,int,0,5,,,,,,,,,*** PLSs to which these data apply.
PERLND,MST-TOPFLX,OPNIDLAST,int,5,10,,,,,,,,,*** PLSs to which these data apply.
PERLND,MST-TOPFLX,FSO,float,10,20,,0,0,1,0,0,1,,"*** FSO is the initial fraction of surface layer solutes in storage being
*** removed by surface runoff."
PERLND,MST-TOPFLX,FSP,float,20,30,,0,0,1,0,0,1,,"*** FSP is the initial fraction of surface layer solutes in storage being
*** percolated to the upper layer principal storage."
PERLND,MST-TOPFLX,FII,float,30,40,,0,0,1,0,0,1,,"*** FII is the initial fraction of upper layer solutes in storage going to
*** upper layer transitory (interflow) storage."
PERLND,MST-TOPFLX,FUP,float,40,50,,0,0,1,0,0,1,,"*** FUP is the initial fraction of upper layer solutes in storage being
*** percolated to the lower layer storage."
PERLND,MST-TOPFLX,FIO,float,50,60,,0,0,1,0,0,1,,"*** FIO is the initial fraction of upper layer solutes in transitory
*** (interflow) moisture storage being removed by interflow outflow."
PERLND,MST-TOPSTOR,OPNID,int,0,5,,,,,,,,,*** PLSs to which these data apply.
PERLND,MST-TOPSTOR,OPNIDLAST,int,5,10,,,,,,,,,*** PLSs to which these data apply.
PERLND,MST-TOPSTOR,SMSTM,float,10,20,,0,0,,0,0,,,*** SMSTM is the initial moisture content in the surface storage.
PERLND,MST-TOPSTOR,UMSTM,float,20,30,,0,0,,0,0,,,*** UMSTM is the initial moisture content in the upper principal storage.
PERLND,MST-TOPSTOR,IMSTM,float,30,40,,0,0,,0,0,,,"*** IMSTM is the initial moisture content in the upper transitory (interflow)
*** storage."
PERLND,NIT-AD-FLAGS,OPNID,int,0,5,,,,,,,,,*** PLSs to which these data apply.
PERLND,NIT-AD-FLAGS,OPNIDLAST,int,5,10,,,,,,,,,*** PLSs to which these data apply.
PERLND,NIT-AD-FLAGS,NIADFG1,int,11,14,,0,-1,999,0,-1,999,,"*** Value of 0 indicates that atmospheric deposition flux of NO3 to the
*** surface layer is absent. A value of -1 indicates that it is supplied as
*** a direct time series as NIADFX. A value greater than 0 indicates the
*** index number of the MONTH-DATA block to be used to supply atmospheric
*** deposition data. _PNAME NIADFG(1)"
PERLND,NIT-AD-FLAGS,NIADFG2,int,14,17,,0,-1,999,0,-1,999,,"*** Value of 0 indicates that concentration of NO3 to the surface layer in
*** precipitation is absent. A value of -1 indicates that it is supplied as
*** a direct time series as NIADCN. A value greater than 0 indicates the
*** index number of the MONTH-DATA block to be used to supply atmospheric
*** deposition data. _PNAME NIADFG(2)"
PERLND,NIT-AD-FLAGS,NIADFG3,int,18,21,,0,-1,999,0,-1,999,,"*** Value of 0 indicates that atmospheric deposition flux of NO3 to the
*** upper layer is absent. A value of -1 indicates that it is supplied as a
*** direct time series as NIADFX. A value greater than 0 indicates the index
*** number of the MONTH-DATA block to be used to supply atmospheric
*** deposition data. _PNAME NIADFG(3)"
PERLND,NIT-AD-FLAGS,NIADFG4,int,21,24,,0,-1,999,0,-1,999,,"*** Value of 0 indicates that concentration of NO3 to the upper layer in
*** precipitation is absent. A value of -1 indicates that it is supplied as
*** a direct time series as NIADCN. A value greater than 0 indicates the
*** index number of the MONTH-DATA block to be used to supply atmospheric
*** deposition data. _PNAME NIADFG(4)"
PERLND,NIT-AD-FLAGS,NIADFG5,int,26,29,,0,-1,999,0,-1,999,,"*** Value of 0 indicates that atmospheric deposition flux of NH3 to the
*** surface layer is absent. A value of -1 indicates that it is supplied as
*** a direct time series as NIADFX. A value greater than 0 indicates the
*** index number of the MONTH-DATA block to be used to supply atmospheric
*** deposition data. _PNAME NIADFG(5)"
PERLND,NIT-AD-FLAGS,NIADFG6,int,29,32,,0,-1,999,0,-1,999,,"*** Value of 0 indicates that concentration of NH3 to the surface layer in
*** precipitation is absent. A value of -1 indicates that it is supplied as
*** a direct time series as NIADCN. A value greater than 0 indicates the
*** index number of the MONTH-DATA block to be used to supply atmospheric
*** deposition data. _PNAME NIADFG(6)"
PERLND,NIT-AD-FLAGS,NIADFG7,int,33,36,,0,-1,999,0,-1,999,,"*** Value of 0 indicates that atmospheric deposition flux of NH3 to the
*** upper layer is absent. A value of -1 indicates that it is supplied as a
*** direct time series as NIADFX. A value greater than 0 indicates the index
*** number of the MONTH-DATA block to be used to supply atmospheric
*** deposition data. _PNAME NIADFG(7)"
PERLND,NIT-AD-FLAGS,NIADFG8,int,36,39,,0,-1,999,0,-1,999,,"*** Value of 0 indicates that concentration of NH3 to the upper layer in
*** precipitation is absent. A value of -1 indicates that it is supplied as
*** a direct time series as NIADCN. A value greater than 0 indicates the
*** index number of the MONTH-DATA block to be used to supply atmospheric
*** deposition data. _PNAME NIADFG(8)"
PERLND,NIT-AD-FLAGS,NIADFG9,int,41,44,,0,-1,999,0,-1,999,,"*** Value of 0 indicates that atmospheric deposition flux of organic N to
*** the surface layer is absent. A value of -1 indicates that it is supplied
*** as a direct time series as NIADFX. A value greater than 0 indicates the
*** index number of the MONTH-DATA block to be used to supply atmospheric
*** deposition data. _PNAME NIADFG(9)"
PERLND,NIT-AD-FLAGS,NIADFG10,int,44,47,,0,-1,999,0,-1,999,,"*** Value of 0 indicates that concentration of organic N to the surface
*** layer in precipitation is absent. A value of -1 indicates that it is
*** supplied as a direct time series as NIADCN. A value greater than 0
*** indicates the index number of the MONTH-DATA block to be used to supply
*** atmospheric deposition data. _PNAME NIADFG(10)"
PERLND,NIT-AD-FLAGS,NIADFG11,int,48,51,,0,-1,999,0,-1,999,,"*** Value of 0 indicates that atmospheric deposition flux of organic N to
*** the upper layer is absent. A value of -1 indicates that it is supplied
*** as a direct time series as NIADFX. A value greater than 0 indicates the
*** index number of the MONTH-DATA block to be used to supply atmospheric
*** deposition data. _PNAME NIADFG(11)"
PERLND,NIT-AD-FLAGS,NIADFG12,int,51,54,,0,-1,999,0,-1,999,,"*** Value of 0 indicates that concentration of organic N to the upper layer
*** in precipitation is absent. A value of -1 indicates that it is supplied
*** as a direct time series as NIADCN. A value greater than 0 indicates the
*** index number of the MONTH-DATA block to be used to supply atmospheric
*** deposition data. _PNAME NIADFG(12)"
PERLND,NIT-AGPLRET,OPNID,int,0,5,,,,,,,,,*** PLSs to which these data apply.
PERLND,NIT-AGPLRET,OPNIDLAST,int,5,10,,,,,,,,,*** PLSs to which these data apply.
PERLND,NIT-AGPLRET,AGKPRN,float,10,20,,0,0,,0,0,,,"*** AGKPRN is the first-order rate of return of above-ground plant N to
*** litter N. _PNAME AGKPRN"
PERLND,NIT-AGPLRET,SKPRLN,float,20,30,,0,0,,0,0,,,"*** SKPRLN is the first-order rate of return of litter N to organic N in the
*** surface soil layer. _PNAME SKPRLN"
PERLND,NIT-AGPLRET,UKPRLN,float,30,40,,0,0,,0,0,,,"*** UKPRLN is the first-order rate of return of litter N to organic N in the
*** upper soil layer. _PNAME UKPRLN"
PERLND,NIT-AGPLRET,LINPRF,float,40,50,,0,0,,0,0,,,"*** LINPRF is the fraction of litter nitrogen return which is refractory.
*** _PNAME LINPRF"
PERLND,NIT-AGUTF,OPNID,int,0,5,,,,,,,,,*** PLSs to which these data apply.
PERLND,NIT-AGUTF,OPNIDLAST,int,5,10,,,,,,,,,*** PLSs to which these data apply.
PERLND,NIT-AGUTF,SANUTF,float,10,20,,0,0,1,0,0,1,,"*** SANUTF is the fraction of plant nitrogen uptake from the surface soil
*** layer which goes to above-ground plant storage. _PNAME SANUTF"
PERLND,NIT-AGUTF,UANUTF,float,20,30,,0,0,1,0,0,1,,"*** UANUTF is the fraction of plant nitrogen uptake from the upper soil
*** layer which goes to above-ground plant storage. _PNAME UANUTF"
PERLND,NIT-AGUTF,LANUTF,float,30,40,,0,0,1,0,0,1,,"*** LANUTF is the fraction of plant nitrogen uptake from the lower soil
*** layer which goes to above-ground plant storage. _PNAME LANUTF"
PERLND,NIT-AGUTF,AANUTF,float,40,50,,0,0,1,0,0,1,,"*** AANUTF is the fraction of plant nitrogen uptake from the active
*** groundwater layer which goes to above-ground plant storage. _PNAME
*** AANUTF"
PERLND,NIT-AMVOLAT,OPNID,int,0,5,,,,,,,,,*** PLSs to which these data apply.
PERLND,NIT-AMVOLAT,OPNIDLAST,int,5,10,,,,,,,,,*** PLSs to which these data apply.
PERLND,NIT-AMVOLAT,SKVOL,float,10,20,,0,0,,0,0,,,"*** SKVOL is the ammonia volatilization rate at 20 degrees Celsius in the
*** surface soil layer. _PNAME SKVOL"
PERLND,NIT-AMVOLAT,UKVOL,float,20,30,,0,0,,0,0,,,"*** UKVOL is the ammonia volatilization rate at 20 degrees Celsius in the
*** upper soil layer. _PNAME UKVOL"
PERLND,NIT-AMVOLAT,LKVOL,float,30,40,,0,0,,0,0,,,"*** LKVOL is the ammonia volatilization rate at 20 degrees Celsius in the
*** lower soil layer. _PNAME LKVOL"
PERLND,NIT-AMVOLAT,AKVOL,float,40,50,,0,0,,0,0,,,"*** AKVOL is the ammonia volatilization rate at 20 degrees Celsius in the
*** active groundwater layer. _PNAME AKVOL"
PERLND,NIT-AMVOLAT,THVOL,float,50,60,,1.07,1,2,1.07,1,2,,"*** THVOL is the temperature correction coefficient for ammonia volatilization.
*** _PNAME THVOL"
PERLND,NIT-AMVOLAT,TRFVOL,float,60,70,,20,0,35,20,0,35,,"*** TRFVOL is the reference temperature for the temperature correction of
*** ammonia volatilization. _PNAME TRFVOL"
PERLND,NIT-BGPLRET,OPNID,int,0,5,,,,,,,,,*** PLSs to which these data apply.
PERLND,NIT-BGPLRET,OPNIDLAST,int,5,10,,,,,,,,,*** PLSs to which these data apply.
PERLND,NIT-BGPLRET,SKPRBN,float,10,20,,0,0,,0,0,,,"*** SKPRBN is the first-order rate of return of plant N to particulate
*** organic N in the surface soil layer. _PNAME SKPRBN"
PERLND,NIT-BGPLRET,UKPRBN,float,20,30,,0,0,,0,0,,,"*** UKPRBN is the first-order rate of return of plant N to particulate
*** organic N in the upper soil layer. _PNAME UKPRBN"
PERLND,NIT-BGPLRET,LKPRBN,float,30,40,,0,0,,0,0,,,"*** LKPRBN is the first-order rate of return of plant N to particulate
*** organic N in the lower soil layer. _PNAME LKPRBN"
PERLND,NIT-BGPLRET,AKPRBN,float,40,50,,0,0,,0,0,,,"*** AKPRBN is the first-order rate of return of plant N to particulate
*** organic N in the active groundwater layer. _PNAME AKPRBN"
PERLND,NIT-BGPLRET,BGPRFR,float,50,60,,0,0,,0,0,,,"*** BGNPRF is the fraction of below-ground plant nitrogen return which is
*** refractory. _PNAME BGPRFR"
PERLND,NIT-CMAX,OPNID,int,0,5,,,,,,,,,*** PLSs to which these data apply.
PERLND,NIT-CMAX,OPNIDLAST,int,5,10,,,,,,,,,*** PLSs to which these data apply.
PERLND,NIT-CMAX,CMAX,float,10,20,,0,0,,0,0,,,*** CMAX is the maximum solubility of ammonium in water.
PERLND,NIT-FLAGS,OPNID,int,0,5,,,,,,,,,*** PLSs to which these data apply.
PERLND,NIT-FLAGS,OPNIDLAST,int,5,10,,,,,,,,,*** PLSs to which these data apply.
PERLND,NIT-FLAGS,VNUTFG,int,10,15,,0,0,1,0,0,1,,"*** If VNUTFG is 1 the first-order plant uptake parameters for nitrogen are
*** allowed to vary monthly."
PERLND,NIT-FLAGS,FORAFG,int,15,20,,0,0,1,0,0,1,,"*** FORAFG indicates which method is to be used to simulate adsorption and
*** desorption of ammonium: 0 first-order kinetics; 1 single-value
*** Freundlich method."
PERLND,NIT-FLAGS,ITMAXA,int,20,25,,30,1,100,30,1,100,,"*** ITMAXA is the maximum number of iterations that will be attempted in
*** solving the Freundlich equation; applicable only if FORAFG= 1."
PERLND,NIT-FLAGS,BNUMN,int,25,30,,,1,1000,,1,1000,,"*** BNUMN is the number of time steps that will elapse between recalculation
*** of biochemical reaction fluxes. All reactions except adsorption/desorption
*** fall into this category."
PERLND,NIT-FLAGS,CNUMN,int,30,35,,,1,1000,,1,1000,,"*** CNUMN is the number of time steps that will elapse between recalculation
*** of chemical (adsorption/desorption) reactions."
PERLND,NIT-FLAGS,NUPTFG,int,35,40,,0,-2,2,0,-2,2,,"*** NUPTFG is a flag indicating the method of simulating plant uptake and
*** immobilization of nutrients. A value of zero indicates first-order
*** reactions. A value of 1 indicates a yield-based algorithm. A value of 2
*** indicates saturation kinetics with different parameter values for each
*** soil layer. A value of -2 indicates the same algorithm with the same
*** parameters for each soil layer."
PERLND,NIT-FLAGS,FIXNFG,int,40,45,,0,0,1,0,0,1,,*** FIXNFG is a flag indicating whether nitrogen fixing is being simulated.
PERLND,NIT-FLAGS,AMVOFG,int,45,50,,0,0,1,0,0,1,,"*** AMVOFG is a flag indicating whether ammonia volatilization is being
*** simulated."
PERLND,NIT-FLAGS,ALPNFG,int,50,55,,0,0,1,0,0,1,,"*** ALPNFG is a flag indicating whether to simulate the above- ground and
*** litter compartments for plant nitrogen."
PERLND,NIT-FLAGS,VNPRFG,int,55,60,,0,0,1,0,0,1,,"*** If VNPRFG is 1, then the plant return parameters for nitrogen are
*** allowed to vary monthly."
PERLND,NIT-FSTGEN,OPNID,int,0,5,,,,,,,,,*** PLSs to which these data apply.
PERLND,NIT-FSTGEN,OPNIDLAST,int,5,10,,,,,,,,,*** PLSs to which these data apply.
PERLND,NIT-FSTGEN,NO3UTF,float,10,15,,1,0.001,1,1,0.001,1,,"*** NO3UTF designates which fraction of nitrogen uptake comes from nitrate.
*** The sum of NO3UTF and NH4UTF should be 1. 0."
PERLND,NIT-FSTGEN,NH4UTF,float,15,20,,0,0,1,0,0,1,,"*** NH4UTF designates which fraction of nitrogen uptake comes from ammonium.
*** The sum of NO3UTF and NH4UTF should be 1. 0."
PERLND,NIT-FSTGEN,THPLN,float,20,25,,1.07,1,2,1.07,1,2,,"*** THPLN is the temperature coefficient (theta) for plant uptake (Only
*** relevant if NUPTFG= 0)."
PERLND,NIT-FSTGEN,THKDSA,float,25,30,,1.05,1,2,1.05,1,2,,"*** THKDSA is the temperature coefficient (theta) for ammonium desorption
*** (only relevant if FORAFG= 0)."
PERLND,NIT-FSTGEN,THKADA,float,30,35,,1.05,1,2,1.05,1,2,,"*** THKADA is the temperature coefficient (theta) for ammonium adsorption
*** (only relevant if FORAFG= 0)."
PERLND,NIT-FSTGEN,THKIMN,float,35,40,,1.07,1,2,1.07,1,2,,*** THKIMN is the temperature coefficient (theta) for nitrate immobilization.
PERLND,NIT-FSTGEN,THKAM,float,40,45,,1.07,1,2,1.07,1,2,,*** THKAM is the temperature coefficient (theta) for organic N ammonification.
PERLND,NIT-FSTGEN,THKDNI,float,45,50,,1.07,1,2,1.07,1,2,,*** THKDNI is the temperature coefficient for NO3 denitrification.
PERLND,NIT-FSTGEN,THKNI,float,50,55,,1.05,1,2,1.05,1,2,,*** THKNI is the temperature coefficient (theta) for nitrification.
PERLND,NIT-FSTGEN,THKIMA,float,55,60,,1.07,1,2,1.07,1,2,,*** THKIMA is the temperature coefficient (theta) for ammonium immobilization.
PERLND,NIT-FSTPMgroundwater,OPNID,int,0,5,,,,,,,,,*** PLSs to which these data apply.
PERLND,NIT-FSTPMgroundwater,OPNIDLAST,int,5,10,,,,,,,,,*** PLSs to which these data apply.
PERLND,NIT-FSTPMgroundwater,KDSAM_groundwater,float,10,20,,0,0,,0,0,,,"*** KDSAM is the first-order reaction rate parameter for ammonium desorption
*** (irrelevant if FORAFG= 1)"
PERLND,NIT-FSTPMgroundwater,KADAM_groundwater,float,20,30,,0,0,,0,0,,,"*** KADAM is the first-order reaction rate parameter for ammonium adsorption
*** (irrelevant if FORAFG= 1)."
PERLND,NIT-FSTPMgroundwater,KIMNI_groundwater,float,30,40,,0,0,,0,0,,,"*** KIMNI is the first-order reaction rate parameter for nitrate immobilization
*** (irrelevant if NUPFTG= 2)."
PERLND,NIT-FSTPMgroundwater,KAM_groundwater,float,40,50,,0,0,,0,0,,,*** KAM is the first-order reaction rate parameter for organic N ammonification.
PERLND,NIT-FSTPMgroundwater,KDNI_groundwater,float,50,60,,0,0,,0,0,,,*** KDNI is the first-order reaction rate parameter for denitrification.
PERLND,NIT-FSTPMgroundwater,KNI_groundwater,float,60,70,,0,0,,0,0,,,*** KNI is the first-order reaction rate parameter for nitrification.
PERLND,NIT-FSTPMgroundwater,KIMAM_groundwater,float,70,80,,0,0,,0,0,,,*** KIMAM is the first-order reaction rate parameter for ammonium immobilization.
PERLND,NIT-FSTPMlower,OPNID,int,0,5,,,,,,,,,*** PLSs to which these data apply.
PERLND,NIT-FSTPMlower,OPNIDLAST,int,5,10,,,,,,,,,*** PLSs to which these data apply.
PERLND,NIT-FSTPMlower,KDSAM_lower,float,10,20,,0,0,,0,0,,,"*** KDSAM is the first-order reaction rate parameter for ammonium desorption
*** (irrelevant if FORAFG= 1)"
PERLND,NIT-FSTPMlower,KADAM_lower,float,20,30,,0,0,,0,0,,,"*** KADAM is the first-order reaction rate parameter for ammonium adsorption
*** (irrelevant if FORAFG= 1)."
PERLND,NIT-FSTPMlower,KIMNI_lower,float,30,40,,0,0,,0,0,,,"*** KIMNI is the first-order reaction rate parameter for nitrate immobilization
*** (irrelevant if NUPFTG= 2)."
PERLND,NIT-FSTPMlower,KAM_lower,float,40,50,,0,0,,0,0,,,*** KAM is the first-order reaction rate parameter for organic N ammonification.
PERLND,NIT-FSTPMlower,KDNI_lower,float,50,60,,0,0,,0,0,,,*** KDNI is the first-order reaction rate parameter for denitrification.
PERLND,NIT-FSTPMlower,KNI_lower,float,60,70,,0,0,,0,0,,,*** KNI is the first-order reaction rate parameter for nitrification.
PERLND,NIT-FSTPMlower,KIMAM_lower,float,70,80,,0,0,,0,0,,,*** KIMAM is the first-order reaction rate parameter for ammonium immobilization.
PERLND,NIT-FSTPMsurface,OPNID,int,0,5,,,,,,,,,*** PLSs to which these data apply.
PERLND,NIT-FSTPMsurface,OPNIDLAST,int,5,10,,,,,,,,,*** PLSs to which these data apply.
PERLND,NIT-FSTPMsurface,KDSAM_surface,float,10,20,,0,0,,0,0,,,"*** KDSAM is the first-order reaction rate parameter for ammonium desorption
*** (irrelevant if FORAFG= 1)"
PERLND,NIT-FSTPMsurface,KADAM_surface,float,20,30,,0,0,,0,0,,,"*** KADAM is the first-order reaction rate parameter for ammonium adsorption
*** (irrelevant if FORAFG= 1)."
PERLND,NIT-FSTPMsurface,KIMNI_surface,float,30,40,,0,0,,0,0,,,"*** KIMNI is the first-order reaction rate parameter for nitrate immobilization
*** (irrelevant if NUPFTG= 2)."
PERLND,NIT-FSTPMsurface,KAM_surface,float,40,50,,0,0,,0,0,,,*** KAM is the first-order reaction rate parameter for organic N ammonification.
PERLND,NIT-FSTPMsurface,KDNI_surface,float,50,60,,0,0,,0,0,,,*** KDNI is the first-order reaction rate parameter for denitrification.
PERLND,NIT-FSTPMsurface,KNI_surface,float,60,70,,0,0,,0,0,,,*** KNI is the first-order reaction rate parameter for nitrification.
PERLND,NIT-FSTPMsurface,KIMAM_surface,float,70,80,,0,0,,0,0,,,*** KIMAM is the first-order reaction rate parameter for ammonium immobilization.
PERLND,NIT-FSTPMupper,OPNID,int,0,5,,,,,,,,,*** PLSs to which these data apply.
PERLND,NIT-FSTPMupper,OPNIDLAST,int,5,10,,,,,,,,,*** PLSs to which these data apply.
PERLND,NIT-FSTPMupper,KDSAM_upper,float,10,20,,0,0,,0,0,,,"*** KDSAM is the first-order reaction rate parameter for ammonium desorption
*** (irrelevant if FORAFG= 1)"
PERLND,NIT-FSTPMupper,KADAM_upper,float,20,30,,0,0,,0,0,,,"*** KADAM is the first-order reaction rate parameter for ammonium adsorption
*** (irrelevant if FORAFG= 1)."
PERLND,NIT-FSTPMupper,KIMNI_upper,float,30,40,,0,0,,0,0,,,"*** KIMNI is the first-order reaction rate parameter for nitrate immobilization
*** (irrelevant if NUPFTG= 2)."
PERLND,NIT-FSTPMupper,KAM_upper,float,40,50,,0,0,,0,0,,,*** KAM is the first-order reaction rate parameter for organic N ammonification.
PERLND,NIT-FSTPMupper,KDNI_upper,float,50,60,,0,0,,0,0,,,*** KDNI is the first-order reaction rate parameter for denitrification.
PERLND,NIT-FSTPMupper,KNI_upper,float,60,70,,0,0,,0,0,,,*** KNI is the first-order reaction rate parameter for nitrification.
PERLND,NIT-FSTPMupper,KIMAM_upper,float,70,80,,0,0,,0,0,,,*** KIMAM is the first-order reaction rate parameter for ammonium immobilization.
PERLND,NIT-ORGPMgroundwater,OPNID,int,0,5,,,,,,,,,*** PLSs to which these data apply.
PERLND,NIT-ORGPMgroundwater,OPNIDLAST,int,5,10,,,,,,,,,*** PLSs to which these data apply.
PERLND,NIT-ORGPMgroundwater,KLON_groundwater,float,10,20,,1E+020,0,1E+020,1E+020,0,1E+020,,"*** KLON is the partition coefficient for labile organic N. _PNAME
*** KLON"
PERLND,NIT-ORGPMgroundwater,KRON_groundwater,float,20,30,,1E+020,0,1E+020,1E+020,0,1E+020,,"*** KRON is the partition coefficient for refractory organic N. _PNAME
*** KRON"
PERLND,NIT-ORGPMgroundwater,KONLR_groundwater,float,30,40,,0,0,,0,0,,,"*** KONLR is the first-order conversion rate of particulate labile organic N
*** to particulate refractory organic N. _PNAME KONLR"
PERLND,NIT-ORGPMgroundwater,THNLR_groundwater,float,40,50,,1.07,1,2,1.07,1,2,,"*** THNLR is the temperature correction coefficient for the conversion of
*** particulate labile organic N to particulate refractory organic N. _PNAME
*** THNLR"
PERLND,NIT-ORGPMlower,OPNID,int,0,5,,,,,,,,,*** PLSs to which these data apply.
PERLND,NIT-ORGPMlower,OPNIDLAST,int,5,10,,,,,,,,,*** PLSs to which these data apply.
PERLND,NIT-ORGPMlower,KLON_lower,float,10,20,,1E+020,0,1E+020,1E+020,0,1E+020,,"*** KLON is the partition coefficient for labile organic N. _PNAME
*** KLON"
PERLND,NIT-ORGPMlower,KRON_lower,float,20,30,,1E+020,0,1E+020,1E+020,0,1E+020,,"*** KRON is the partition coefficient for refractory organic N. _PNAME
*** KRON"
PERLND,NIT-ORGPMlower,KONLR_lower,float,30,40,,0,0,,0,0,,,"*** KONLR is the first-order conversion rate of particulate labile organic N
*** to particulate refractory organic N. _PNAME KONLR"
PERLND,NIT-ORGPMlower,THNLR_lower,float,40,50,,1.07,1,2,1.07,1,2,,"*** THNLR is the temperature correction coefficient for the conversion of
*** particulate labile organic N to particulate refractory organic N. _PNAME
*** THNLR"
PERLND,NIT-ORGPMsurface,OPNID,int,0,5,,,,,,,,,*** PLSs to which these data apply.
PERLND,NIT-ORGPMsurface,OPNIDLAST,int,5,10,,,,,,,,,*** PLSs to which these data apply.
PERLND,NIT-ORGPMsurface,KLON_surface,float,10,20,,1E+020,0,1E+020,1E+020,0,1E+020,,"*** KLON is the partition coefficient for labile organic N. _PNAME
*** KLON"
PERLND,NIT-ORGPMsurface,KRON_surface,float,20,30,,1E+020,0,1E+020,1E+020,0,1E+020,,"*** KRON is the partition coefficient for refractory organic N. _PNAME
*** KRON"
PERLND,NIT-ORGPMsurface,KONLR_surface,float,30,40,,0,0,,0,0,,,"*** KONLR is the first-order conversion rate of particulate labile organic N
*** to particulate refractory organic N. _PNAME KONLR"
PERLND,NIT-ORGPMsurface,THNLR_surface,float,40,50,,1.07,1,2,1.07,1,2,,"*** THNLR is the temperature correction coefficient for the conversion of
*** particulate labile organic N to particulate refractory organic N. _PNAME
*** THNLR"
PERLND,NIT-ORGPMupper,OPNID,int,0,5,,,,,,,,,*** PLSs to which these data apply.
PERLND,NIT-ORGPMupper,OPNIDLAST,int,5,10,,,,,,,,,*** PLSs to which these data apply.
PERLND,NIT-ORGPMupper,KLON_upper,float,10,20,,1E+020,0,1E+020,1E+020,0,1E+020,,"*** KLON is the partition coefficient for labile organic N. _PNAME
*** KLON"
PERLND,NIT-ORGPMupper,KRON_upper,float,20,30,,1E+020,0,1E+020,1E+020,0,1E+020,,"*** KRON is the partition coefficient for refractory organic N. _PNAME
*** KRON"
PERLND,NIT-ORGPMupper,KONLR_upper,float,30,40,,0,0,,0,0,,,"*** KONLR is the first-order conversion rate of particulate labile organic N
*** to particulate refractory organic N. _PNAME KONLR"
PERLND,NIT-ORGPMupper,THNLR_upper,float,40,50,,1.07,1,2,1.07,1,2,,"*** THNLR is the temperature correction coefficient for the conversion of
*** particulate labile organic N to particulate refractory organic N. _PNAME
*** THNLR"
PERLND,NIT-STOR1groundwater,OPNID,int,0,5,,,,,,,,,*** PLSs to which these data apply.
PERLND,NIT-STOR1groundwater,OPNIDLAST,int,5,10,,,,,,,,,*** PLSs to which these data apply.
PERLND,NIT-STOR1groundwater,LORGN_groundwater,float,10,20,,0,0,,0,0,,,"*** LORGN is the initial total labile organic N storage (solution plus
*** particulate)."
PERLND,NIT-STOR1groundwater,AMAD_groundwater,float,20,30,,0,0,,0,0,,,*** AMAD is the initial adsorbed ammonium storage.
PERLND,NIT-STOR1groundwater,AMSU_groundwater,float,30,40,,0,0,,0,0,,,*** AMSU is the initial solution ammonium storage.
PERLND,NIT-STOR1groundwater,NO3_groundwater,float,40,50,,0,0,,0,0,,,*** NO3 is the initial nitrate storage.
PERLND,NIT-STOR1groundwater,PLTN_groundwater,float,50,60,,0,0,,0,0,,,*** PLTN is the initial N stored in plants.
PERLND,NIT-STOR1groundwater,RORGN_groundwater,float,60,70,,0,0,,0,0,,,"*** RORGN is the initial total refractory organic N storage (solution plus
*** particulate)."
PERLND,NIT-STOR1lower,OPNID,int,0,5,,,,,,,,,*** PLSs to which these data apply.
PERLND,NIT-STOR1lower,OPNIDLAST,int,5,10,,,,,,,,,*** PLSs to which these data apply.
PERLND,NIT-STOR1lower,LORGN_lower,float,10,20,,0,0,,0,0,,,"*** LORGN is the initial total labile organic N storage (solution plus
*** particulate)."
PERLND,NIT-STOR1lower,AMAD_lower,float,20,30,,0,0,,0,0,,,*** AMAD is the initial adsorbed ammonium storage.
PERLND,NIT-STOR1lower,AMSU_lower,float,30,40,,0,0,,0,0,,,*** AMSU is the initial solution ammonium storage.
PERLND,NIT-STOR1lower,NO3_lower,float,40,50,,0,0,,0,0,,,*** NO3 is the initial nitrate storage.
PERLND,NIT-STOR1lower,PLTN_lower,float,50,60,,0,0,,0,0,,,*** PLTN is the initial N stored in plants.
PERLND,NIT-STOR1lower,RORGN_lower,float,60,70,,0,0,,0,0,,,"*** RORGN is the initial total refractory organic N storage (solution plus
*** particulate)."
PERLND,NIT-STOR1surface,OPNID,int,0,5,,,,,,,,,*** PLSs to which these data apply.
PERLND,NIT-STOR1surface,OPNIDLAST,int,5,10,,,,,,,,,*** PLSs to which these data apply.
PERLND,NIT-STOR1surface,LORGN_surface,float,10,20,,0,0,,0,0,,,"*** LORGN is the initial total labile organic N storage (solution plus
*** particulate)."
PERLND,NIT-STOR1surface,AMAD_surface,float,20,30,,0,0,,0,0,,,*** AMAD is the initial adsorbed ammonium storage.
PERLND,NIT-STOR1surface,AMSU_surface,float,30,40,,0,0,,0,0,,,*** AMSU is the initial solution ammonium storage.
PERLND,NIT-STOR1surface,NO3_surface,float,40,50,,0,0,,0,0,,,*** NO3 is the initial nitrate storage.
PERLND,NIT-STOR1surface,PLTN_surface,float,50,60,,0,0,,0,0,,,*** PLTN is the initial N stored in plants.
PERLND,NIT-STOR1surface,RORGN_surface,float,60,70,,0,0,,0,0,,,"*** RORGN is the initial total refractory organic N storage (solution plus
*** particulate)."
PERLND,NIT-STOR1upper,OPNID,int,0,5,,,,,,,,,*** PLSs to which these data apply.
PERLND,NIT-STOR1upper,OPNIDLAST,int,5,10,,,,,,,,,*** PLSs to which these data apply.
PERLND,NIT-STOR1upper,LORGN_upper,float,10,20,,0,0,,0,0,,,"*** LORGN is the initial total labile organic N storage (solution plus
*** particulate)."
PERLND,NIT-STOR1upper,AMAD_upper,float,20,30,,0,0,,0,0,,,*** AMAD is the initial adsorbed ammonium storage.
PERLND,NIT-STOR1upper,AMSU_upper,float,30,40,,0,0,,0,0,,,*** AMSU is the initial solution ammonium storage.
PERLND,NIT-STOR1upper,NO3_upper,float,40,50,,0,0,,0,0,,,*** NO3 is the initial nitrate storage.
PERLND,NIT-STOR1upper,PLTN_upper,float,50,60,,0,0,,0,0,,,*** PLTN is the initial N stored in plants.
PERLND,NIT-STOR1upper,RORGN_upper,float,60,70,,0,0,,0,0,,,"*** RORGN is the initial total refractory organic N storage (solution plus
*** particulate)."
PERLND,NIT-STOR2,OPNID,int,0,5,,,,,,,,,*** PLSs to which these data apply.
PERLND,NIT-STOR2,OPNIDLAST,int,5,10,,,,,,,,,*** PLSs to which these data apply.
PERLND,NIT-STOR2,IAMSU,float,10,20,,0,0,,0,0,,,"*** IAMSU specifies the initial storage of ammonium in the upper layer
*** transitory (interflow) storage."
PERLND,NIT-STOR2,INO3,float,20,30,,0,0,,0,0,,,"*** INO3 specifies the initial storage of nitrate in the upper layer
*** transitory (interflow) storage."
PERLND,NIT-STOR2,ISLON,float,30,40,,0,0,,0,0,,,"*** ISLON specifies the initial storage of solution labile organic N in the
*** upper layer transitory (interflow) storage."
PERLND,NIT-STOR2,ISRON,float,40,50,,0,0,,0,0,,,"*** ISRON specifies the initial storage of solution refractory organic N in
*** the upper layer transitory (interflow) storage."
PERLND,NIT-STOR2,AGPLTN,float,50,60,,0,0,,0,0,,,"*** AGPLTN specifies the initial storage of N in the above-ground plant
*** compartment."
PERLND,NIT-STOR2,LITTRN,float,60,70,,0,0,,0,0,,,*** LITTRN specifies the initial storage of N in the litter compartment.
PERLND,NIT-SVALPMgroundwater,OPNID,int,0,5,,,,,,,,,*** PLSs to which these data apply.
PERLND,NIT-SVALPMgroundwater,OPNIDLAST,int,5,10,,,,,,,,,*** PLSs to which these data apply.
PERLND,NIT-SVALPMgroundwater,XFIX_groundwater,float,10,20,,0,0,,0,0,,,"*** XFIX is the maximum concentration (on the soil) of ammonium which is
*** permanently fixed to the soil. The system expects this table to appear
*** four times: surface layer, upper layer, lower layer, groundwater
*** layer."
PERLND,NIT-SVALPMgroundwater,K1_groundwater,float,20,30,,0,0,,0,0,,,"*** K1 is the coefficient parameter for the single-value Freundlich
*** adsorption/desorption equation. The system expects this table to appear
*** four times: surface layer, upper layer, lower layer, groundwater
*** layer."
PERLND,NIT-SVALPMgroundwater,N1_groundwater,float,30,40,,,1,,,1,,,"*** N1 is the exponent parameter for the single-value Freundlich adsorption/
*** desorption equation. The system expects this table to appear four times:
*** surface layer, upper layer, lower layer, groundwater layer."
PERLND,NIT-SVALPMlower,OPNID,int,0,5,,,,,,,,,*** PLSs to which these data apply.
PERLND,NIT-SVALPMlower,OPNIDLAST,int,5,10,,,,,,,,,*** PLSs to which these data apply.
PERLND,NIT-SVALPMlower,XFIX_lower,float,10,20,,0,0,,0,0,,,"*** XFIX is the maximum concentration (on the soil) of ammonium which is
*** permanently fixed to the soil. The system expects this table to appear
*** four times: surface layer, upper layer, lower layer, groundwater
*** layer."
PERLND,NIT-SVALPMlower,K1_lower,float,20,30,,0,0,,0,0,,,"*** K1 is the coefficient parameter for the single-value Freundlich
*** adsorption/desorption equation. The system expects this table to appear
*** four times: surface layer, upper layer, lower layer, groundwater
*** layer."
PERLND,NIT-SVALPMlower,N1_lower,float,30,40,,,1,,,1,,,"*** N1 is the exponent parameter for the single-value Freundlich adsorption/
*** desorption equation. The system expects this table to appear four times:
*** surface layer, upper layer, lower layer, groundwater layer."
PERLND,NIT-SVALPMsurface,OPNID,int,0,5,,,,,,,,,*** PLSs to which these data apply.
PERLND,NIT-SVALPMsurface,OPNIDLAST,int,5,10,,,,,,,,,*** PLSs to which these data apply.
PERLND,NIT-SVALPMsurface,XFIX_surface,float,10,20,,0,0,,0,0,,,"*** XFIX is the maximum concentration (on the soil) of ammonium which is
*** permanently fixed to the soil. The system expects this table to appear
*** four times: surface layer, upper layer, lower layer, groundwater
*** layer."
PERLND,NIT-SVALPMsurface,K1_surface,float,20,30,,0,0,,0,0,,,"*** K1 is the coefficient parameter for the single-value Freundlich
*** adsorption/desorption equation. The system expects this table to appear
*** four times: surface layer, upper layer, lower layer, groundwater
*** layer."
PERLND,NIT-SVALPMsurface,N1_surface,float,30,40,,,1,,,1,,,"*** N1 is the exponent parameter for the single-value Freundlich adsorption/
*** desorption equation. The system expects this table to appear four times:
*** surface layer, upper layer, lower layer, groundwater layer."
PERLND,NIT-SVALPMupper,OPNID,int,0,5,,,,,,,,,*** PLSs to which these data apply.
PERLND,NIT-SVALPMupper,OPNIDLAST,int,5,10,,,,,,,,,*** PLSs to which these data apply.
PERLND,NIT-SVALPMupper,XFIX_upper,float,10,20,,0,0,,0,0,,,"*** XFIX is the maximum concentration (on the soil) of ammonium which is
*** permanently fixed to the soil. The system expects this table to appear
*** four times: surface layer, upper layer, lower layer, groundwater
*** layer."
PERLND,NIT-SVALPMupper,K1_upper,float,20,30,,0,0,,0,0,,,"*** K1 is the coefficient parameter for the single-value Freundlich
*** adsorption/desorption equation. The system expects this table to appear
*** four times: surface layer, upper layer, lower layer, groundwater
*** layer."
PERLND,NIT-SVALPMupper,N1_upper,float,30,40,,,1,,,1,,,"*** N1 is the exponent parameter for the single-value Freundlich adsorption/
*** desorption equation. The system expects this table to appear four times:
*** surface layer, upper layer, lower layer, groundwater layer."
PERLND,NIT-UPIMCSATgroundwater,OPNID,int,0,5,,,,,,,,,*** PLSs to which these data apply.
PERLND,NIT-UPIMCSATgroundwater,OPNIDLAST,int,5,10,,,,,,,,,*** PLSs to which these data apply.
PERLND,NIT-UPIMCSATgroundwater,CSUNI_groundwater,float,10,20,,0,0,,0,0,,,"*** CSUNI is the nitrate half saturation constant for plant uptake. _PNAME
*** CSUNI"
PERLND,NIT-UPIMCSATgroundwater,CSUAM_groundwater,float,20,30,,0,0,,0,0,,,"*** CSUAM is the ammonia half saturation constant for plant uptake. _PNAME
*** CSUAM"
PERLND,NIT-UPIMCSATgroundwater,CSINI_groundwater,float,30,40,,0,0,,0,0,,,"*** CSINI is the nitrate half saturation constant for immobilization. _PNAME
*** CSINI"
PERLND,NIT-UPIMCSATgroundwater,CSIAM_groundwater,float,40,50,,0,0,,0,0,,,"*** CSIAM is the ammonia half saturation constant for immobilization. _PNAME
*** CSIAM"
PERLND,NIT-UPIMCSATlower,OPNID,int,0,5,,,,,,,,,*** PLSs to which these data apply.
PERLND,NIT-UPIMCSATlower,OPNIDLAST,int,5,10,,,,,,,,,*** PLSs to which these data apply.
PERLND,NIT-UPIMCSATlower,CSUNI_lower,float,10,20,,0,0,,0,0,,,"*** CSUNI is the nitrate half saturation constant for plant uptake. _PNAME
*** CSUNI"
PERLND,NIT-UPIMCSATlower,CSUAM_lower,float,20,30,,0,0,,0,0,,,"*** CSUAM is the ammonia half saturation constant for plant uptake. _PNAME
*** CSUAM"
PERLND,NIT-UPIMCSATlower,CSINI_lower,float,30,40,,0,0,,0,0,,,"*** CSINI is the nitrate half saturation constant for immobilization. _PNAME
*** CSINI"
PERLND,NIT-UPIMCSATlower,CSIAM_lower,float,40,50,,0,0,,0,0,,,"*** CSIAM is the ammonia half saturation constant for immobilization. _PNAME
*** CSIAM"
PERLND,NIT-UPIMCSATsurface,OPNID,int,0,5,,,,,,,,,*** PLSs to which these data apply.
PERLND,NIT-UPIMCSATsurface,OPNIDLAST,int,5,10,,,,,,,,,*** PLSs to which these data apply.
PERLND,NIT-UPIMCSATsurface,CSUNI_surface,float,10,20,,0,0,,0,0,,,"*** CSUNI is the nitrate half saturation constant for plant uptake. _PNAME
*** CSUNI"
PERLND,NIT-UPIMCSATsurface,CSUAM_surface,float,20,30,,0,0,,0,0,,,"*** CSUAM is the ammonia half saturation constant for plant uptake. _PNAME
*** CSUAM"
PERLND,NIT-UPIMCSATsurface,CSINI_surface,float,30,40,,0,0,,0,0,,,"*** CSINI is the nitrate half saturation constant for immobilization. _PNAME
*** CSINI"
PERLND,NIT-UPIMCSATsurface,CSIAM_surface,float,40,50,,0,0,,0,0,,,"*** CSIAM is the ammonia half saturation constant for immobilization. _PNAME
*** CSIAM"
PERLND,NIT-UPIMCSATupper,OPNID,int,0,5,,,,,,,,,*** PLSs to which these data apply.
PERLND,NIT-UPIMCSATupper,OPNIDLAST,int,5,10,,,,,,,,,*** PLSs to which these data apply.
PERLND,NIT-UPIMCSATupper,CSUNI_upper,float,10,20,,0,0,,0,0,,,"*** CSUNI is the nitrate half saturation constant for plant uptake. _PNAME
*** CSUNI"
PERLND,NIT-UPIMCSATupper,CSUAM_upper,float,20,30,,0,0,,0,0,,,"*** CSUAM is the ammonia half saturation constant for plant uptake. _PNAME
*** CSUAM"
PERLND,NIT-UPIMCSATupper,CSINI_upper,float,30,40,,0,0,,0,0,,,"*** CSINI is the nitrate half saturation constant for immobilization. _PNAME
*** CSINI"
PERLND,NIT-UPIMCSATupper,CSIAM_upper,float,40,50,,0,0,,0,0,,,"*** CSIAM is the ammonia half saturation constant for immobilization. _PNAME
*** CSIAM"
PERLND,NIT-UPIMKMAXlower,OPNID,int,0,5,,,,,,,,,*** PLSs to which these data apply.
PERLND,NIT-UPIMKMAXlower,OPNIDLAST,int,5,10,,,,,,,,,*** PLSs to which these data apply.
PERLND,NIT-UPIMKMAXlower,KUPNI_lower,float,10,20,,0,0,,0,0,,,*** KUPNI is the maximum plant uptake rate for nitrate. _PNAME KUPNI
PERLND,NIT-UPIMKMAXlower,KUPAM_lower,float,20,30,,0,0,,0,0,,,*** KUPAM is the maximum plant uptake rate for ammonia. _PNAME KUPAM
PERLND,NIT-UPIMKMAXlower,KIMNI_lower,float,30,40,,0,0,,0,0,,,*** KIMNI is the maximum immobilization rate for nitrate. _PNAME KIMNI
PERLND,NIT-UPIMKMAXlower,KIMAM_lower,float,40,50,,0,0,,0,0,,,*** KIMAM is the maximum immobilization rate for ammonia. _PNAME KIMAM
PERLND,NIT-UPIMKMAXsurface,OPNID,int,0,5,,,,,,,,,*** PLSs to which these data apply.
PERLND,NIT-UPIMKMAXsurface,OPNIDLAST,int,5,10,,,,,,,,,*** PLSs to which these data apply.
PERLND,NIT-UPIMKMAXsurface,KUPNI_surface,float,10,20,,0,0,,0,0,,,*** KUPNI is the maximum plant uptake rate for nitrate. _PNAME KUPNI
PERLND,NIT-UPIMKMAXsurface,KUPAM_surface,float,20,30,,0,0,,0,0,,,*** KUPAM is the maximum plant uptake rate for ammonia. _PNAME KUPAM
PERLND,NIT-UPIMKMAXsurface,KIMNI_surface,float,30,40,,0,0,,0,0,,,*** KIMNI is the maximum immobilization rate for nitrate. _PNAME KIMNI
PERLND,NIT-UPIMKMAXsurface,KIMAM_surface,float,40,50,,0,0,,0,0,,,*** KIMAM is the maximum immobilization rate for ammonia. _PNAME KIMAM
PERLND,NIT-UPIMKMAXupper,OPNID,int,0,5,,,,,,,,,*** PLSs to which these data apply.
PERLND,NIT-UPIMKMAXupper,OPNIDLAST,int,5,10,,,,,,,,,*** PLSs to which these data apply.
PERLND,NIT-UPIMKMAXupper,KUPNI_upper,float,10,20,,0,0,,0,0,,,*** KUPNI is the maximum plant uptake rate for nitrate. _PNAME KUPNI
PERLND,NIT-UPIMKMAXupper,KUPAM_upper,float,20,30,,0,0,,0,0,,,*** KUPAM is the maximum plant uptake rate for ammonia. _PNAME KUPAM
PERLND,NIT-UPIMKMAXupper,KIMNI_upper,float,30,40,,0,0,,0,0,,,*** KIMNI is the maximum immobilization rate for nitrate. _PNAME KIMNI
PERLND,NIT-UPIMKMAXupper,KIMAM_upper,float,40,50,,0,0,,0,0,,,*** KIMAM is the maximum immobilization rate for ammonia. _PNAME KIMAM
PERLND,NIT-UPIMKMAX-groundwater,OPNID,int,0,5,,,,,,,,,*** PLSs to which these data apply.
PERLND,NIT-UPIMKMAX-groundwater,OPNIDLAST,int,5,10,,,,,,,,,*** PLSs to which these data apply.
PERLND,NIT-UPIMKMAX-groundwater,KUPNI_groundwater,float,10,20,,0,0,,0,0,,,*** KUPNI is the maximum plant uptake rate for nitrate. _PNAME KUPNI
PERLND,NIT-UPIMKMAX-groundwater,KUPAM_groundwater,float,20,30,,0,0,,0,0,,,*** KUPAM is the maximum plant uptake rate for ammonia. _PNAME KUPAM
PERLND,NIT-UPIMKMAX-groundwater,KIMNI_groundwater,float,30,40,,0,0,,0,0,,,*** KIMNI is the maximum immobilization rate for nitrate. _PNAME KIMNI
PERLND,NIT-UPIMKMAX-groundwater,KIMAM_groundwater,float,40,50,,0,0,,0,0,,,*** KIMAM is the maximum immobilization rate for ammonia. _PNAME KIMAM
PERLND,NIT-UPTAKE,OPNID,int,0,5,,,,,,,,,*** PLSs to which these data apply.
PERLND,NIT-UPTAKE,OPNIDLAST,int,5,10,,,,,,,,,*** PLSs to which these data apply.
PERLND,NIT-UPTAKE,SKPLN,float,10,20,,0,0,,0,0,,,"*** SKPLN is the plant nitrogen uptake reaction rate parameter for the
*** surface layer."
PERLND,NIT-UPTAKE,UKPLN,float,20,30,,0,0,,0,0,,,"*** UKPLN is the plant nitrogen uptake reaction rate parameter for the upper
*** layer."
PERLND,NIT-UPTAKE,LKPLN,float,30,40,,0,0,,0,0,,,"*** LKPLN is the plant nitrogen uptake reaction rate parameter for the lower
*** layer."
PERLND,NIT-UPTAKE,AKPLN,float,40,50,,0,0,,0,0,,,"*** AKPLN is the plant nitrogen uptake reaction rate parameter for the
*** active groundwater layer."
PERLND,NIT-YIELD,OPNID,int,0,5,,,,,,,,,*** PLSs to which these data apply.
PERLND,NIT-YIELD,OPNIDLAST,int,5,10,,,,,,,,,*** PLSs to which these data apply.
PERLND,NIT-YIELD,NUPTGT,float,10,20,,0,0,,0,0,,,*** NUPTGT is the total annual uptake target for nitrogen. _PNAME NUPTGT
PERLND,NIT-YIELD,NMXRAT,float,20,30,,1,1,,1,1,,,"*** NMXRAT is the ratio of maximum possible N uptake to optimum uptake rate.
*** _PNAME NMXRAT"
PERLND,NQUALS,OPNID,int,0,5,,,,,,,,,*** PLSs to which these data apply.
PERLND,NQUALS,OPNIDLAST,int,5,10,,,,,,,,,*** PLSs to which these data apply.
PERLND,NQUALS,NQUAL,int,10,15,,1,1,10,1,1,10,,*** NQUAL is the total number of quality constituents.
PERLND,PEST-AD-FLAGS,OPNID,int,0,5,,,,,,,,,*** PLSs to which these data apply.
PERLND,PEST-AD-FLAGS,OPNIDLAST,int,5,10,,,,,,,,,*** PLSs to which these data apply.
PERLND,PEST-AD-FLAGS,PEADFG1,int,11,14,,0,-1,999,0,-1,999,,"*** Value of 0 indicates that atmospheric deposition flux of pesticide #1 in
*** crystalline form is absent. A value of -1 indicates that it is supplied
*** as a direct time series as PEADFX. A value greater than 0 indicates the
*** index number of the MONTH-DATA block to be used to supply atmospheric
*** deposition data. _PNAME PEADFG(1)"
PERLND,PEST-AD-FLAGS,PEADFG2,int,14,17,,0,-1,999,0,-1,999,,"*** Value of 0 indicates that concentration of pesticide #1 in crystalline
*** form in precipitation is absent. A value of -1 indicates that it is
*** supplied as a direct time series as PEADCN. A value greater than 0
*** indicates the index number of the MONTH-DATA block to be used to supply
*** atmospheric deposition data. _PNAME PEADFG(2)"
PERLND,PEST-AD-FLAGS,PEADFG3,int,18,21,,0,-1,999,0,-1,999,,"*** Value of 0 indicates that atmospheric deposition flux of pesticide #1 in
*** adsorbed form is absent. A value of -1 indicates that it is supplied as
*** a direct time series as PEADFX. A value greater than 0 indicates the
*** index number of the MONTH-DATA block to be used to supply atmospheric
*** deposition data. _PNAME PEADFG(3)"
PERLND,PEST-AD-FLAGS,PEADFG4,int,21,24,,0,-1,999,0,-1,999,,"*** Value of 0 indicates that concentration of pesticide #1 in adsorbed form
*** in precipitation is absent. A value of -1 indicates that it is supplied
*** as a direct time series as PEADCN. A value greater than 0 indicates the
*** index number of the MONTH-DATA block to be used to supply atmospheric
*** deposition data. _PNAME PEADFG(4)"
PERLND,PEST-AD-FLAGS,PEADFG5,int,25,28,,0,-1,999,0,-1,999,,"*** Value of 0 indicates that atmospheric deposition flux of pesticide #1 in
*** solution form is absent. A value of -1 indicates that it is supplied as
*** a direct time series as PEADFX. A value greater than 0 indicates the
*** index number of the MONTH-DATA block to be used to supply atmospheric
*** deposition data. _PNAME PEADFG(5)"
PERLND,PEST-AD-FLAGS,PEADFG6,int,28,31,,0,-1,999,0,-1,999,,"*** Value of 0 indicates that concentration of pesticide #1 in solution form
*** in precipitation is absent. A value of -1 indicates that it is supplied
*** as a direct time series as PEADCN. A value greater than 0 indicates the
*** index number of the MONTH-DATA block to be used to supply atmospheric
*** deposition data. _PNAME PEADFG(6)"
PERLND,PEST-AD-FLAGS,PEADFG7,int,33,36,,0,-1,999,0,-1,999,,"*** Value of 0 indicates that atmospheric deposition flux of pesticide #2 in
*** crystalline form is absent. A value of -1 indicates that it is supplied
*** as a direct time series as PEADFX. A value greater than 0 indicates the
*** index number of the MONTH-DATA block to be used to supply atmospheric
*** deposition data. _PNAME PEADFG(7)"
PERLND,PEST-AD-FLAGS,PEADFG8,int,36,39,,0,-1,999,0,-1,999,,"*** Value of 0 indicates that concentration of pesticide #2 in crystalline
*** form in precipitation is absent. A value of -1 indicates that it is
*** supplied as a direct time series as PEADCN. A value greater than 0
*** indicates the index number of the MONTH-DATA block to be used to supply
*** atmospheric deposition data. _PNAME PEADFG(8)"
PERLND,PEST-AD-FLAGS,PEADFG9,int,40,43,,0,-1,999,0,-1,999,,"*** Value of 0 indicates that atmospheric deposition flux of pesticide #2 in
*** adsorbed form is absent. A value of -1 indicates that it is supplied as
*** a direct time series as PEADFX. A value greater than 0 indicates the
*** index number of the MONTH-DATA block to be used to supply atmospheric
*** deposition data. _PNAME PEADFG(9)"
PERLND,PEST-AD-FLAGS,PEADFG10,int,43,46,,0,-1,999,0,-1,999,,"*** Value of 0 indicates that concentration of pesticide #2 in adsorbed form
*** in precipitation is absent. A value of -1 indicates that it is supplied
*** as a direct time series as PEADCN. A value greater than 0 indicates the
*** index number of the MONTH-DATA block to be used to supply atmospheric
*** deposition data. _PNAME PEADFG(10)"
PERLND,PEST-AD-FLAGS,PEADFG11,int,47,50,,0,-1,999,0,-1,999,,"*** Value of 0 indicates that atmospheric deposition flux of pesticide #2 in
*** solution form is absent. A value of -1 indicates that it is supplied as
*** a direct time series as PEADFX. A value greater than 0 indicates the
*** index number of the MONTH-DATA block to be used to supply atmospheric
*** deposition data. _PNAME PEADFG(11)"
PERLND,PEST-AD-FLAGS,PEADFG12,int,50,53,,0,-1,999,0,-1,999,,"*** Value of 0 indicates that concentration of pesticide #2 in solution form
*** in precipitation is absent. A value of -1 indicates that it is supplied
*** as a direct time series as PEADCN. A value greater than 0 indicates the
*** index number of the MONTH-DATA block to be used to supply atmospheric
*** deposition data. _PNAME PEADFG(12)"
PERLND,PEST-AD-FLAGS,PEADFG13,int,55,58,,0,-1,999,0,-1,999,,"*** Value of 0 indicates that atmospheric deposition flux of pesticide #3 in
*** crystalline form is absent. A value of -1 indicates that it is supplied
*** as a direct time series as PEADFX. A value greater than 0 indicates the
*** index number of the MONTH-DATA block to be used to supply atmospheric
*** deposition data. _PNAME PEADFG(13)"
PERLND,PEST-AD-FLAGS,PEADFG14,int,58,61,,0,-1,999,0,-1,999,,"*** Value of 0 indicates that concentration of pesticide #3 in crystalline
*** form in precipitation is absent. A value of -1 indicates that it is
*** supplied as a direct time series as PEADCN. A value greater than 0
*** indicates the index number of the MONTH-DATA block to be used to supply
*** atmospheric deposition data. _PNAME PEADFG(14)"
PERLND,PEST-AD-FLAGS,PEADFG15,int,62,65,,0,-1,999,0,-1,999,,"*** Value of 0 indicates that atmospheric deposition flux of pesticide #3 in
*** adsorbed form is absent. A value of -1 indicates that it is supplied as
*** a direct time series as PEADFX. A value greater than 0 indicates the
*** index number of the MONTH-DATA block to be used to supply atmospheric
*** deposition data. _PNAME PEADFG(15)"
PERLND,PEST-AD-FLAGS,PEADFG16,int,65,68,,0,-1,999,0,-1,999,,"*** Value of 0 indicates that concentration of pesticide #3 in adsorbed form
*** in precipitation is absent. A value of -1 indicates that it is supplied
*** as a direct time series as PEADCN. A value greater than 0 indicates the
*** index number of the MONTH-DATA block to be used to supply atmospheric
*** deposition data. _PNAME PEADFG(16)"
PERLND,PEST-AD-FLAGS,PEADFG17,int,69,72,,0,-1,999,0,-1,999,,"*** Value of 0 indicates that atmospheric deposition flux of pesticide #3 in
*** solution form is absent. A value of -1 indicates that it is supplied as
*** a direct time series as PEADFX. A value greater than 0 indicates the
*** index number of the MONTH-DATA block to be used to supply atmospheric
*** deposition data. _PNAME PEADFG(17)"
PERLND,PEST-AD-FLAGS,PEADFG18,int,72,75,,0,-1,999,0,-1,999,,"*** Value of 0 indicates that concentration of pesticide #3 in solution form
*** in precipitation is absent. A value of -1 indicates that it is supplied
*** as a direct time series as PEADCN. A value greater than 0 indicates the
*** index number of the MONTH-DATA block to be used to supply atmospheric
*** deposition data. _PNAME PEADFG(18)"
PERLND,PEST-CMAX01,OPNID,int,0,5,,,,,,,,,*** PLSs to which these data apply.
PERLND,PEST-CMAX01,OPNIDLAST,int,5,10,,,,,,,,,*** PLSs to which these data apply.
PERLND,PEST-CMAX01,CMAX,float,10,20,,0,0,,0,0,,,*** CMAX is the maximum solubility of the pesticide in water.
PERLND,PEST-CMAX02,OPNID,int,0,5,,,,,,,,,*** PLSs to which these data apply.
PERLND,PEST-CMAX02,OPNIDLAST,int,5,10,,,,,,,,,*** PLSs to which these data apply.
PERLND,PEST-CMAX02,CMAX,float,10,20,,0,0,,0,0,,,*** CMAX is the maximum solubility of the pesticide in water.
PERLND,PEST-CMAX03,OPNID,int,0,5,,,,,,,,,*** PLSs to which these data apply.
PERLND,PEST-CMAX03,OPNIDLAST,int,5,10,,,,,,,,,*** PLSs to which these data apply.
PERLND,PEST-CMAX03,CMAX,float,10,20,,0,0,,0,0,,,*** CMAX is the maximum solubility of the pesticide in water.
PERLND,PEST-DEGRAD,OPNID,int,0,5,,,,,,,,,*** PLSs to which these data apply.
PERLND,PEST-DEGRAD,OPNIDLAST,int,5,10,,,,,,,,,*** PLSs to which these data apply.
PERLND,PEST-DEGRAD,SDGCON,float,10,20,,0,0,1,0,0,1,,*** SDGCON is the degradation rate of pesticide in the surface layer.
PERLND,PEST-DEGRAD,UDGCON,float,20,30,,0,0,1,0,0,1,,*** UDGCON is the degradation rate of pesticide in the upper layer.
PERLND,PEST-DEGRAD,LDGCON,float,30,40,,0,0,1,0,0,1,,*** LDGCON is the degradation rate of pesticide in the lower layer.
PERLND,PEST-DEGRAD,ADGCON,float,40,50,,0,0,1,0,0,1,,"*** ADGCON is the degradation rate of pesticide in the groundwater
*** layer."
PERLND,PEST-FIRSTPMgroundwater,OPNID,int,0,5,,,,,,,,,*** PLSs to which these data apply.
PERLND,PEST-FIRSTPMgroundwater,OPNIDLAST,int,5,10,,,,,,,,,*** PLSs to which these data apply.
PERLND,PEST-FIRSTPMgroundwater,KDSPS_groundwater,float,10,20,,0,0,,0,0,,,*** KDSPS is the first-order desorption rate at 35 deg C.
PERLND,PEST-FIRSTPMgroundwater,KADPS_groundwater,float,20,30,,0,0,,0,0,,,*** KADPS is the first-order adsorption rate at 35 deg C.
PERLND,PEST-FIRSTPMlower,OPNID,int,0,5,,,,,,,,,*** PLSs to which these data apply.
PERLND,PEST-FIRSTPMlower,OPNIDLAST,int,5,10,,,,,,,,,*** PLSs to which these data apply.
PERLND,PEST-FIRSTPMlower,KDSPS_lower,float,10,20,,0,0,,0,0,,,*** KDSPS is the first-order desorption rate at 35 deg C.
PERLND,PEST-FIRSTPMlower,KADPS_lower,float,20,30,,0,0,,0,0,,,*** KADPS is the first-order adsorption rate at 35 deg C.
PERLND,PEST-FIRSTPMsurface,OPNID,int,0,5,,,,,,,,,*** PLSs to which these data apply.
PERLND,PEST-FIRSTPMsurface,OPNIDLAST,int,5,10,,,,,,,,,*** PLSs to which these data apply.
PERLND,PEST-FIRSTPMsurface,KDSPS_surface,float,10,20,,0,0,,0,0,,,*** KDSPS is the first-order desorption rate at 35 deg C.
PERLND,PEST-FIRSTPMsurface,KADPS_surface,float,20,30,,0,0,,0,0,,,*** KADPS is the first-order adsorption rate at 35 deg C.
PERLND,PEST-FIRSTPMupper,OPNID,int,0,5,,,,,,,,,*** PLSs to which these data apply.
PERLND,PEST-FIRSTPMupper,OPNIDLAST,int,5,10,,,,,,,,,*** PLSs to which these data apply.
PERLND,PEST-FIRSTPMupper,KDSPS_upper,float,10,20,,0,0,,0,0,,,*** KDSPS is the first-order desorption rate at 35 deg C.
PERLND,PEST-FIRSTPMupper,KADPS_upper,float,20,30,,0,0,,0,0,,,*** KADPS is the first-order adsorption rate at 35 deg C.
PERLND,PEST-FLAGS,OPNID,int,0,5,,,,,,,,,*** PLSs to which these data apply.
PERLND,PEST-FLAGS,OPNIDLAST,int,5,10,,,,,,,,,*** PLSs to which these data apply.
PERLND,PEST-FLAGS,NPST,int,10,15,,1,1,3,1,1,3,,*** NPST is the number of pesticides being simulated in the operation.
PERLND,PEST-FLAGS,ITMXP1,int,15,20,,30,1,100,30,1,100,,"*** ITMXPS(1)-(3) are the maximum number of iterations that will be made in
*** trying to solve for adsorbed and dissolved equilibrium using the
*** Freundlich isotherm. A separate value may be supplied for each pesticide
*** being handled (up to 3). If the Freundlich method is not being used,
*** these values have no effect."
PERLND,PEST-FLAGS,ITMXP2,int,20,25,,30,1,100,30,1,100,,
PERLND,PEST-FLAGS,ITMXP3,int,25,30,,30,1,100,30,1,100,,
PERLND,PEST-FLAGS,ADOPF1,int,30,35,,2,1,3,2,1,3,,"*** ADOPFG(1) is the flag which indicates which method will be used to
*** simulate adsorption/desorption, for pesticide 1; value of 1 means
*** first-order kinetics, 2 means single-value Freundlich method, and 3
*** means non-single value Freundlich method."
PERLND,PEST-FLAGS,ADOPF2,int,35,40,,2,1,3,2,1,3,,"*** ADOPFG(2) is the flag which indicates which method will be used to
*** simulate adsorption/desorption, for pesticide 2; value of 1 means
*** first-order kinetics, 2 means single-value Freundlich method, and 3
*** means non-single value Freundlich method."
PERLND,PEST-FLAGS,ADOPF3,int,40,45,,2,1,3,2,1,3,,"*** ADOPFG(3) is the flag which indicates which method will be used to
*** simulate adsorption/desorption, for pesticide 3; value of 1 means
*** first-order kinetics, 2 means single-value Freundlich method, and 3
*** means non-single value Freundlich method."
PERLND,PEST-ID01,OPNID,int,0,5,,,,,,,,,*** PLSs to which these data apply.
PERLND,PEST-ID01,OPNIDLAST,int,5,10,,,,,,,,,*** PLSs to which these data apply.
PERLND,PEST-ID01,PESTID,string,10,30,,,,,,,,,"*** PESTID(*) is a string of up to 20 characters which specifies the
*** pesticide name."
PERLND,PEST-ID02,OPNID,int,0,5,,,,,,,,,*** PLSs to which these data apply.
PERLND,PEST-ID02,OPNIDLAST,int,5,10,,,,,,,,,*** PLSs to which these data apply.
PERLND,PEST-ID02,PESTID,string,10,30,,,,,,,,,"*** PESTID(*) is a string of up to 20 characters which specifies the
*** pesticide name."
PERLND,PEST-ID03,OPNID,int,0,5,,,,,,,,,*** PLSs to which these data apply.
PERLND,PEST-ID03,OPNIDLAST,int,5,10,,,,,,,,,*** PLSs to which these data apply.
PERLND,PEST-ID03,PESTID,string,10,30,,,,,,,,,"*** PESTID(*) is a string of up to 20 characters which specifies the
*** pesticide name."
PERLND,PEST-NONSVPMgroundwater01,OPNID,int,0,5,,,,,,,,,*** PLSs to which these data apply.
PERLND,PEST-NONSVPMgroundwater01,OPNIDLAST,int,5,10,,,,,,,,,*** PLSs to which these data apply.
PERLND,PEST-NONSVPMgroundwater01,XFIX_groundwater,float,10,20,,0,0,,0,0,,,"*** XFIX is the maximum concentration (on the soil) of pesticide which is
*** permanently fixed in the soil."
PERLND,PEST-NONSVPMgroundwater01,K1_groundwater,float,20,30,,0,0,,0,0,,,"*** K1 is the coefficient parameter for the non-single-value Freundlich
*** curve used for adsorption."
PERLND,PEST-NONSVPMgroundwater01,N1_groundwater,float,30,40,,,1,,,1,,,"*** N1 is the exponent parameter for the non-single-value Freundlich curve
*** used for adsorption."
PERLND,PEST-NONSVPMgroundwater01,N2_groundwater,float,40,50,,,1,,,1,,,"*** N2 is the exponent parameter for the auxiliary (""desorption"") curve for
*** the non-single-value Freundlich method."
PERLND,PEST-NONSVPMlower01,OPNID,int,0,5,,,,,,,,,*** PLSs to which these data apply.
PERLND,PEST-NONSVPMlower01,OPNIDLAST,int,5,10,,,,,,,,,*** PLSs to which these data apply.
PERLND,PEST-NONSVPMlower01,XFIX_lower,float,10,20,,0,0,,0,0,,,"*** XFIX is the maximum concentration (on the soil) of pesticide which is
*** permanently fixed in the soil."
PERLND,PEST-NONSVPMlower01,K1_lower,float,20,30,,0,0,,0,0,,,"*** K1 is the coefficient parameter for the non-single-value Freundlich
*** curve used for adsorption."
PERLND,PEST-NONSVPMlower01,N1_lower,float,30,40,,,1,,,1,,,"*** N1 is the exponent parameter for the non-single-value Freundlich curve
*** used for adsorption."
PERLND,PEST-NONSVPMlower01,N2_lower,float,40,50,,,1,,,1,,,"*** N2 is the exponent parameter for the auxiliary (""desorption"") curve for
*** the non-single-value Freundlich method."
PERLND,PEST-NONSVPMsurface01,OPNID,int,0,5,,,,,,,,,*** PLSs to which these data apply.
PERLND,PEST-NONSVPMsurface01,OPNIDLAST,int,5,10,,,,,,,,,*** PLSs to which these data apply.
PERLND,PEST-NONSVPMsurface01,XFIX_surface,float,10,20,,0,0,,0,0,,,"*** XFIX is the maximum concentration (on the soil) of pesticide which is
*** permanently fixed in the soil."
PERLND,PEST-NONSVPMsurface01,K1_surface,float,20,30,,0,0,,0,0,,,"*** K1 is the coefficient parameter for the non-single-value Freundlich
*** curve used for adsorption."
PERLND,PEST-NONSVPMsurface01,N1_surface,float,30,40,,,1,,,1,,,"*** N1 is the exponent parameter for the non-single-value Freundlich curve
*** used for adsorption."
PERLND,PEST-NONSVPMsurface01,N2_surface,float,40,50,,,1,,,1,,,"*** N2 is the exponent parameter for the auxiliary (""desorption"") curve for
*** the non-single-value Freundlich method."
PERLND,PEST-NONSVPMupper01,OPNID,int,0,5,,,,,,,,,*** PLSs to which these data apply.
PERLND,PEST-NONSVPMupper01,OPNIDLAST,int,5,10,,,,,,,,,*** PLSs to which these data apply.
PERLND,PEST-NONSVPMupper01,XFIX_upper,float,10,20,,0,0,,0,0,,,"*** XFIX is the maximum concentration (on the soil) of pesticide which is
*** permanently fixed in the soil."
PERLND,PEST-NONSVPMupper01,K1_upper,float,20,30,,0,0,,0,0,,,"*** K1 is the coefficient parameter for the non-single-value Freundlich
*** curve used for adsorption."
PERLND,PEST-NONSVPMupper01,N1_upper,float,30,40,,,1,,,1,,,"*** N1 is the exponent parameter for the non-single-value Freundlich curve
*** used for adsorption."
PERLND,PEST-NONSVPMupper01,N2_upper,float,40,50,,,1,,,1,,,"*** N2 is the exponent parameter for the auxiliary (""desorption"") curve for
*** the non-single-value Freundlich method."
PERLND,PEST-NONSVPMgroundwater02,OPNID,int,0,5,,,,,,,,,*** PLSs to which these data apply.
PERLND,PEST-NONSVPMgroundwater02,OPNIDLAST,int,5,10,,,,,,,,,*** PLSs to which these data apply.
PERLND,PEST-NONSVPMgroundwater02,XFIX_groundwater,float,10,20,,0,0,,0,0,,,"*** XFIX is the maximum concentration (on the soil) of pesticide which is
*** permanently fixed in the soil."
PERLND,PEST-NONSVPMgroundwater02,K1_groundwater,float,20,30,,0,0,,0,0,,,"*** K1 is the coefficient parameter for the non-single-value Freundlich
*** curve used for adsorption."
PERLND,PEST-NONSVPMgroundwater02,N1_groundwater,float,30,40,,,1,,,1,,,"*** N1 is the exponent parameter for the non-single-value Freundlich curve
*** used for adsorption."
PERLND,PEST-NONSVPMgroundwater02,N2_groundwater,float,40,50,,,1,,,1,,,"*** N2 is the exponent parameter for the auxiliary (""desorption"") curve for
*** the non-single-value Freundlich method."
PERLND,PEST-NONSVPMlower02,OPNID,int,0,5,,,,,,,,,*** PLSs to which these data apply.
PERLND,PEST-NONSVPMlower02,OPNIDLAST,int,5,10,,,,,,,,,*** PLSs to which these data apply.
PERLND,PEST-NONSVPMlower02,XFIX_lower,float,10,20,,0,0,,0,0,,,"*** XFIX is the maximum concentration (on the soil) of pesticide which is
*** permanently fixed in the soil."
PERLND,PEST-NONSVPMlower02,K1_lower,float,20,30,,0,0,,0,0,,,"*** K1 is the coefficient parameter for the non-single-value Freundlich
*** curve used for adsorption."
PERLND,PEST-NONSVPMlower02,N1_lower,float,30,40,,,1,,,1,,,"*** N1 is the exponent parameter for the non-single-value Freundlich curve
*** used for adsorption."
PERLND,PEST-NONSVPMlower02,N2_lower,float,40,50,,,1,,,1,,,"*** N2 is the exponent parameter for the auxiliary (""desorption"") curve for
*** the non-single-value Freundlich method."
PERLND,PEST-NONSVPMsurface02,OPNID,int,0,5,,,,,,,,,*** PLSs to which these data apply.
PERLND,PEST-NONSVPMsurface02,OPNIDLAST,int,5,10,,,,,,,,,*** PLSs to which these data apply.
PERLND,PEST-NONSVPMsurface02,XFIX_surface,float,10,20,,0,0,,0,0,,,"*** XFIX is the maximum concentration (on the soil) of pesticide which is
*** permanently fixed in the soil."
PERLND,PEST-NONSVPMsurface02,K1_surface,float,20,30,,0,0,,0,0,,,"*** K1 is the coefficient parameter for the non-single-value Freundlich
*** curve used for adsorption."
PERLND,PEST-NONSVPMsurface02,N1_surface,float,30,40,,,1,,,1,,,"*** N1 is the exponent parameter for the non-single-value Freundlich curve
*** used for adsorption."
PERLND,PEST-NONSVPMsurface02,N2_surface,float,40,50,,,1,,,1,,,"*** N2 is the exponent parameter for the auxiliary (""desorption"") curve for
*** the non-single-value Freundlich method."
PERLND,PEST-NONSVPMupper02,OPNID,int,0,5,,,,,,,,,*** PLSs to which these data apply.
PERLND,PEST-NONSVPMupper02,OPNIDLAST,int,5,10,,,,,,,,,*** PLSs to which these data apply.
PERLND,PEST-NONSVPMupper02,XFIX_upper,float,10,20,,0,0,,0,0,,,"*** XFIX is the maximum concentration (on the soil) of pesticide which is
*** permanently fixed in the soil."
PERLND,PEST-NONSVPMupper02,K1_upper,float,20,30,,0,0,,0,0,,,"*** K1 is the coefficient parameter for the non-single-value Freundlich
*** curve used for adsorption."
PERLND,PEST-NONSVPMupper02,N1_upper,float,30,40,,,1,,,1,,,"*** N1 is the exponent parameter for the non-single-value Freundlich curve
*** used for adsorption."
PERLND,PEST-NONSVPMupper02,N2_upper,float,40,50,,,1,,,1,,,"*** N2 is the exponent parameter for the auxiliary (""desorption"") curve for
*** the non-single-value Freundlich method."
PERLND,PEST-NONSVPMgroundwater03,OPNID,int,0,5,,,,,,,,,*** PLSs to which these data apply.
PERLND,PEST-NONSVPMgroundwater03,OPNIDLAST,int,5,10,,,,,,,,,*** PLSs to which these data apply.
PERLND,PEST-NONSVPMgroundwater03,XFIX_groundwater,float,10,20,,0,0,,0,0,,,"*** XFIX is the maximum concentration (on the soil) of pesticide which is
*** permanently fixed in the soil."
PERLND,PEST-NONSVPMgroundwater03,K1_groundwater,float,20,30,,0,0,,0,0,,,"*** K1 is the coefficient parameter for the non-single-value Freundlich
*** curve used for adsorption."
PERLND,PEST-NONSVPMgroundwater03,N1_groundwater,float,30,40,,,1,,,1,,,"*** N1 is the exponent parameter for the non-single-value Freundlich curve
*** used for adsorption."
PERLND,PEST-NONSVPMgroundwater03,N2_groundwater,float,40,50,,,1,,,1,,,"*** N2 is the exponent parameter for the auxiliary (""desorption"") curve for
*** the non-single-value Freundlich method."
PERLND,PEST-NONSVPMlower03,OPNID,int,0,5,,,,,,,,,*** PLSs to which these data apply.
PERLND,PEST-NONSVPMlower03,OPNIDLAST,int,5,10,,,,,,,,,*** PLSs to which these data apply.
PERLND,PEST-NONSVPMlower03,XFIX_lower,float,10,20,,0,0,,0,0,,,"*** XFIX is the maximum concentration (on the soil) of pesticide which is
*** permanently fixed in the soil."
PERLND,PEST-NONSVPMlower03,K1_lower,float,20,30,,0,0,,0,0,,,"*** K1 is the coefficient parameter for the non-single-value Freundlich
*** curve used for adsorption."
PERLND,PEST-NONSVPMlower03,N1_lower,float,30,40,,,1,,,1,,,"*** N1 is the exponent parameter for the non-single-value Freundlich curve
*** used for adsorption."
PERLND,PEST-NONSVPMlower03,N2_lower,float,40,50,,,1,,,1,,,"*** N2 is the exponent parameter for the auxiliary (""desorption"") curve for
*** the non-single-value Freundlich method."
PERLND,PEST-NONSVPMsurface03,OPNID,int,0,5,,,,,,,,,*** PLSs to which these data apply.
PERLND,PEST-NONSVPMsurface03,OPNIDLAST,int,5,10,,,,,,,,,*** PLSs to which these data apply.
PERLND,PEST-NONSVPMsurface03,XFIX_surface,float,10,20,,0,0,,0,0,,,"*** XFIX is the maximum concentration (on the soil) of pesticide which is
*** permanently fixed in the soil."
PERLND,PEST-NONSVPMsurface03,K1_surface,float,20,30,,0,0,,0,0,,,"*** K1 is the coefficient parameter for the non-single-value Freundlich
*** curve used for adsorption."
PERLND,PEST-NONSVPMsurface03,N1_surface,float,30,40,,,1,,,1,,,"*** N1 is the exponent parameter for the non-single-value Freundlich curve
*** used for adsorption."
PERLND,PEST-NONSVPMsurface03,N2_surface,float,40,50,,,1,,,1,,,"*** N2 is the exponent parameter for the auxiliary (""desorption"") curve for
*** the non-single-value Freundlich method."
PERLND,PEST-NONSVPMupper03,OPNID,int,0,5,,,,,,,,,*** PLSs to which these data apply.
PERLND,PEST-NONSVPMupper03,OPNIDLAST,int,5,10,,,,,,,,,*** PLSs to which these data apply.
PERLND,PEST-NONSVPMupper03,XFIX_upper,float,10,20,,0,0,,0,0,,,"*** XFIX is the maximum concentration (on the soil) of pesticide which is
*** permanently fixed in the soil."
PERLND,PEST-NONSVPMupper03,K1_upper,float,20,30,,0,0,,0,0,,,"*** K1 is the coefficient parameter for the non-single-value Freundlich
*** curve used for adsorption."
PERLND,PEST-NONSVPMupper03,N1_upper,float,30,40,,,1,,,1,,,"*** N1 is the exponent parameter for the non-single-value Freundlich curve
*** used for adsorption."
PERLND,PEST-NONSVPMupper03,N2_upper,float,40,50,,,1,,,1,,,"*** N2 is the exponent parameter for the auxiliary (""desorption"") curve for
*** the non-single-value Freundlich method."
PERLND,PEST-STOR1groundwater,OPNID,int,0,5,,,,,,,,,*** PLSs to which these data apply.
PERLND,PEST-STOR1groundwater,OPNIDLAST,int,5,10,,,,,,,,,*** PLSs to which these data apply.
PERLND,PEST-STOR1groundwater,PSCY_groundwater,float,10,20,,0,0,,0,0,,,"*** PSCY is the initial pesticide storage in crystalline form. The values
*** given in this table apply to one of the following four soil storages:
*** surface, upper principal, lower or groundwater."
PERLND,PEST-STOR1groundwater,PSAD_groundwater,float,20,30,,0,0,,0,0,,,"*** PSAD is the initial pesticide storage in adsorbed form. The values given
*** in this table apply to one of the following four soil storages: surface,
*** upper principal, lower or groundwater."
PERLND,PEST-STOR1groundwater,PSSU_groundwater,float,30,40,,0,0,,0,0,,,"*** PSSU is the initial pesticide storage in solution. The values given in
*** this table apply to one of the following four soil storages: surface,
*** upper principal, lower or groundwater."
PERLND,PEST-STOR1lower,OPNID,int,0,5,,,,,,,,,*** PLSs to which these data apply.
PERLND,PEST-STOR1lower,OPNIDLAST,int,5,10,,,,,,,,,*** PLSs to which these data apply.
PERLND,PEST-STOR1lower,PSCY_lower,float,10,20,,0,0,,0,0,,,"*** PSCY is the initial pesticide storage in crystalline form. The values
*** given in this table apply to one of the following four soil storages:
*** surface, upper principal, lower or groundwater."
PERLND,PEST-STOR1lower,PSAD_lower,float,20,30,,0,0,,0,0,,,"*** PSAD is the initial pesticide storage in adsorbed form. The values given
*** in this table apply to one of the following four soil storages: surface,
*** upper principal, lower or groundwater."
PERLND,PEST-STOR1lower,PSSU_lower,float,30,40,,0,0,,0,0,,,"*** PSSU is the initial pesticide storage in solution. The values given in
*** this table apply to one of the following four soil storages: surface,
*** upper principal, lower or groundwater."
PERLND,PEST-STOR1surface,OPNID,int,0,5,,,,,,,,,*** PLSs to which these data apply.
PERLND,PEST-STOR1surface,OPNIDLAST,int,5,10,,,,,,,,,*** PLSs to which these data apply.
PERLND,PEST-STOR1surface,PSCY_surface,float,10,20,,0,0,,0,0,,,"*** PSCY is the initial pesticide storage in crystalline form. The values
*** given in this table apply to one of the following four soil storages:
*** surface, upper principal, lower or groundwater."
PERLND,PEST-STOR1surface,PSAD_surface,float,20,30,,0,0,,0,0,,,"*** PSAD is the initial pesticide storage in adsorbed form. The values given
*** in this table apply to one of the following four soil storages: surface,
*** upper principal, lower or groundwater."
PERLND,PEST-STOR1surface,PSSU_surface,float,30,40,,0,0,,0,0,,,"*** PSSU is the initial pesticide storage in solution. The values given in
*** this table apply to one of the following four soil storages: surface,
*** upper principal, lower or groundwater."
PERLND,PEST-STOR1upper,OPNID,int,0,5,,,,,,,,,*** PLSs to which these data apply.
PERLND,PEST-STOR1upper,OPNIDLAST,int,5,10,,,,,,,,,*** PLSs to which these data apply.
PERLND,PEST-STOR1upper,PSCY_upper,float,10,20,,0,0,,0,0,,,"*** PSCY is the initial pesticide storage in crystalline form. The values
*** given in this table apply to one of the following four soil storages:
*** surface, upper principal, lower or groundwater."
PERLND,PEST-STOR1upper,PSAD_upper,float,20,30,,0,0,,0,0,,,"*** PSAD is the initial pesticide storage in adsorbed form. The values given
*** in this table apply to one of the following four soil storages: surface,
*** upper principal, lower or groundwater."
PERLND,PEST-STOR1upper,PSSU_upper,float,30,40,,0,0,,0,0,,,"*** PSSU is the initial pesticide storage in solution. The values given in
*** this table apply to one of the following four soil storages: surface,
*** upper principal, lower or groundwater."
PERLND,PEST-STOR2,OPNID,int,0,5,,,,,,,,,*** PLSs to which these data apply.
PERLND,PEST-STOR2,OPNIDLAST,int,5,10,,,,,,,,,*** PLSs to which these data apply.
PERLND,PEST-STOR2,IPS,float,10,20,,0,0,,0,0,,,"*** IPS is the initial storage of pesticide in the upper layer transitory
*** (interflow) storage. Since only dissolved pesticide is modeled in that
*** storage, only one value is needed (no crystalline or adsorbed material)."
PERLND,PEST-SVALPMgroundwater,OPNID,int,0,5,,,,,,,,,*** PLSs to which these data apply.
PERLND,PEST-SVALPMgroundwater,OPNIDLAST,int,5,10,,,,,,,,,*** PLSs to which these data apply.
PERLND,PEST-SVALPMgroundwater,XFIX_groundwater,float,10,20,,0,0,,0,0,,,"*** XFIX is the maximum concentration (on the soil) of pesticide which is
*** permanently fixed to the soil. The system expects this table to appear
*** four times for each pesticide: surface layer, upper layer, lower layer,
*** groundwater layer."
PERLND,PEST-SVALPMgroundwater,K1_groundwater,float,20,30,,0,0,,0,0,,,"*** K1 is the coefficient parameter for the single-value Freundlich
*** adsorption/desorption equation. The system expects this table to appear
*** four times for each pesticide: surface layer, upper layer, lower layer,
*** groundwater layer."
PERLND,PEST-SVALPMgroundwater,N1_groundwater,float,30,40,,,1,,,1,,,"*** N1 is the exponent parameter for the single-value Freundlich adsorption/desorption
*** equation. The system expects this table to appear four times for each
*** pesticide: surface layer, upper layer, lower layer, groundwater
*** layer."
PERLND,PEST-SVALPMlower,OPNID,int,0,5,,,,,,,,,*** PLSs to which these data apply.
PERLND,PEST-SVALPMlower,OPNIDLAST,int,5,10,,,,,,,,,*** PLSs to which these data apply.
PERLND,PEST-SVALPMlower,XFIX_lower,float,10,20,,0,0,,0,0,,,"*** XFIX is the maximum concentration (on the soil) of pesticide which is
*** permanently fixed to the soil. The system expects this table to appear
*** four times for each pesticide: surface layer, upper layer, lower layer,
*** groundwater layer."
PERLND,PEST-SVALPMlower,K1_lower,float,20,30,,0,0,,0,0,,,"*** K1 is the coefficient parameter for the single-value Freundlich
*** adsorption/desorption equation. The system expects this table to appear
*** four times for each pesticide: surface layer, upper layer, lower layer,
*** groundwater layer."
PERLND,PEST-SVALPMlower,N1_lower,float,30,40,,,1,,,1,,,"*** N1 is the exponent parameter for the single-value Freundlich adsorption/desorption
*** equation. The system expects this table to appear four times for each
*** pesticide: surface layer, upper layer, lower layer, groundwater
*** layer."
PERLND,PEST-SVALPMsurface,OPNID,int,0,5,,,,,,,,,*** PLSs to which these data apply.
PERLND,PEST-SVALPMsurface,OPNIDLAST,int,5,10,,,,,,,,,*** PLSs to which these data apply.
PERLND,PEST-SVALPMsurface,XFIX_surface,float,10,20,,0,0,,0,0,,,"*** XFIX is the maximum concentration (on the soil) of pesticide which is
*** permanently fixed to the soil. The system expects this table to appear
*** four times for each pesticide: surface layer, upper layer, lower layer,
*** groundwater layer."
PERLND,PEST-SVALPMsurface,K1_surface,float,20,30,,0,0,,0,0,,,"*** K1 is the coefficient parameter for the single-value Freundlich
*** adsorption/desorption equation. The system expects this table to appear
*** four times for each pesticide: surface layer, upper layer, lower layer,
*** groundwater layer."
PERLND,PEST-SVALPMsurface,N1_surface,float,30,40,,,1,,,1,,,"*** N1 is the exponent parameter for the single-value Freundlich adsorption/desorption
*** equation. The system expects this table to appear four times for each
*** pesticide: surface layer, upper layer, lower layer, groundwater
*** layer."
PERLND,PEST-SVALPMupper,OPNID,int,0,5,,,,,,,,,*** PLSs to which these data apply.
PERLND,PEST-SVALPMupper,OPNIDLAST,int,5,10,,,,,,,,,*** PLSs to which these data apply.
PERLND,PEST-SVALPMupper,XFIX_upper,float,10,20,,0,0,,0,0,,,"*** XFIX is the maximum concentration (on the soil) of pesticide which is
*** permanently fixed to the soil. The system expects this table to appear
*** four times for each pesticide: surface layer, upper layer, lower layer,
*** groundwater layer."
PERLND,PEST-SVALPMupper,K1_upper,float,20,30,,0,0,,0,0,,,"*** K1 is the coefficient parameter for the single-value Freundlich
*** adsorption/desorption equation. The system expects this table to appear
*** four times for each pesticide: surface layer, upper layer, lower layer,
*** groundwater layer."
PERLND,PEST-SVALPMupper,N1_upper,float,30,40,,,1,,,1,,,"*** N1 is the exponent parameter for the single-value Freundlich adsorption/desorption
*** equation. The system expects this table to appear four times for each
*** pesticide: surface layer, upper layer, lower layer, groundwater
*** layer."
PERLND,PEST-SVALPMgroundwater,OPNID,int,0,5,,,,,,,,,*** PLSs to which these data apply.
PERLND,PEST-SVALPMgroundwater,OPNIDLAST,int,5,10,,,,,,,,,*** PLSs to which these data apply.
PERLND,PEST-SVALPMgroundwater,XFIX_groundwater,float,10,20,,0,0,,0,0,,,"*** XFIX is the maximum concentration (on the soil) of pesticide which is
*** permanently fixed to the soil. The system expects this table to appear
*** four times for each pesticide: surface layer, upper layer, lower layer,
*** groundwater layer."
PERLND,PEST-SVALPMgroundwater,K1_groundwater,float,20,30,,0,0,,0,0,,,"*** K1 is the coefficient parameter for the single-value Freundlich
*** adsorption/desorption equation. The system expects this table to appear
*** four times for each pesticide: surface layer, upper layer, lower layer,
*** groundwater layer."
PERLND,PEST-SVALPMgroundwater,N1_groundwater,float,30,40,,,1,,,1,,,"*** N1 is the exponent parameter for the single-value Freundlich adsorption/desorption
*** equation. The system expects this table to appear four times for each
*** pesticide: surface layer, upper layer, lower layer, groundwater
*** layer."
PERLND,PEST-SVALPMlower,OPNID,int,0,5,,,,,,,,,*** PLSs to which these data apply.
PERLND,PEST-SVALPMlower,OPNIDLAST,int,5,10,,,,,,,,,*** PLSs to which these data apply.
PERLND,PEST-SVALPMlower,XFIX_lower,float,10,20,,0,0,,0,0,,,"*** XFIX is the maximum concentration (on the soil) of pesticide which is
*** permanently fixed to the soil. The system expects this table to appear
*** four times for each pesticide: surface layer, upper layer, lower layer,
*** groundwater layer."
PERLND,PEST-SVALPMlower,K1_lower,float,20,30,,0,0,,0,0,,,"*** K1 is the coefficient parameter for the single-value Freundlich
*** adsorption/desorption equation. The system expects this table to appear
*** four times for each pesticide: surface layer, upper layer, lower layer,
*** groundwater layer."
PERLND,PEST-SVALPMlower,N1_lower,float,30,40,,,1,,,1,,,"*** N1 is the exponent parameter for the single-value Freundlich adsorption/desorption
*** equation. The system expects this table to appear four times for each
*** pesticide: surface layer, upper layer, lower layer, groundwater
*** layer."
PERLND,PEST-SVALPMsurface,OPNID,int,0,5,,,,,,,,,*** PLSs to which these data apply.
PERLND,PEST-SVALPMsurface,OPNIDLAST,int,5,10,,,,,,,,,*** PLSs to which these data apply.
PERLND,PEST-SVALPMsurface,XFIX_surface,float,10,20,,0,0,,0,0,,,"*** XFIX is the maximum concentration (on the soil) of pesticide which is
*** permanently fixed to the soil. The system expects this table to appear
*** four times for each pesticide: surface layer, upper layer, lower layer,
*** groundwater layer."
PERLND,PEST-SVALPMsurface,K1_surface,float,20,30,,0,0,,0,0,,,"*** K1 is the coefficient parameter for the single-value Freundlich
*** adsorption/desorption equation. The system expects this table to appear
*** four times for each pesticide: surface layer, upper layer, lower layer,
*** groundwater layer."
PERLND,PEST-SVALPMsurface,N1_surface,float,30,40,,,1,,,1,,,"*** N1 is the exponent parameter for the single-value Freundlich adsorption/desorption
*** equation. The system expects this table to appear four times for each
*** pesticide: surface layer, upper layer, lower layer, groundwater
*** layer."
PERLND,PEST-SVALPMupper,OPNID,int,0,5,,,,,,,,,*** PLSs to which these data apply.
PERLND,PEST-SVALPMupper,OPNIDLAST,int,5,10,,,,,,,,,*** PLSs to which these data apply.
PERLND,PEST-SVALPMupper,XFIX_upper,float,10,20,,0,0,,0,0,,,"*** XFIX is the maximum concentration (on the soil) of pesticide which is
*** permanently fixed to the soil. The system expects this table to appear
*** four times for each pesticide: surface layer, upper layer, lower layer,
*** groundwater layer."
PERLND,PEST-SVALPMupper,K1_upper,float,20,30,,0,0,,0,0,,,"*** K1 is the coefficient parameter for the single-value Freundlich
*** adsorption/desorption equation. The system expects this table to appear
*** four times for each pesticide: surface layer, upper layer, lower layer,
*** groundwater layer."
PERLND,PEST-SVALPMupper,N1_upper,float,30,40,,,1,,,1,,,"*** N1 is the exponent parameter for the single-value Freundlich adsorption/desorption
*** equation. The system expects this table to appear four times for each
*** pesticide: surface layer, upper layer, lower layer, groundwater
*** layer."
PERLND,PEST-SVALPMgroundwater,OPNID,int,0,5,,,,,,,,,*** PLSs to which these data apply.
PERLND,PEST-SVALPMgroundwater,OPNIDLAST,int,5,10,,,,,,,,,*** PLSs to which these data apply.
PERLND,PEST-SVALPMgroundwater,XFIX_groundwater,float,10,20,,0,0,,0,0,,,"*** XFIX is the maximum concentration (on the soil) of pesticide which is
*** permanently fixed to the soil. The system expects this table to appear
*** four times for each pesticide: surface layer, upper layer, lower layer,
*** groundwater layer."
PERLND,PEST-SVALPMgroundwater,K1_groundwater,float,20,30,,0,0,,0,0,,,"*** K1 is the coefficient parameter for the single-value Freundlich
*** adsorption/desorption equation. The system expects this table to appear
*** four times for each pesticide: surface layer, upper layer, lower layer,
*** groundwater layer."
PERLND,PEST-SVALPMgroundwater,N1_groundwater,float,30,40,,,1,,,1,,,"*** N1 is the exponent parameter for the single-value Freundlich adsorption/desorption
*** equation. The system expects this table to appear four times for each
*** pesticide: surface layer, upper layer, lower layer, groundwater
*** layer."
PERLND,PEST-SVALPMlower,OPNID,int,0,5,,,,,,,,,*** PLSs to which these data apply.
PERLND,PEST-SVALPMlower,OPNIDLAST,int,5,10,,,,,,,,,*** PLSs to which these data apply.
PERLND,PEST-SVALPMlower,XFIX_lower,float,10,20,,0,0,,0,0,,,"*** XFIX is the maximum concentration (on the soil) of pesticide which is
*** permanently fixed to the soil. The system expects this table to appear
*** four times for each pesticide: surface layer, upper layer, lower layer,
*** groundwater layer."
PERLND,PEST-SVALPMlower,K1_lower,float,20,30,,0,0,,0,0,,,"*** K1 is the coefficient parameter for the single-value Freundlich
*** adsorption/desorption equation. The system expects this table to appear
*** four times for each pesticide: surface layer, upper layer, lower layer,
*** groundwater layer."
PERLND,PEST-SVALPMlower,N1_lower,float,30,40,,,1,,,1,,,"*** N1 is the exponent parameter for the single-value Freundlich adsorption/desorption
*** equation. The system expects this table to appear four times for each
*** pesticide: surface layer, upper layer, lower layer, groundwater
*** layer."
PERLND,PEST-SVALPMsurface,OPNID,int,0,5,,,,,,,,,*** PLSs to which these data apply.
PERLND,PEST-SVALPMsurface,OPNIDLAST,int,5,10,,,,,,,,,*** PLSs to which these data apply.
PERLND,PEST-SVALPMsurface,XFIX_surface,float,10,20,,0,0,,0,0,,,"*** XFIX is the maximum concentration (on the soil) of pesticide which is
*** permanently fixed to the soil. The system expects this table to appear
*** four times for each pesticide: surface layer, upper layer, lower layer,
*** groundwater layer."
PERLND,PEST-SVALPMsurface,K1_surface,float,20,30,,0,0,,0,0,,,"*** K1 is the coefficient parameter for the single-value Freundlich
*** adsorption/desorption equation. The system expects this table to appear
*** four times for each pesticide: surface layer, upper layer, lower layer,
*** groundwater layer."
PERLND,PEST-SVALPMsurface,N1_surface,float,30,40,,,1,,,1,,,"*** N1 is the exponent parameter for the single-value Freundlich adsorption/desorption
*** equation. The system expects this table to appear four times for each
*** pesticide: surface layer, upper layer, lower layer, groundwater
*** layer."
PERLND,PEST-SVALPMupper,OPNID,int,0,5,,,,,,,,,*** PLSs to which these data apply.
PERLND,PEST-SVALPMupper,OPNIDLAST,int,5,10,,,,,,,,,*** PLSs to which these data apply.
PERLND,PEST-SVALPMupper,XFIX_upper,float,10,20,,0,0,,0,0,,,"*** XFIX is the maximum concentration (on the soil) of pesticide which is
*** permanently fixed to the soil. The system expects this table to appear
*** four times for each pesticide: surface layer, upper layer, lower layer,
*** groundwater layer."
PERLND,PEST-SVALPMupper,K1_upper,float,20,30,,0,0,,0,0,,,"*** K1 is the coefficient parameter for the single-value Freundlich
*** adsorption/desorption equation. The system expects this table to appear
*** four times for each pesticide: surface layer, upper layer, lower layer,
*** groundwater layer."
PERLND,PEST-SVALPMupper,N1_upper,float,30,40,,,1,,,1,,,"*** N1 is the exponent parameter for the single-value Freundlich adsorption/desorption
*** equation. The system expects this table to appear four times for each
*** pesticide: surface layer, upper layer, lower layer, groundwater
*** layer."
PERLND,PEST-THETA,OPNID,int,0,5,,,,,,,,,*** PLSs to which these data apply.
PERLND,PEST-THETA,OPNIDLAST,int,5,10,,,,,,,,,*** PLSs to which these data apply.
PERLND,PEST-THETA,THDSPS,float,10,20,,1.05,1,2,1.05,1,2,,"*** THDSPS is used to adjust the desorption rate parameter using a modified
*** Arrhenius equation; only applicable if first-order kinetics are used to
*** simulate adsorption/desorption."
PERLND,PEST-THETA,THADPS,float,20,30,,1.05,1,2,1.05,1,2,,"*** THADPS is used to adjust the adsorption rate parameter using a modified
*** Arrhenius equation; only applicable if first-order kinetics are used to
*** simulate adsorption/desorption."
PERLND,PEST-THETA,OPNID,int,0,5,,,,,,,,,*** PLSs to which these data apply.
PERLND,PEST-THETA,OPNIDLAST,int,5,10,,,,,,,,,*** PLSs to which these data apply.
PERLND,PEST-THETA,THDSPS,float,10,20,,1.05,1,2,1.05,1,2,,"*** THDSPS is used to adjust the desorption rate parameter using a modified
*** Arrhenius equation; only applicable if first-order kinetics are used to
*** simulate adsorption/desorption."
PERLND,PEST-THETA,THADPS,float,20,30,,1.05,1,2,1.05,1,2,,"*** THADPS is used to adjust the adsorption rate parameter using a modified
*** Arrhenius equation; only applicable if first-order kinetics are used to
*** simulate adsorption/desorption."
PERLND,PEST-THETA,OPNID,int,0,5,,,,,,,,,*** PLSs to which these data apply.
PERLND,PEST-THETA,OPNIDLAST,int,5,10,,,,,,,,,*** PLSs to which these data apply.
PERLND,PEST-THETA,THDSPS,float,10,20,,1.05,1,2,1.05,1,2,,"*** THDSPS is used to adjust the desorption rate parameter using a modified
*** Arrhenius equation; only applicable if first-order kinetics are used to
*** simulate adsorption/desorption."
PERLND,PEST-THETA,THADPS,float,20,30,,1.05,1,2,1.05,1,2,,"*** THADPS is used to adjust the adsorption rate parameter using a modified
*** Arrhenius equation; only applicable if first-order kinetics are used to
*** simulate adsorption/desorption."
PERLND,PHOS-AD-FLAGS,OPNID,int,0,5,,,,,,,,,*** PLSs to which these data apply.
PERLND,PHOS-AD-FLAGS,OPNIDLAST,int,5,10,,,,,,,,,*** PLSs to which these data apply.
PERLND,PHOS-AD-FLAGS,PHADFG1,int,11,14,,0,-1,999,0,-1,999,,"*** Value of 0 indicates that atmospheric deposition flux of PO4 to the
*** surface layer is absent. A value of -1 indicates that it is supplied as
*** a direct time series as PHADFX. A value greater than 0 indicates the
*** index number of the MONTH-DATA block to be used to supply atmospheric
*** deposition data. _PNAME PHADFG(1)"
PERLND,PHOS-AD-FLAGS,PHADFG2,int,14,17,,0,-1,999,0,-1,999,,"*** Value of 0 indicates that concentration of PO4 to the surface layer in
*** precipitation is absent. A value of -1 indicates that it is supplied as
*** a direct time series as PHADCN. A value greater than 0 indicates the
*** index number of the MONTH-DATA block to be used to supply atmospheric
*** deposition data. _PNAME PHADFG(2)"
PERLND,PHOS-AD-FLAGS,PHADFG3,int,18,21,,0,-1,999,0,-1,999,,"*** Value of 0 indicates that atmospheric deposition flux of PO4 to the
*** upper layer is absent. A value of -1 indicates that it is supplied as a
*** direct time series as PHADFX. A value greater than 0 indicates the index
*** number of the MONTH-DATA block to be used to supply atmospheric
*** deposition data. _PNAME PHADFG(3)"
PERLND,PHOS-AD-FLAGS,PHADFG4,int,21,24,,0,-1,999,0,-1,999,,"*** Value of 0 indicates that concentration of PO4 to the upper layer in
*** precipitation is absent. A value of -1 indicates that it is supplied as
*** a direct time series as PHADCN. A value greater than 0 indicates the
*** index number of the MONTH-DATA block to be used to supply atmospheric
*** deposition data. _PNAME PHADFG(4)"
PERLND,PHOS-AD-FLAGS,PHADFG5,int,26,29,,0,-1,999,0,-1,999,,"*** Value of 0 indicates that atmospheric deposition flux of organic P to
*** the surface layer is absent. A value of -1 indicates that it is supplied
*** as a direct time series as PHADFX. A value greater than 0 indicates the
*** index number of the MONTH-DATA block to be used to supply atmospheric
*** deposition data. _PNAME PHADFG(5)"
PERLND,PHOS-AD-FLAGS,PHADFG6,int,29,32,,0,-1,999,0,-1,999,,"*** Value of 0 indicates that concentration of organic P to the surface
*** layer in precipitation is absent. A value of -1 indicates that it is
*** supplied as a direct time series as PHADCN. A value greater than 0
*** indicates the index number of the MONTH-DATA block to be used to supply
*** atmospheric deposition data. _PNAME PHADFG(6)"
PERLND,PHOS-AD-FLAGS,PHADFG7,int,33,36,,0,-1,999,0,-1,999,,"*** Value of 0 indicates that atmospheric deposition flux of organic P to
*** the upper layer is absent. A value of -1 indicates that it is supplied
*** as a direct time series as PHADFX. A value greater than 0 indicates the
*** index number of the MONTH-DATA block to be used to supply atmospheric
*** deposition data. _PNAME PHADFG(7)"
PERLND,PHOS-AD-FLAGS,PHADFG8,int,36,39,,0,-1,999,0,-1,999,,"*** Value of 0 indicates that concentration of organic P to the upper layer
*** in precipitation is absent. A value of -1 indicates that it is supplied
*** as a direct time series as PHADCN. A value greater than 0 indicates the
*** index number of the MONTH-DATA block to be used to supply atmospheric
*** deposition data. _PNAME PHADFG(8)"
PERLND,PHOS-CMAX,OPNID,int,0,5,,,,,,,,,*** PLSs to which these data apply.
PERLND,PHOS-CMAX,OPNIDLAST,int,5,10,,,,,,,,,*** PLSs to which these data apply.
PERLND,PHOS-CMAX,CMAX,float,10,20,,0,0,,0,0,,,*** CMAX is the maximum solubility of phosphate in water.
PERLND,PHOS-FLAGS,OPNID,int,0,5,,,,,,,,,*** PLSs to which these data apply.
PERLND,PHOS-FLAGS,OPNIDLAST,int,5,10,,,,,,,,,*** PLSs to which these data apply.
PERLND,PHOS-FLAGS,VPUTFG,int,10,15,,0,0,1,0,0,1,,"*** If VPUTFG is 1 the first-order plant uptake parameters for phosphorus
*** are allowed to vary monthly."
PERLND,PHOS-FLAGS,FORPFG,int,15,20,,0,0,1,0,0,1,,"*** FORPFG indicates which method is to be used to simulate adsorption and
*** desorption of phosphorus: 0 first-order kinetics; 1 single-value
*** Freundlich method."
PERLND,PHOS-FLAGS,ITMAXP,int,20,25,,30,1,100,30,1,100,,"*** ITMAXP is the maximum number of iterations that will be attempted in
*** solving the Freundlich equation; applicable only if FORAFG= 1."
PERLND,PHOS-FLAGS,BNUMP,int,25,30,,,1,1000,,1,1000,,"*** BNUMP is the number of time steps that will elapse between recalculation
*** of biochemical reaction fluxes. All reactions except adsorption/desorption
*** fall into this category."
PERLND,PHOS-FLAGS,CNUMP,int,30,35,,,1,1000,,1,1000,,"*** CNUMP is the number of time steps that will elapse between recalculation
*** of chemical (adsorption/desorption) reactions."
PERLND,PHOS-FLAGS,PUPTFG,int,35,40,,0,0,1,0,0,1,,"*** PUPTFG is a flag indicating the method of simulating plant uptake and
*** immobilization of nutrients. A value of zero indicates first-order
*** reactions. A value of 1 indicates a yield-based algorithm."
PERLND,PHOS-FSTGEN,OPNID,int,0,5,,,,,,,,,*** PLSs to which these data apply.
PERLND,PHOS-FSTGEN,OPNIDLAST,int,5,10,,,,,,,,,*** PLSs to which these data apply.
PERLND,PHOS-FSTGEN,THPLP,float,10,20,,1.07,1,2,1.07,1,2,,"*** THPLP is the temperature coefficient (theta) for plant uptake (only
*** relevant if PUPTFG=0)."
PERLND,PHOS-FSTGEN,THKDSP,float,20,30,,1.05,1,2,1.05,1,2,,"*** THKDSP is the temperature coefficient (theta) for phosphate desorption
*** (only relevant if FORPFG=0)."
PERLND,PHOS-FSTGEN,THKADP,float,30,40,,1.05,1,2,1.05,1,2,,"*** THKADP is the temperature coefficient (theta) for phosphate adsorption
*** (only relevant if FORAFG=0)."
PERLND,PHOS-FSTGEN,THKIMP,float,40,50,,1.07,1,2,1.07,1,2,,*** THKIMP is the temperature coefficient (theta) for phosphate immobilization.
PERLND,PHOS-FSTGEN,THKMP,float,50,60,,1.07,1,2,1.07,1,2,,*** THKMP is the temperature coefficient (theta) for organic P mineralization.
PERLND,PHOS-FSTPMgroundwater,OPNID,int,0,5,,,,,,,,,*** PLSs to which these data apply.
PERLND,PHOS-FSTPMgroundwater,OPNIDLAST,int,5,10,,,,,,,,,*** PLSs to which these data apply.
PERLND,PHOS-FSTPMgroundwater,KDSP_groundwater,float,10,20,,0,0,,0,0,,,"*** KDSP is the first-order reaction rate parameter for phosphate desorption
*** (only used if FORPFG=0)."
PERLND,PHOS-FSTPMgroundwater,KADP_groundwater,float,20,30,,0,0,,0,0,,,"*** KADP is the first-order reaction rate parameter for phosphate adsorption
*** (only used if FORAFG=0)."
PERLND,PHOS-FSTPMgroundwater,KIMP_groundwater,float,30,40,,0,0,,0,0,,,*** KIMP is the first-order reaction rate parameter for phosphate immobilization.
PERLND,PHOS-FSTPMgroundwater,KMP_groundwater,float,40,50,,0,0,,0,0,,,*** KMP is the first-order reaction rate parameter for organic P mineralization.
PERLND,PHOS-FSTPMlower,OPNID,int,0,5,,,,,,,,,*** PLSs to which these data apply.
PERLND,PHOS-FSTPMlower,OPNIDLAST,int,5,10,,,,,,,,,*** PLSs to which these data apply.
PERLND,PHOS-FSTPMlower,KDSP_lower,float,10,20,,0,0,,0,0,,,"*** KDSP is the first-order reaction rate parameter for phosphate desorption
*** (only used if FORPFG=0)."
PERLND,PHOS-FSTPMlower,KADP_lower,float,20,30,,0,0,,0,0,,,"*** KADP is the first-order reaction rate parameter for phosphate adsorption
*** (only used if FORAFG=0)."
PERLND,PHOS-FSTPMlower,KIMP_lower,float,30,40,,0,0,,0,0,,,*** KIMP is the first-order reaction rate parameter for phosphate immobilization.
PERLND,PHOS-FSTPMlower,KMP_lower,float,40,50,,0,0,,0,0,,,*** KMP is the first-order reaction rate parameter for organic P mineralization.
PERLND,PHOS-FSTPMsurface,OPNID,int,0,5,,,,,,,,,*** PLSs to which these data apply.
PERLND,PHOS-FSTPMsurface,OPNIDLAST,int,5,10,,,,,,,,,*** PLSs to which these data apply.
PERLND,PHOS-FSTPMsurface,KDSP_surface,float,10,20,,0,0,,0,0,,,"*** KDSP is the first-order reaction rate parameter for phosphate desorption
*** (only used if FORPFG=0)."
PERLND,PHOS-FSTPMsurface,KADP_surface,float,20,30,,0,0,,0,0,,,"*** KADP is the first-order reaction rate parameter for phosphate adsorption
*** (only used if FORAFG=0)."
PERLND,PHOS-FSTPMsurface,KIMP_surface,float,30,40,,0,0,,0,0,,,*** KIMP is the first-order reaction rate parameter for phosphate immobilization.
PERLND,PHOS-FSTPMsurface,KMP_surface,float,40,50,,0,0,,0,0,,,*** KMP is the first-order reaction rate parameter for organic P mineralization.
PERLND,PHOS-FSTPMupper,OPNID,int,0,5,,,,,,,,,*** PLSs to which these data apply.
PERLND,PHOS-FSTPMupper,OPNIDLAST,int,5,10,,,,,,,,,*** PLSs to which these data apply.
PERLND,PHOS-FSTPMupper,KDSP_upper,float,10,20,,0,0,,0,0,,,"*** KDSP is the first-order reaction rate parameter for phosphate desorption
*** (only used if FORPFG=0)."
PERLND,PHOS-FSTPMupper,KADP_upper,float,20,30,,0,0,,0,0,,,"*** KADP is the first-order reaction rate parameter for phosphate adsorption
*** (only used if FORAFG=0)."
PERLND,PHOS-FSTPMupper,KIMP_upper,float,30,40,,0,0,,0,0,,,*** KIMP is the first-order reaction rate parameter for phosphate immobilization.
PERLND,PHOS-FSTPMupper,KMP_upper,float,40,50,,0,0,,0,0,,,*** KMP is the first-order reaction rate parameter for organic P mineralization.
PERLND,PHOS-STOR1groundwater,OPNID,int,0,5,,,,,,,,,*** PLSs to which these data apply.
PERLND,PHOS-STOR1groundwater,OPNIDLAST,int,5,10,,,,,,,,,*** PLSs to which these data apply.
PERLND,PHOS-STOR1groundwater,ORGP_groundwater,float,10,20,,0,0,,0,0,,,*** ORGP is the initial organic P storage.
PERLND,PHOS-STOR1groundwater,P4AD_groundwater,float,20,30,,0,0,,0,0,,,*** P4AD is the initial adsorbed phosphate storage.
PERLND,PHOS-STOR1groundwater,P4SU_groundwater,float,30,40,,0,0,,0,0,,,*** P4SU is the initial solution phosphate storage.
PERLND,PHOS-STOR1groundwater,PLTP_groundwater,float,40,50,,0,0,,0,0,,,*** PLTP is the initial P stored in plants.
PERLND,PHOS-STOR1lower,OPNID,int,0,5,,,,,,,,,*** PLSs to which these data apply.
PERLND,PHOS-STOR1lower,OPNIDLAST,int,5,10,,,,,,,,,*** PLSs to which these data apply.
PERLND,PHOS-STOR1lower,ORGP_lower,float,10,20,,0,0,,0,0,,,*** ORGP is the initial organic P storage.
PERLND,PHOS-STOR1lower,P4AD_lower,float,20,30,,0,0,,0,0,,,*** P4AD is the initial adsorbed phosphate storage.
PERLND,PHOS-STOR1lower,P4SU_lower,float,30,40,,0,0,,0,0,,,*** P4SU is the initial solution phosphate storage.
PERLND,PHOS-STOR1lower,PLTP_lower,float,40,50,,0,0,,0,0,,,*** PLTP is the initial P stored in plants.
PERLND,PHOS-STOR1surface,OPNID,int,0,5,,,,,,,,,*** PLSs to which these data apply.
PERLND,PHOS-STOR1surface,OPNIDLAST,int,5,10,,,,,,,,,*** PLSs to which these data apply.
PERLND,PHOS-STOR1surface,ORGP_surface,float,10,20,,0,0,,0,0,,,*** ORGP is the initial organic P storage.
PERLND,PHOS-STOR1surface,P4AD_surface,float,20,30,,0,0,,0,0,,,*** P4AD is the initial adsorbed phosphate storage.
PERLND,PHOS-STOR1surface,P4SU_surface,float,30,40,,0,0,,0,0,,,*** P4SU is the initial solution phosphate storage.
PERLND,PHOS-STOR1surface,PLTP_surface,float,40,50,,0,0,,0,0,,,*** PLTP is the initial P stored in plants.
PERLND,PHOS-STOR1upper,OPNID,int,0,5,,,,,,,,,*** PLSs to which these data apply.
PERLND,PHOS-STOR1upper,OPNIDLAST,int,5,10,,,,,,,,,*** PLSs to which these data apply.
PERLND,PHOS-STOR1upper,ORGP_upper,float,10,20,,0,0,,0,0,,,*** ORGP is the initial organic P storage.
PERLND,PHOS-STOR1upper,P4AD_upper,float,20,30,,0,0,,0,0,,,*** P4AD is the initial adsorbed phosphate storage.
PERLND,PHOS-STOR1upper,P4SU_upper,float,30,40,,0,0,,0,0,,,*** P4SU is the initial solution phosphate storage.
PERLND,PHOS-STOR1upper,PLTP_upper,float,40,50,,0,0,,0,0,,,*** PLTP is the initial P stored in plants.
PERLND,PHOS-STOR2,OPNID,int,0,5,,,,,,,,,*** PLSs to which these data apply.
PERLND,PHOS-STOR2,OPNIDLAST,int,5,10,,,,,,,,,*** PLSs to which these data apply.
PERLND,PHOS-STOR2,IP4SU,float,10,20,,0,0,,0,0,,,"*** IP4SU specifies the initial storage of phosphate in the upper layer
*** transitory (interflow) storage."
PERLND,PHOS-SVALPMgroundwater,OPNID,int,0,5,,,,,,,,,*** PLSs to which these data apply.
PERLND,PHOS-SVALPMgroundwater,OPNIDLAST,int,5,10,,,,,,,,,*** PLSs to which these data apply.
PERLND,PHOS-SVALPMgroundwater,XFIX_groundwater,float,10,20,,0,0,,0,0,,,"*** XFIX is the maximum concentration (on the soil) of phosphorus which is
*** permanently fixed to the soil. The system expects this table to appear
*** four times: surface layer, upper layer, lower layer, groundwater
*** layer."
PERLND,PHOS-SVALPMgroundwater,K1_groundwater,float,20,30,,0,0,,0,0,,,"*** K1 is the coefficient parameter for the single-value Freundlich
*** adsorption/desorption equation. The system expects this table to appear
*** four times: surface layer, upper layer, lower layer, groundwater
*** layer."
PERLND,PHOS-SVALPMgroundwater,N1_groundwater,float,30,40,,,1,,,1,,,"*** N1 is the exponent parameter for the single-value Freundlich adsorption/
*** desorption equation. The system expects this table to appear four times:
*** surface layer, upper layer, lower layer, groundwater layer."
PERLND,PHOS-SVALPMlower,OPNID,int,0,5,,,,,,,,,*** PLSs to which these data apply.
PERLND,PHOS-SVALPMlower,OPNIDLAST,int,5,10,,,,,,,,,*** PLSs to which these data apply.
PERLND,PHOS-SVALPMlower,XFIX_lower,float,10,20,,0,0,,0,0,,,"*** XFIX is the maximum concentration (on the soil) of phosphorus which is
*** permanently fixed to the soil. The system expects this table to appear
*** four times: surface layer, upper layer, lower layer, groundwater
*** layer."
PERLND,PHOS-SVALPMlower,K1_lower,float,20,30,,0,0,,0,0,,,"*** K1 is the coefficient parameter for the single-value Freundlich
*** adsorption/desorption equation. The system expects this table to appear
*** four times: surface layer, upper layer, lower layer, groundwater
*** layer."
PERLND,PHOS-SVALPMlower,N1_lower,float,30,40,,,1,,,1,,,"*** N1 is the exponent parameter for the single-value Freundlich adsorption/
*** desorption equation. The system expects this table to appear four times:
*** surface layer, upper layer, lower layer, groundwater layer."
PERLND,PHOS-SVALPMsurface,OPNID,int,0,5,,,,,,,,,*** PLSs to which these data apply.
PERLND,PHOS-SVALPMsurface,OPNIDLAST,int,5,10,,,,,,,,,*** PLSs to which these data apply.
PERLND,PHOS-SVALPMsurface,XFIX_surface,float,10,20,,0,0,,0,0,,,"*** XFIX is the maximum concentration (on the soil) of phosphorus which is
*** permanently fixed to the soil. The system expects this table to appear
*** four times: surface layer, upper layer, lower layer, groundwater
*** layer."
PERLND,PHOS-SVALPMsurface,K1_surface,float,20,30,,0,0,,0,0,,,"*** K1 is the coefficient parameter for the single-value Freundlich
*** adsorption/desorption equation. The system expects this table to appear
*** four times: surface layer, upper layer, lower layer, groundwater
*** layer."
PERLND,PHOS-SVALPMsurface,N1_surface,float,30,40,,,1,,,1,,,"*** N1 is the exponent parameter for the single-value Freundlich adsorption/
*** desorption equation. The system expects this table to appear four times:
*** surface layer, upper layer, lower layer, groundwater layer."
PERLND,PHOS-SVALPMupper,OPNID,int,0,5,,,,,,,,,*** PLSs to which these data apply.
PERLND,PHOS-SVALPMupper,OPNIDLAST,int,5,10,,,,,,,,,*** PLSs to which these data apply.
PERLND,PHOS-SVALPMupper,XFIX_upper,float,10,20,,0,0,,0,0,,,"*** XFIX is the maximum concentration (on the soil) of phosphorus which is
*** permanently fixed to the soil. The system expects this table to appear
*** four times: surface layer, upper layer, lower layer, groundwater
*** layer."
PERLND,PHOS-SVALPMupper,K1_upper,float,20,30,,0,0,,0,0,,,"*** K1 is the coefficient parameter for the single-value Freundlich
*** adsorption/desorption equation. The system expects this table to appear
*** four times: surface layer, upper layer, lower layer, groundwater
*** layer."
PERLND,PHOS-SVALPMupper,N1_upper,float,30,40,,,1,,,1,,,"*** N1 is the exponent parameter for the single-value Freundlich adsorption/
*** desorption equation. The system expects this table to appear four times:
*** surface layer, upper layer, lower layer, groundwater layer."
PERLND,PHOS-UPTAKE,OPNID,int,0,5,,,,,,,,,*** PLSs to which these data apply.
PERLND,PHOS-UPTAKE,OPNIDLAST,int,5,10,,,,,,,,,*** PLSs to which these data apply.
PERLND,PHOS-UPTAKE,SKPLP,float,10,20,,0,0,,0,0,,,"*** SKPLP is the plant phosphorus uptake reaction rate parameter for the
*** surface layer."
PERLND,PHOS-UPTAKE,UKPLP,float,20,30,,0,0,,0,0,,,"*** UKPLP is the plant phosphorus uptake reaction rate parameter for the
*** upper layer."
PERLND,PHOS-UPTAKE,LKPLP,float,30,40,,0,0,,0,0,,,"*** LKPLP is the plant phosphorus uptake reaction rate parameter for the
*** lower layer."
PERLND,PHOS-UPTAKE,AKPLP,float,40,50,,0,0,,0,0,,,"*** AKPLP is the plant phosphorus uptake reaction rate parameter for the
*** active groundwater layer."
PERLND,PHOS-YIELD,OPNID,int,0,5,,,,,,,,,*** PLSs to which these data apply.
PERLND,PHOS-YIELD,OPNIDLAST,int,5,10,,,,,,,,,*** PLSs to which these data apply.
PERLND,PHOS-YIELD,PUPTGT,float,10,20,,0,0,,0,0,,,"*** PUPTGT is the total annual uptake target for phosphorus. _PNAME
*** PUPTGT"
PERLND,PHOS-YIELD,PMXRAT,float,20,30,,1,1,2,1,1,2,,"*** PMXRAT is the ratio of maximum possible P uptake to optimum uptake rate.
*** _PNAME PMXRAT"
PERLND,PQL-AD-FLAGS,OPNID,int,0,5,,,,,,,,,*** PLSs to which these data apply.
PERLND,PQL-AD-FLAGS,OPNIDLAST,int,5,10,,,,,,,,,*** PLSs to which these data apply.
PERLND,PQL-AD-FLAGS,PQADFG1,int,11,14,,0,-1,999,0,-1,999,,"*** Value of 0 indicates that atmospheric deposition flux of quality
*** constituent #1 is absent. A value of -1 indicates that it is supplied as
*** a direct time series as PQADFX. A value greater than 0 indicates the
*** index number of the MONTH-DATA block to be used to supply atmospheric
*** deposition data. _PNAME PQADFG(1)"
PERLND,PQL-AD-FLAGS,PQADFG2,int,14,17,,0,-1,999,0,-1,999,,"*** Value of 0 indicates that concentration of quality constituent #1 in
*** precipitation is absent. A value of -1 indicates that it is supplied as
*** a direct time series as PQADCN. A value greater than 0 indicates the
*** index number of the MONTH-DATA block to be used to supply atmospheric
*** deposition data. _PNAME PQADFG(2)"
PERLND,PQL-AD-FLAGS,PQADFG3,int,18,21,,0,-1,999,0,-1,999,,"*** Value of 0 indicates that atmospheric deposition flux of quality
*** constituent #2 is absent. A value of -1 indicates that it is supplied as
*** a direct time series as PQADFX. A value greater than 0 indicates the
*** index number of the MONTH-DATA block to be used to supply atmospheric
*** deposition data. _PNAME PQADFG(3)"
PERLND,PQL-AD-FLAGS,PQADFG4,int,21,24,,0,-1,999,0,-1,999,,"*** Value of 0 indicates that concentration of quality constituent #2 in
*** precipitation is absent. A value of -1 indicates that it is supplied as
*** a direct time series as PQADCN. A value greater than 0 indicates the
*** index number of the MONTH-DATA block to be used to supply atmospheric
*** deposition data. _PNAME PQADFG(4)"
PERLND,PQL-AD-FLAGS,PQADFG5,int,25,28,,0,-1,999,0,-1,999,,"*** Value of 0 indicates that atmospheric deposition flux of quality
*** constituent #3 is absent. A value of -1 indicates that it is supplied as
*** a direct time series as PQADFX. A value greater than 0 indicates the
*** index number of the MONTH-DATA block to be used to supply atmospheric
*** deposition data. _PNAME PQADFG(5)"
PERLND,PQL-AD-FLAGS,PQADFG6,int,28,31,,0,-1,999,0,-1,999,,"*** Value of 0 indicates that concentration of quality constituent #3 in
*** precipitation is absent. A value of -1 indicates that it is supplied as
*** a direct time series as PQADCN. A value greater than 0 indicates the
*** index number of the MONTH-DATA block to be used to supply atmospheric
*** deposition data. _PNAME PQADFG(6)"
PERLND,PQL-AD-FLAGS,PQADFG7,int,32,35,,0,-1,999,0,-1,999,,"*** Value of 0 indicates that atmospheric deposition flux of quality
*** constituent #4 is absent. A value of -1 indicates that it is supplied as
*** a direct time series as PQADFX. A value greater than 0 indicates the
*** index number of the MONTH-DATA block to be used to supply atmospheric
*** deposition data. _PNAME PQADFG(7)"
PERLND,PQL-AD-FLAGS,PQADFG8,int,35,38,,0,-1,999,0,-1,999,,"*** Value of 0 indicates that concentration of quality constituent #4 in
*** precipitation is absent. A value of -1 indicates that it is supplied as
*** a direct time series as PQADCN. A value greater than 0 indicates the
*** index number of the MONTH-DATA block to be used to supply atmospheric
*** deposition data. _PNAME PQADFG(8)"
PERLND,PQL-AD-FLAGS,PQADFG9,int,39,42,,0,-1,999,0,-1,999,,"*** Value of 0 indicates that atmospheric deposition flux of quality
*** constituent #5 is absent. A value of -1 indicates that it is supplied as
*** a direct time series as PQADFX. A value greater than 0 indicates the
*** index number of the MONTH-DATA block to be used to supply atmospheric
*** deposition data. _PNAME PQADFG(9)"
PERLND,PQL-AD-FLAGS,PQADFG10,int,42,45,,0,-1,999,0,-1,999,,"*** Value of 0 indicates that concentration of quality constituent #5 in
*** precipitation is absent. A value of -1 indicates that it is supplied as
*** a direct time series as PQADCN. A value greater than 0 indicates the
*** index number of the MONTH-DATA block to be used to supply atmospheric
*** deposition data. _PNAME PQADFG(10)"
PERLND,PQL-AD-FLAGS,PQADFG11,int,46,49,,0,-1,999,0,-1,999,,"*** Value of 0 indicates that atmospheric deposition flux of quality
*** constituent #6 is absent. A value of -1 indicates that it is supplied as
*** a direct time series as PQADFX. A value greater than 0 indicates the
*** index number of the MONTH-DATA block to be used to supply atmospheric
*** deposition data. _PNAME PQADFG(11)"
PERLND,PQL-AD-FLAGS,PQADFG12,int,49,52,,0,-1,999,0,-1,999,,"*** Value of 0 indicates that concentration of quality constituent #6 in
*** precipitation is absent. A value of -1 indicates that it is supplied as
*** a direct time series as PQADCN. A value greater than 0 indicates the
*** index number of the MONTH-DATA block to be used to supply atmospheric
*** deposition data. _PNAME PQADFG(12)"
PERLND,PQL-AD-FLAGS,PQADFG13,int,53,56,,0,-1,999,0,-1,999,,"*** Value of 0 indicates that atmospheric deposition flux of quality
*** constituent #7 is absent. A value of -1 indicates that it is supplied as
*** a direct time series as PQADFX. A value greater than 0 indicates the
*** index number of the MONTH-DATA block to be used to supply atmospheric
*** deposition data. _PNAME PQADFG(13)"
PERLND,PQL-AD-FLAGS,PQADFG14,int,56,59,,0,-1,999,0,-1,999,,"*** Value of 0 indicates that concentration of quality constituent #7 in
*** precipitation is absent. A value of -1 indicates that it is supplied as
*** a direct time series as PQADCN. A value greater than 0 indicates the
*** index number of the MONTH-DATA block to be used to supply atmospheric
*** deposition data. _PNAME PQADFG(14)"
PERLND,PQL-AD-FLAGS,PQADFG15,int,60,63,,0,-1,999,0,-1,999,,"*** Value of 0 indicates that atmospheric deposition flux of quality
*** constituent #8 is absent. A value of -1 indicates that it is supplied as
*** a direct time series as PQADFX. A value greater than 0 indicates the
*** index number of the MONTH-DATA block to be used to supply atmospheric
*** deposition data. _PNAME PQADFG(15)"
PERLND,PQL-AD-FLAGS,PQADFG16,int,63,66,,0,-1,999,0,-1,999,,"*** Value of 0 indicates that concentration of quality constituent #8 in
*** precipitation is absent. A value of -1 indicates that it is supplied as
*** a direct time series as PQADCN. A value greater than 0 indicates the
*** index number of the MONTH-DATA block to be used to supply atmospheric
*** deposition data. _PNAME PQADFG(16)"
PERLND,PQL-AD-FLAGS,PQADFG17,int,67,70,,0,-1,999,0,-1,999,,"*** Value of 0 indicates that atmospheric deposition flux of quality
*** constituent #9 is absent. A value of -1 indicates that it is supplied as
*** a direct time series as PQADFX. A value greater than 0 indicates the
*** index number of the MONTH-DATA block to be used to supply atmospheric
*** deposition data. _PNAME PQADFG(17)"
PERLND,PQL-AD-FLAGS,PQADFG18,int,70,73,,0,-1,999,0,-1,999,,"*** Value of 0 indicates that concentration of quality constituent #9 in
*** precipitation is absent. A value of -1 indicates that it is supplied as
*** a direct time series as PQADCN. A value greater than 0 indicates the
*** index number of the MONTH-DATA block to be used to supply atmospheric
*** deposition data. _PNAME PQADFG(18)"
PERLND,PQL-AD-FLAGS,PQADFG19,int,74,77,,0,-1,999,0,-1,999,,"*** Value of 0 indicates that atmospheric deposition flux of quality
*** constituent #10 is absent. A value of -1 indicates that it is supplied
*** as a direct time series as PQADFX. A value greater than 0 indicates the
*** index number of the MONTH-DATA block to be used to supply atmospheric
*** deposition data. _PNAME PQADFG(19)"
PERLND,PQL-AD-FLAGS,PQADFG20,int,77,80,,0,-1,999,0,-1,999,,"*** Value of 0 indicates that concentration of quality constituent #10 in
*** precipitation is absent. A value of -1 indicates that it is supplied as
*** a direct time series as PQADCN. A value greater than 0 indicates the
*** index number of the MONTH-DATA block to be used to supply atmospheric
*** deposition data. _PNAME PQADFG(20)"
PERLND,PRINT-INFO,OPNID,int,0,5,,,1,,,1,,,*** PLSs to which these data apply.
PERLND,PRINT-INFO,OPNIDLAST,int,5,10,,,1,,,1,,,*** PLSs to which these data apply.
PERLND,PRINT-INFO,AIRTPR,int,10,15,,4,2,6,4,2,6,,*** Printout level for section ATEMP
PERLND,PRINT-INFO,SNOWPR,int,15,20,,4,2,6,4,2,6,,*** Printout level for section SNOW
PERLND,PRINT-INFO,PWATPR,int,20,25,,4,2,6,4,2,6,,*** Printout level for section PWATER
PERLND,PRINT-INFO,SEDPR,int,25,30,,4,2,6,4,2,6,,*** Printout level for section SEDMNT
PERLND,PRINT-INFO,PSTPR,int,30,35,,4,2,6,4,2,6,,*** Printout level for section PSTEMP
PERLND,PRINT-INFO,PWGPR,int,35,40,,4,2,6,4,2,6,,*** Printout level for section PWTGAS
PERLND,PRINT-INFO,PQALPR,int,40,45,,4,2,6,4,2,6,,*** Printout level for section PQUAL
PERLND,PRINT-INFO,MSTLPR,int,45,50,,4,2,6,4,2,6,,*** Printout level for section MSTLAY
PERLND,PRINT-INFO,PESTPR,int,50,55,,4,2,6,4,2,6,,*** Printout level for section PEST
PERLND,PRINT-INFO,NITRPR,int,55,60,,4,2,6,4,2,6,,*** Printout level for section NITR
PERLND,PRINT-INFO,PHOSPR,int,60,65,,4,2,6,4,2,6,,*** Printout level for section PHOS
PERLND,PRINT-INFO,TRACPR,int,65,70,,4,2,6,4,2,6,,*** Printout level for section TRACER
PERLND,PRINT-INFO,PIVL,int,70,75,,1,1,1440,1,1,1440,,"*** A value need only be supplied for PIVL if one or more sections have a
*** printout level of 2. For those sections, printout will occur every PIVL
*** intervals (that is, every PDELT=PIVL*DELT mins). PIVL must be chosen
*** such that there are an integer no. of PDELT periods in a day."
PERLND,PRINT-INFO,PYREND,int,75,80,,9,1,12,9,1,12,,"*** PYREND is the calendar month which will terminate the year for printout
*** purposes. Thus, the annual summary can reflect the situation over the
*** past water year or the past calendar year, etc."
PERLND,PSTEMP-PARM1,OPNID,int,0,5,,,,,,,,,*** PLSs to which these data apply.
PERLND,PSTEMP-PARM1,OPNIDLAST,int,5,10,,,,,,,,,*** PLSs to which these data apply.
PERLND,PSTEMP-PARM1,SLTVFG,int,10,15,,0,0,1,0,0,1,,"*** If SLTVFG is 1, parameters for estimating surface layer temperature can
*** vary monthly."
PERLND,PSTEMP-PARM1,ULTVFG,int,15,20,,0,0,1,0,0,1,,"*** If ULTVFG is 1, parameters for estimating upper layer temperature can
*** vary monthly."
PERLND,PSTEMP-PARM1,LGTVFG,int,20,25,,0,0,1,0,0,1,,"*** If LGTVFG is 1, parameters for estimating lower layer and active
*** groundwater layer temperature calculations can vary monthly."
PERLND,PSTEMP-PARM1,TSOPFG,int,25,30,,0,0,2,0,0,2,,"*** TSOPFG selects the method to estimate subsurface soil temperatures. If
*** it is 0, they are computed using a mean departure from air temperature,
*** together with smoothing factors. If TSOPFG is 1, upper layer soil
*** temperature is estimated by regression on air temperature (like surface
*** temperature). The lower layer/groundwater layer temperature is supplied
*** directly by the user (a different value may be specified for each
*** month). If it is 2, the same method is used as for a value of 0, except
*** that the upper layer temperature is used instead of the air temperature
*** to compute the lower layer/groundwater layer temperature."
PERLND,PSTEMP-PARM2,OPNID,int,0,5,,,,,,,,,*** PLSs to which these data apply.
PERLND,PSTEMP-PARM2,OPNIDLAST,int,5,10,,,,,,,,,*** PLSs to which these data apply.
PERLND,PSTEMP-PARM2,ASLT,float,10,20,,0,-18,38,32,0,100,,"*** ASLT is the surface layer temperature when the air temperature is 32
*** degrees F (0 degrees C). It is the intercept of the surface layer
*** temperature regression equation."
PERLND,PSTEMP-PARM2,BSLT,float,20,30,,1,0.001,2,1,0.001,2,,*** BSLT is the slope of the surface layer temperature regression equation.
PERLND,PSTEMP-PARM2,ULTP1,float,30,40,,,,,,,,,"*** ULTP1 is the smoothing factor in upper layer temperature calculation, if
*** TSOPFG = 0 or 2. ULTP1 is the intercept in the upper layer soil
*** temperature regression equation (like ASLT and BSLT for the surface
*** layer), if TSOPFG = 1."
PERLND,PSTEMP-PARM2,ULTP2,float,40,50,,,,,,,,,"*** ULTP2 is the mean difference between upper layer soil temperature and
*** air temperature, if TSOPFG = 0 or 2. ULTP2 is the slope in the upper
*** layer soil temperature regression equation (like ASLT and BSLT for the
*** surface layer), if TSOPFG = 1."
PERLND,PSTEMP-PARM2,LGTP1,float,50,60,,,,,,,,,"*** LGTP1 is the smoothing factor for calculating lower layer/groundwater
*** soil temperature, if TSOPFG = 0 or 2. LGTP1 is the lower layer/groundwater
*** layer soil temperature, if TOSPFG = 1."
PERLND,PSTEMP-PARM2,LGTP2,float,60,70,,,,,,,,,"*** LGTP2 is the mean departure from air temperature for calculating lower
*** layer/groundwater soil temperature, if TSOPFG = 0 or 2. LGTP2 is not
*** used, if TSOPFG = 1."
PERLND,PSTEMP-TEMPS,OPNID,int,0,5,,,,,,,,,*** PLSs to which these data apply.
PERLND,PSTEMP-TEMPS,OPNIDLAST,int,5,10,,,,,,,,,*** PLSs to which these data apply.
PERLND,PSTEMP-TEMPS,AIRTC,float,10,20,,16,-29,49,60,-20,120,,*** AIRTC is the initial air temperature.
PERLND,PSTEMP-TEMPS,SLTMP,float,20,30,,16,-29,49,60,-20,120,,*** SLTMP is the initial surface layer soil temperature.
PERLND,PSTEMP-TEMPS,ULTMP,float,30,40,,16,-29,49,60,-20,120,,*** ULTMP is the initial upper layer soil temperature.
PERLND,PSTEMP-TEMPS,LGTMP,float,40,50,,16,-29,49,60,-20,120,,*** LGTMP is the initial lower layer/groundwater layer soil temperature.
PERLND,PWAT-CANOPY,OPNID,int,0,5,,,,,,,,,*** PLSs to which these data apply.
PERLND,PWAT-CANOPY,OPNIDLAST,int,5,10,,,,,,,,,*** PLSs to which these data apply.
PERLND,PWAT-CANOPY,CANOPY,float,10,20,,1,1,5,1,1,5,,"*** Canopy layer to which these parameters apply. This table is only
*** necessary if NCANOPY > 0."
PERLND,PWAT-CANOPY,CANNAM,string,23,35,,,,,,,,,*** A string of up to 12 characters which identifies this canopy layer.
PERLND,PWAT-CANOPY,CEPSC,float,35,45,,0,0,250,0,0,250,,*** CEPSC is the interception storage capacity.
PERLND,PWAT-CANOPY,CEPS,float,45,55,,0,0,2500,0,0,2500,,*** CEPS is the initial interception storage.
PERLND,PWAT-PARM1,OPNID,int,0,5,,,,,,,,,*** PLSs to which these data apply.
PERLND,PWAT-PARM1,OPNIDLAST,int,5,10,,,,,,,,,*** PLSs to which these data apply.
PERLND,PWAT-PARM1,CSNOFG,int,10,15,,0,0,1,0,0,1,,"*** If CSNOFG is 1, section PWATER assumes that snow accumulation and melt
*** is being considered. It will, therefore, expect that the time series
*** produced by section SNOW are available, either internally (produced in
*** this RUN) or from external sources (produced in a previous RUN). If
*** CSNOFG is 0, no such time series are expected. See the functional
*** description for further information."
PERLND,PWAT-PARM1,RTOPFG,int,15,20,,0,0,3,0,0,3,,"*** If RTOPFG is 1, routing of overland flow is done in exactly the same way
*** as in HSPX, ARM and NPS. A value of 0 results in a new algorithm being
*** used. A value of 2 results in the use of a simple power function method
*** (and HWTFG must be 1). A value of 3 results in the use of a table in the
*** FTABLE block to determine surface outflow as a function of surface
*** storage (HWTFG must be 1)."
PERLND,PWAT-PARM1,UZFG,int,20,25,,0,0,1,0,0,1,,"*** If UZFG is 1, inflow to the upper zone is computed in the same way as in
*** HSPX, ARM and NPS. A value of zero results in the use of a new
*** algorithm, which should be less sensitive to changes in DELT."
PERLND,PWAT-PARM1,VCSFG,int,25,30,,0,0,1,0,0,1,,"*** VCSFG:value of 1 means vary interception storage capacity monthly; 0
*** means use annual value. A value of -1 indicates that it is supplied as
*** direct time series CEPSC."
PERLND,PWAT-PARM1,VUZFG,int,30,35,,0,0,1,0,0,1,,"*** VUZFG:value of 1 means vary upper zone nominal storage monthly; 0 means
*** use annual value. A value of -1 indicates that it is supplied as direct
*** time series UZSN."
PERLND,PWAT-PARM1,VNNFG,int,35,40,,0,0,1,0,0,1,,"*** VNNFG:value of 1 means vary Manning's n for the overland flow plane
*** monthly; 0 means use annual value. A value of -1 indicates that it is
*** supplied as direct time series NSUR."
PERLND,PWAT-PARM1,VIFWFG,int,40,45,,0,0,1,0,0,1,,"*** VIFWFG:value of 1 means vary interflow inflow parameter monthly; 0 means
*** use annual value. A value of -1 indicates that it is supplied as direct
*** time series INTFW."
PERLND,PWAT-PARM1,VIRCFG,int,45,50,,0,0,1,0,0,1,,"*** VIRCFG:value of 1 means vary interflow recession constant monthly; 0
*** means use annual value. A value of -1 indicates that it is supplied as
*** direct time series IRC."
PERLND,PWAT-PARM1,VLEFG,int,50,55,,0,0,3,0,0,3,,"*** VLEFG:value of 1 means vary lower zone E-T parameter monthly; value of 2
*** means constant E-T with optional IHM method; value of 3 means variable
*** E-T with optional IHM method; 0 means use annual value. A value of -1
*** indicates that it is supplied as direct time series LZETP."
PERLND,PWAT-PARM1,IFFCFG,int,55,60,,1,1,2,1,1,2,,"*** Method for computing INFFAC, the effect of frozen ground on infiltration; 1
*** means use original method based on amount of ice in the snow pack (as
*** enhanced by the new parameters FZG and FZGL in table-type PWAT-PARM5); 2
*** means base INFFAC on temperature of the lower soil layer (section PSTEMP
*** must be active)."
PERLND,PWAT-PARM1,HWTFG,int,60,65,,0,0,1,0,0,1,,"*** If HWTFG=1, then high water table conditions (wetland) are prevalent on
*** the land segment, and different algorithms are used for some processes."
PERLND,PWAT-PARM1,IRRGFG,int,65,70,,0,0,3,0,0,3,,"*** Irrigation module flag; 0 means not used; 1 means demand is input
*** timeseries IRRDEM; 2 means demand is calculated based on allowable water
*** depletion in the crop root zone; 3 means demand is specified by schedule
*** in table-type IRRIG-SCHED."
PERLND,PWAT-PARM1,IFRDFG,int,70,75,,0,0,7,0,0,7,,"*** Infiltration redistribution flag for use with IHM; 0 means not used; 3-7
*** is assigned as the exponent in infiltration equation."
PERLND,PWAT-PARM1,NCANPY,int,75,80,,0,0,5,0,0,5,,"*** Number of canopy layers to be used in interception accounting; 0 means
*** multiple canopy feature is not is use; if 1-5 then table-type PWAT-CANOPY is
*** expected that number of times."
PERLND,PWAT-PARM2,OPNID,int,0,5,,,,,,,,,*** PLSs to which these data apply.
PERLND,PWAT-PARM2,OPNIDLAST,int,5,10,,,,,,,,,*** PLSs to which these data apply.
PERLND,PWAT-PARM2,FOREST,float,10,20,,0,0,1,0,0,1,,"*** FOREST is the fraction of the PLS which is covered by forest which will
*** continue to transpire in winter. Input only if CSNOFG=1."
PERLND,PWAT-PARM2,LZSN,float,20,30,,,0.25,2500,,0.01,100,,*** LZSN is the lower zone nominal storage.
PERLND,PWAT-PARM2,INFILT,float,30,40,,,0.0025,2500,,0.001,100,,*** INFILT is an index to the infiltration capacity of the soil.
PERLND,PWAT-PARM2,LSUR,float,40,50,,,0.3,,,1,,,*** LSUR is the length of the assumed overland flow plane.
PERLND,PWAT-PARM2,SLSUR,float,50,60,,,0.000001,10,,0.000001,10,,*** SLSUR is the slope of the assumed overland flow plane.
PERLND,PWAT-PARM2,KVARY,float,60,70,,0,0,,0,0,,,"*** KVARY is a parameter which affects the behavior of groundwater recession
*** flow, enabling it to be non exponential in its decay with time."
PERLND,PWAT-PARM2,AGWRC,float,70,80,,,0.001,0.999,,0.001,0.999,,"*** AGWRC is the basic groundwater recession rate if KVARY is zero and there
*** is no inflow to groundwater (rate of flow today/rate yesterday)."
PERLND,PWAT-PARM3,OPNID,int,0,5,,,,,,,,,*** PLSs to which these data apply.
PERLND,PWAT-PARM3,OPNIDLAST,int,5,10,,,,,,,,,*** PLSs to which these data apply.
PERLND,PWAT-PARM3,PETMAX,float,10,20,,40,,,4.4,,,,"*** PETMAX is the air temperature below which E-T will arbitrarily be
*** reduced below the value obtained from the input time series. Input only
*** if CSNOFG=1."
PERLND,PWAT-PARM3,PETMIN,float,20,30,,35,,,1.7,,,,"*** PETMIN is the temperature below which E-T will be zero regardless of the
*** value in the input time series. Input only if CSNOFG=1."
PERLND,PWAT-PARM3,INFEXP,float,30,40,,2,0,10,2,0,10,,*** INFEXP is the exponent in the infiltration equation.
PERLND,PWAT-PARM3,INFILD,float,40,50,,2,1,2,2,1,2,,"*** INFILD is the ratio between the maximum and mean infiltration capacities
*** over the PLS."
PERLND,PWAT-PARM3,DEEPFR,float,50,60,,0,0,1,0,0,1,,"*** DEEPFR is the fraction of groundwater inflow which will enter deep
*** (inactive) groundwater and, thus, be lost from the system as it is
*** defined in HSPF."
PERLND,PWAT-PARM3,BASETP,float,60,70,,0,0,1,0,0,1,,"*** BASETP is the fraction of remaining potential E-T which can be satisfied
*** from baseflow (groundwater outflow), if enough is available."
PERLND,PWAT-PARM3,AGWETP,float,70,80,,0,0,1,0,0,1,,"*** AGWETP is the fraction of remaining potential E-T which can be satisfied
*** from active groundwater storage if enough is available."
PERLND,PWAT-PARM4,OPNID,int,0,5,,,,,,,,,*** PLSs to which these data apply.
PERLND,PWAT-PARM4,OPNIDLAST,int,5,10,,,,,,,,,*** PLSs to which these data apply.
PERLND,PWAT-PARM4,CEPSC,float,10,20,,0,0,250,0,0,10,,*** CEPSC is the interception storage capacity.
PERLND,PWAT-PARM4,UZSN,float,20,30,,,0.25,250,,0.01,10,,*** UZSN is the upper zone nominal storage.
PERLND,PWAT-PARM4,NSUR,float,30,40,,0.1,0.001,1,0.1,0.001,1,,*** NSUR is Manning's n for the assumed overland flow plane.
PERLND,PWAT-PARM4,INTFW,float,40,50,,,0,,,0,,,*** INTFW is the interflow inflow parameter
PERLND,PWAT-PARM4,IRC,float,50,60,,,1E-30,0.999,,1E-30,0.999,,"*** IRC is the interflow recession parameter. Under zero inflow, this is the
*** ratio of interflow outflow rate today/rate yesterday."
PERLND,PWAT-PARM4,LZETP,float,60,70,,0,0,2,0,0,2,,"*** LZETP is the lower zone E-T parameter. It is an index to the density of
*** deep-rooted vegetation."
PERLND,PWAT-PARM5,OPNID,int,0,5,,,,,,,,,*** PLSs to which these data apply.
PERLND,PWAT-PARM5,OPNIDLAST,int,5,10,,,,,,,,,*** PLSs to which these data apply.
PERLND,PWAT-PARM5,FZG,float,10,20,,0.0394,0.0001,,1,0.0001,,,"*** FZG is the parameter to adjust the effect of ice in the snow pack on
*** infiltration when IFFCFG is 1. It is not used if IFFCFG is 2."
PERLND,PWAT-PARM5,FZGL,float,20,30,,0.1,0.0001,1,0.1,0.0001,1,,"*** If IFFCFG is 1, FZGL is the lower limit of INFFAC as adjusted by ice in
*** the snow pack. If IFFCFG is 2, FZGL is the value of INFFAC to use when
*** the lower layer temperature is at or below freezing."
PERLND,PWAT-PARM6,OPNID,int,0,5,,,,,,,,,*** PLSs to which these data apply.
PERLND,PWAT-PARM6,OPNIDLAST,int,5,10,,,,,,,,,*** PLSs to which these data apply.
PERLND,PWAT-PARM6,MELEV,float,10,20,,0,0,10000,0,0,30000,,"*** MELEV is the mean elevation of the ground surface of the PLS. If Section
*** SNOW is active, this field is ignored, and the value from SNOW-PARM1 is
*** used."
PERLND,PWAT-PARM6,BELV,float,20,30,,,,,,,,,"*** BELV is the base elevation for AGWO. It corresponds to the bottom
*** elevation of nearby channels; therefore, if the ground water elevation
*** is above BELV, there is outflow to the channels. Ground water below BELV
*** is considered inactive."
PERLND,PWAT-PARM6,GWDATM,float,30,40,,,,,,,,,"*** GWDATM is the datum for the groundwater elevation GWEL. Storage below
*** this elevation is not simulated."
PERLND,PWAT-PARM6,PCW,float,40,50,,,0.01,0.999,,0.01,0.999,,"*** PCW is the cohesion water porosity - i. e. the soil pore space in
*** micropores."
PERLND,PWAT-PARM6,PGW,float,50,60,,,0.01,0.999,,0.01,0.999,,"*** PGW is the gravitational water porosity - i. e. the soil pore space in
*** macropores."
PERLND,PWAT-PARM6,UPGW,float,60,70,,,0.01,0.999,,0.01,0.999,,"*** UPGW is the upper gravitaional water porosity - i. e. the soil pore
*** space in macropores in the upper layers of the soil column."
PERLND,PWAT-PARM7,OPNID,int,0,5,,,,,,,,,*** PLSs to which these data apply.
PERLND,PWAT-PARM7,OPNIDLAST,int,5,10,,,,,,,,,*** PLSs to which these data apply.
PERLND,PWAT-PARM7,STABNO,float,10,20,,0,0,999,0,0,999,,"*** STABNO is the user's number for the F-Table in the FTABLES block which
*** contains the outflow properties from the surface storage."
PERLND,PWAT-PARM7,SRRC,float,20,30,,,1E-10,0.999,,1E-10,0.999,,"*** SRRC is the surface runoff recession constant, which is used to
*** calculate surface runoff as a function of surface storage only."
PERLND,PWAT-PARM7,SREXP,float,30,40,,1,0,,1,0,,,*** SREXP is the surface runoff exponent.
PERLND,PWAT-PARM7,IFWSC,float,40,50,,,0.25,750,,0.01,30,,"*** IFWSC is the maximum interflow storage capacity if the groundwater
*** elevation is higher than the Upper Influence Elevation."
PERLND,PWAT-PARM7,DELTA,float,50,60,,0.025,0.000025,5,0.001,0.000001,0.2,,*** DELTA is the groundwater elevation tolerance level.
PERLND,PWAT-PARM7,UELFAC,float,60,70,,4,3,5,4,3,5,,*** UELFAC is the multiplier on UZSN which gives the upper zone capacity.
PERLND,PWAT-PARM7,LELFAC,float,70,80,,2.5,2,3,2.5,2,3,,*** LELFAC is the multiplier on LZSN which gives the lower zone capacity.
PERLND,PWAT-STATE1,OPNID,int,0,5,,,,,,,,,*** PLSs to which these data apply.
PERLND,PWAT-STATE1,OPNIDLAST,int,5,10,,,,,,,,,*** PLSs to which these data apply.
PERLND,PWAT-STATE1,CEPS,float,10,20,,0,0,2500,0,0,100,,*** CEPS is the initial interception storage.
PERLND,PWAT-STATE1,SURS,float,20,30,,0,0,2500,0,0,100,,*** SURS is the initial surface (overland flow) storage.
PERLND,PWAT-STATE1,UZS,float,30,40,,0.025,0.025,2500,0.001,0.001,100,,*** UZS is the initial upper zone storage.
PERLND,PWAT-STATE1,IFWS,float,40,50,,0,0,2500,0,0,100,,*** IFWS is the initial interflow storage.
PERLND,PWAT-STATE1,LZS,float,50,60,,0.025,0.025,2500,0.001,0.001,100,,*** LZS is the initial lower zone storage.
PERLND,PWAT-STATE1,AGWS,float,60,70,,0,0,2500,0,0,100,,*** AGWS is the initial active groundwater storage.
PERLND,PWAT-STATE1,GWVS,float,70,80,,0,0,2500,0,0,100,,"*** GWVS is the index to groundwater slope; it is a measure of antecedent
*** active groundwater inflow."
PERLND,PWT-GASES,OPNID,int,0,5,,,,,,,,,*** PLSs to which these data apply.
PERLND,PWT-GASES,OPNIDLAST,int,5,10,,,,,,,,,*** PLSs to which these data apply.
PERLND,PWT-GASES,SODOX,float,10,20,,0,0,20,0,0,20,,*** SODOX is the initial DO concentration in surface outflow.
PERLND,PWT-GASES,SOCO2,float,20,30,,0,0,1,0,0,1,,*** SOCO2 is the initial CO2 concentration in surface outflow.
PERLND,PWT-GASES,IODOX,float,30,40,,0,0,20,0,0,20,,*** IODOX is the initial DO concentration in interflow outflow.
PERLND,PWT-GASES,IOCO2,float,40,50,,0,0,1,0,0,1,,*** IOCO2 is the initial CO2 concentration in interflow outflow.
PERLND,PWT-GASES,AODOX,float,50,60,,0,0,20,0,0,20,,*** AODOX is the initial DO concentration in active groundwater outflow.
PERLND,PWT-GASES,AOCO2,float,60,70,,0,0,1,0,0,1,,*** AOCO2 is the initial CO2 concentration in active groundwater outflow.
PERLND,PWT-PARM1,OPNID,int,0,5,,,,,,,,,*** PLSs to which these data apply.
PERLND,PWT-PARM1,OPNIDLAST,int,5,10,,,,,,,,,*** PLSs to which these data apply.
PERLND,PWT-PARM1,IDVFG,int,10,15,,0,0,1,0,0,1,,"*** If IDVFG is 1, then interflow DO concentration may vary monthly."
PERLND,PWT-PARM1,ICVFG,int,15,20,,0,0,1,0,0,1,,"*** If ICVFG is 1, then interflow CO2 concentration may vary monthly."
PERLND,PWT-PARM1,GDVFG,int,20,25,,0,0,1,0,0,1,,"*** If GDVFG is 1, then groundwater DO concentration may vary monthly."
PERLND,PWT-PARM1,GCVFG,int,25,30,,0,0,1,0,0,1,,"*** If GCVFG is 1, then groundwater CO2 concentration may vary monthly."
PERLND,PWT-PARM2,OPNID,int,0,5,,,,,,,,,*** PLSs to which these data apply.
PERLND,PWT-PARM2,OPNIDLAST,int,5,10,,,,,,,,,*** PLSs to which these data apply.
PERLND,PWT-PARM2,ELEV,float,10,20,,0,-300,9100,0,-1000,30000,,"*** ELEV is the elevation of the PLS above sea level (used to adjust
*** saturation concentrations of dissolved gasses in surface outflow)."
PERLND,PWT-PARM2,IDOXP,float,20,30,,0,0,20,0,0,20,,*** IDOXP is the concentration of dissolved oxygen in interflow outflow.
PERLND,PWT-PARM2,ICO2P,float,30,40,,0,0,1,0,0,1,,*** ICO2P is the concentration of dissolved CO2 in interflow outflow.
PERLND,PWT-PARM2,ADOXP,float,40,50,,0,0,20,0,0,20,,"*** ADOXP is the concentration of dissolved oxygen in active groundwater
*** outflow."
PERLND,PWT-PARM2,ACO2P,float,50,60,,0,0,1,0,0,1,,"*** ACO2P is the concentration of dissolved CO2 in active groundwater
*** outflow."
PERLND,PWT-TEMPS,OPNID,int,0,5,,,,,,,,,*** PLSs to which these data apply.
PERLND,PWT-TEMPS,OPNIDLAST,int,5,10,,,,,,,,,*** PLSs to which these data apply.
PERLND,PWT-TEMPS,SOTMP,float,10,20,,16,0,38,60,32,100,,*** SOTMP is the initial surface outflow temperature.
PERLND,PWT-TEMPS,IOTMP,float,20,30,,16,0,38,60,32,100,,*** IOTMP is the initial interflow outflow temperature.
PERLND,PWT-TEMPS,AOTMP,float,30,40,,16,0,38,60,32,100,,*** AOTMP is the initial active groundwater outflow temperature.
PERLND,QUAL-INPUT,OPNID,int,0,5,,,,,,,,,*** PLSs to which these data apply.
PERLND,QUAL-INPUT,OPNIDLAST,int,5,10,,,,,,,,,*** PLSs to which these data apply.
PERLND,QUAL-INPUT,SQO,float,10,18,,0,0,,0,0,,,*** SQO is the initial storage of QUALOF on the surface of the PLS.
PERLND,QUAL-INPUT,POTFW,float,18,26,,0,0,,0,0,,,"*** POTFW is the washoff potency factor for a QUALSD. A potency factor is
*** the ratio of constituent yield to sediment (washoff or scour) outflow."
PERLND,QUAL-INPUT,POTFS,float,26,34,,0,0,,0,0,,,"*** POTFS is the scour potency factor for a QUALSD. A potency factor is the
*** ratio of constituent yield to sediment (washoff or scour) outflow."
PERLND,QUAL-INPUT,ACQOP,float,34,42,,0,0,,0,0,,,*** ACQOP is the rate of accumulation of QUALOF.
PERLND,QUAL-INPUT,SQOLIM,float,42,50,,0.000002,0.000002,,0.000001,0.000001,,,*** SQOLIM is the maximum storage of QUALOF.
PERLND,QUAL-INPUT,WSQOP,float,50,58,,41.7,0.25,,1.64,0.01,,,"*** WSQOP is the rate of surface runoff which will remove 90 percent of
*** stored QUALOF per hour."
PERLND,QUAL-INPUT,IOQC,float,58,66,,0,0,,0,0,,,"*** IOQC is the concentration of the constituent in interflow outflow
*** (meaningful only if this is a QUALIF)."
PERLND,QUAL-INPUT,AOQC,float,66,74,,0,0,,0,0,,,"*** AOQC is the concentration of the constituent in active groundwater
*** outflow (meaningful only if this is a QUALGW)."
PERLND,QUAL-PROPS,OPNID,int,0,5,,,,,,,,,*** PLSs to which these data apply.
PERLND,QUAL-PROPS,OPNIDLAST,int,5,10,,,,,,,,,*** PLSs to which these data apply.
PERLND,QUAL-PROPS,QUALID,string,10,22,,,,,,,,,"*** QUALID is a string of up to 10 characters which identifies the quality
*** constituent."
PERLND,QUAL-PROPS,QTYID,string,26,30,,,,,,,,,"*** QTYID is a string of up to 4 characters which identifies the units
*** associated with this constituent (e. g., kg, (for coliforms)). These are
*** the units refered to as ""qty"" in subsequent tables (eg. Table-type
*** QUAL-INPUT)."
PERLND,QUAL-PROPS,QSDFG,int,30,35,,0,0,1,0,0,1,,"*** If QSDFG is 1, this constituent is a QUALSD (sediment associated)."
PERLND,QUAL-PROPS,VPFWFG,int,35,40,,0,0,2,0,0,2,,"*** If VPFWFG is 1, the washoff potency factor may vary monthly. If VPWFG is
*** 2, the daily factors are not interpolated between monthly values."
PERLND,QUAL-PROPS,VPFSFG,int,40,45,,0,0,1,0,0,1,,"*** If VPFSFG is 1, the scour potency factor may vary monthly."
PERLND,QUAL-PROPS,QSOFG,int,45,50,,0,0,2,0,0,2,,"*** If QSOFG is 1 or 2, this constituent is a QUALOF (directly associated
*** with overland flow). If 1, then accumulation and removal are performed
*** daily, and the removal rate is dependent only on the accumulation and
*** storage limit parameters (ACQOP and SQOLIM). If 2, accumulation and
*** removel are performed every interval, and the removal rate also takes
*** into account atmospheric deposition plus lateral inflows."
PERLND,QUAL-PROPS,VQOFG,int,50,55,,0,0,1,0,0,1,,"*** If VQOFG is 1 then the rate of accumulation and the limiting storage of
*** QUALOF may vary monthly."
PERLND,QUAL-PROPS,QIFWFG,int,55,60,,0,0,1,0,0,1,,*** If QIFWFG is 1 this constituent is a QUALIF (interflow associated).
PERLND,QUAL-PROPS,VIQCFG,int,60,65,,0,0,4,0,0,4,,"*** If VIQCFG is 1 or greater, then the concentration of this constituent in
*** interflow outflow may vary monthly. If 2 or 4, no interpolation is used.
*** If 3 or 4, units are mg/L. This requires QTYID to be LB (English) or KG
*** (Metric)."
PERLND,QUAL-PROPS,QAGWFG,int,65,70,,0,0,1,0,0,1,,"*** If QAGWFG is 1, this constituent is a QUALGW (groundwater associated)."
PERLND,QUAL-PROPS,VAQCFG,int,70,75,,0,0,4,0,0,4,,"*** If VAQCFG is 1, the concentration of this constituent in groundwater
*** outflow may vary monthly. If 2 or 4, no interpolation is used. If 3 or
*** 4, units are mg/L. This requires QTYID to be LB (English) or KG
*** (Metric)."
PERLND,SED-PARM1,OPNID,int,0,5,,,,,,,,,*** PLSs to which these data apply.
PERLND,SED-PARM1,OPNIDLAST,int,5,10,,,,,,,,,*** PLSs to which these data apply.
PERLND,SED-PARM1,CRVFG,int,10,15,,0,0,1,0,0,1,,"*** If CRVFG is 1, erosion-related cover may vary monthly. A value of -1
*** indicates that it is supplied as direct time series COVER."
PERLND,SED-PARM1,VSIVFG,int,15,20,,0,0,2,0,0,2,,"*** If VSIVFG is 1, the rate of net vertical sediment input may vary
*** monthly."
PERLND,SED-PARM1,SDOPFG,int,20,25,,0,0,1,0,0,1,,"*** If SDOPFG is 1, removal of sediment from the land surface will be
*** simulated with the algorithm used in the ARM and NPS models. If it is 0,
*** a new algorithm will be used."
PERLND,SED-PARM2,OPNID,int,0,5,,,,,,,,,*** PLSs to which these data apply.
PERLND,SED-PARM2,OPNIDLAST,int,5,10,,,,,,,,,*** PLSs to which these data apply.
PERLND,SED-PARM2,SMPF,float,10,20,,1,0.001,1,1,0.001,1,,"*** SMPF is a ""supporting management practice factor. "" It is used to
*** simulate the reduction in erosion achieved by use of erosion control
*** practices."
PERLND,SED-PARM2,KRER,float,20,30,,0,0,,0,0,,,*** KRER is the coefficient in the soil detachment equation.
PERLND,SED-PARM2,JRER,float,30,40,,,,,,,,,*** JRER is the exponent in the soil detachment equation.
PERLND,SED-PARM2,AFFIX,float,40,50,,0,0,1,0,0,1,,"*** AFFIX is the fraction by which detached sediment storage decreases each
*** day, as a result of soil compaction."
PERLND,SED-PARM2,COVER,float,50,60,,0,0,1,0,0,1,,"*** COVER is the fraction of land surface which is shielded from erosion by
*** rainfall (not considering snow cover, which can be handled by simulation)."
PERLND,SED-PARM2,NVSI,float,60,70,,0,,,0,,,,"*** NVSI is the rate at which sediment enters detached storage from the
*** atmosphere. A negative value can be supplied (e. g., to simulate removal
*** by human activity or wind)."
PERLND,SED-PARM3,OPNID,int,0,5,,,,,,,,,*** PLSs to which these data apply.
PERLND,SED-PARM3,OPNIDLAST,int,5,10,,,,,,,,,*** PLSs to which these data apply.
PERLND,SED-PARM3,KSER,float,10,20,,0,0,,0,0,,,*** KSER is the coefficient in the detached sediment washoff equation.
PERLND,SED-PARM3,JSER,float,20,30,,,,,,,,,*** JSER is the exponent in the detached sediment washoff equation.
PERLND,SED-PARM3,KGER,float,30,40,,0,0,,0,0,,,"*** KGER is the coefficient in the matrix soil scour equation (simulates
*** gully erosion, etc. )."
PERLND,SED-PARM3,JGER,float,40,50,,,,,,,,,"*** JGER is the exponent in the matrix soil scour equation (simulates gully
*** erosion, etc. )."
PERLND,SED-STOR,OPNID,int,0,5,,,,,,,,,*** PLSs to which these data apply.
PERLND,SED-STOR,OPNIDLAST,int,5,10,,,,,,,,,*** PLSs to which these data apply.
PERLND,SED-STOR,DETS,float,10,20,,0,0,,0,0,,,
PERLND,SNOW-FLAGS,OPNID,int,0,5,,,,,,,,,*** PLSs to which these data apply.
PERLND,SNOW-FLAGS,OPNIDLAST,int,5,10,,,,,,,,,*** PLSs to which these data apply.
PERLND,SNOW-FLAGS,SNOPFG,int,10,15,,0,0,1,0,0,1,,"*** A value of 0 means that the atmospheric heat exchange portion of
*** snowmelt will be based on the energy balance; 1 means it will be based
*** on a degree-day factor."
PERLND,SNOW-FLAGS,VKMFG,int,15,20,,0,0,1,0,0,1,,"*** VKMFG:value of 1 means vary degree-day factor monthly; 0 means use
*** annual value."
PERLND,SNOW-INIT1,OPNID,int,0,5,,,,,,,,,*** PLSs to which these data apply.
PERLND,SNOW-INIT1,OPNIDLAST,int,5,10,,,,,,,,,*** PLSs to which these data apply.
PERLND,SNOW-INIT1,PACKF,float,10,20,,0,0,,0,0,,,*** Pack-snow is the quantity of snow in the pack (water equivalent).
PERLND,SNOW-INIT1,PACKI,float,20,30,,0,0,,0,0,,,*** Pack-ice is the quantity of ice in the pack (water equivalent)
PERLND,SNOW-INIT1,PACKW,float,30,40,,0,0,,0,0,,,*** Pack-watr is the quantity of liquid water in the pack.
PERLND,SNOW-INIT1,RDENPF,float,40,50,,0.2,0.01,1,0.2,0.01,1,,"*** RDENPF is the density of the frozen contents (snow+ice) of the pack,
*** relative to water."
PERLND,SNOW-INIT1,DULL,float,50,60,,400,0,800,400,0,800,,"*** DULL is an index to the dullness of the pack surface, from which albedo
*** is estimated."
PERLND,SNOW-INIT1,PAKTMP,float,60,70,,0,,0,32,,32,,*** PAKTMP is the mean temperature of the frozen contents of the pack.
PERLND,SNOW-INIT2,OPNID,int,0,5,,,,,,,,,*** PLSs to which these data apply.
PERLND,SNOW-INIT2,OPNIDLAST,int,5,10,,,,,,,,,*** PLSs to which these data apply.
PERLND,SNOW-INIT2,COVINX,float,10,20,,0.25,0.25,,0.01,0.01,,,"*** COVINX is the current pack (water equivalent) required to obtain
*** complete areal coverage of the PLS. If the pack is less than this
*** amount, areal cover is prorated (PACKF/COVINX)."
PERLND,SNOW-INIT2,XLNMLT,float,20,30,,0,0,,0,0,,,"*** XLNMLT is the current remaining possible increment to ice storage in the
*** pack (see functional description). This value is only relevant if ice
*** formation is being simulated (ICEFG= 1)."
PERLND,SNOW-INIT2,SKYCLR,float,30,40,,1,0.15,1,1,0.15,1,,"*** SKYCLR is the fraction of sky which is assumed to be clear at the
*** present time."
PERLND,SNOW-PARM1,OPNID,int,0,5,,,,,,,,,*** PLSs to which these data apply.
PERLND,SNOW-PARM1,OPNIDLAST,int,5,10,,,,,,,,,*** PLSs to which these data apply.
PERLND,SNOW-PARM1,LAT,float,10,20,,40,-90,90,40,-90,90,,"*** LAT is the latitude of the PLS. It is positive for the northern
*** hemisphere, negative for the southern hemisphere."
PERLND,SNOW-PARM1,MELEV,float,20,30,,0,0,10000,0,0,30000,,*** MELEV is the mean elevation of the PLS.
PERLND,SNOW-PARM1,SHADE,float,30,40,,0,0,1,0,0,1,,"*** SHADE is the fraction of the PLS which is shaded from solar radiation
*** by, for example, trees."
PERLND,SNOW-PARM1,SNOWCF,float,40,50,,,1,100,,1,100,,"*** SNOWCF is the factor by which recorded precipitation data will be
*** multiplied if the simulation indicates it is snowfall, to account for
*** poor catch efficiency under snow conditions."
PERLND,SNOW-PARM1,COVIND,float,50,60,,,0.25,,,0.01,,,"*** COVIND is the maximum pack (water equivalent) at which the entire PLS
*** will be covered with snow (see functional description of SNOW section)."
PERLND,SNOW-PARM1,KMELT,float,60,70,,0,0,,0,0,,,*** KMELT is the degree-day snowmelt factor when SNOPFG=1
PERLND,SNOW-PARM1,TBASE,float,70,80,,0,-20,20,32,0,60,,"*** TBASE is the base temperature for the degree-day snowmelt calculation
*** when SNOPFG=1"
PERLND,SNOW-PARM2,OPNID,int,0,5,,,,,,,,,*** PLSs to which these data apply.
PERLND,SNOW-PARM2,OPNIDLAST,int,5,10,,,,,,,,,*** PLSs to which these data apply.
PERLND,SNOW-PARM2,RDCSN,float,10,20,,0.15,0.01,1,0.15,0.01,1,,"*** RDCSN is the density of cold, new snow relative to water. This value
*** applies to snow falling at air temps <= 0degF. At higher temperatures
*** the density of snow is adjusted."
PERLND,SNOW-PARM2,TSNOW,float,20,30,,0,-1,5,32,30,40,,"*** TSNOW is the air temperature below which precipitation will be snow,
*** under saturated conditions. Under non-saturated conditions the
*** temperature is adjusted slightly."
PERLND,SNOW-PARM2,SNOEVP,float,30,40,,0.1,0,1,0.1,0,1,,"*** SNOEVP is a parameter which adapts the snow evaporation (sublimation)
*** equation to field conditions."
PERLND,SNOW-PARM2,CCFACT,float,40,50,,1,0,10,1,0,10,,"*** CCFACT is a parameter which adapts the snow condensation/convection melt
*** equation to field conditions."
PERLND,SNOW-PARM2,MWATER,float,50,60,,0.03,0,1,0.03,0,1,,"*** MWATER is the maximum water content of the snow pack, in depth water per
*** depth water equivalent."
PERLND,SNOW-PARM2,MGMELT,float,60,70,,0.25,0,25,0.01,0,1,,"*** MGMELT is the maximum rate of snowmelt by ground heat, in depth of water
*** equivalent per day. This is the value which applies when the pack
*** temperature is at freezing point."
PERLND,SOIL-DATA,OPNID,int,0,5,,,,,,,,,*** PLSs to which these data apply.
PERLND,SOIL-DATA,OPNIDLAST,int,5,10,,,,,,,,,*** PLSs to which these data apply.
PERLND,SOIL-DATA,DSURF,float,10,18,,,0.0025,2500,,0.001,1000,,"*** Depth(1)-(4) are the depths (thicknesses) of the surface, upper, lower,
*** and groundwater layers, respectively."
PERLND,SOIL-DATA,DUPPER,float,18,26,,,0.0025,2500,,0.001,1000,,
PERLND,SOIL-DATA,DLOWER,float,26,34,,,0.0025,2500,,0.001,1000,,
PERLND,SOIL-DATA,DGRNDW,float,34,42,,,0.0025,2500,,0.001,1000,,
PERLND,SOIL-DATA,BDSURF,float,42,50,,1.65,0.8,2.4,103,50,150,,"*** Bulkden(1)-(4) are the bulk densities of the soil in the surface, upper,
*** lower, and groundwater layers, respectively."
PERLND,SOIL-DATA,BDUPPR,float,50,58,,1.65,0.8,2.4,103,50,150,,
PERLND,SOIL-DATA,BDLOWR,float,58,66,,1.65,0.8,2.4,103,50,150,,
PERLND,SOIL-DATA,BDGRDW,float,66,74,,1.65,0.8,2.4,103,50,150,,
PERLND,SOIL-DATA2,OPNID,int,0,5,,,,,,,,,*** PLSs to which these data apply.
PERLND,SOIL-DATA2,OPNIDLAST,int,5,10,,,,,,,,,*** PLSs to which these data apply.
PERLND,SOIL-DATA2,SWILTP,float,10,20,,0,0,1,0,0,1,,"*** SWILTP is the wilting point for the surface soil layer. _PNAME
*** SWILTP"
PERLND,SOIL-DATA2,UWILTP,float,20,30,,0,0,1,0,0,1,,*** UWILTP is the wilting point for the upper soil layer. _PNAME UWILTP
PERLND,SOIL-DATA2,LWILTP,float,30,40,,0,0,1,0,0,1,,*** LWILTP is the wilting point for the lower soil layer. _PNAME LWILTP
PERLND,SOIL-DATA2,AWILTP,float,40,50,,0,0,1,0,0,1,,"*** AWILTP is the wilting point for the active groundwater layer. _PNAME
*** AWILTP"
PERLND,SOIL-DATA3,OPNID,int,0,5,,,,,,,,,*** PLSs to which these data apply.
PERLND,SOIL-DATA3,OPNIDLAST,int,5,10,,,,,,,,,*** PLSs to which these data apply.
PERLND,SOIL-DATA3,SFDCAP,float,10,20,,0,0,1,0,0,1,,"*** SFDCAP is the field capacity for the surface soil layer. _PNAME
*** SFDCAP"
PERLND,SOIL-DATA3,UFDCAP,float,20,30,,0,0,1,0,0,1,,*** UFDCAP is the field capacity for the upper soil layer. _PNAME UFDCAP
PERLND,SOIL-DATA3,LFDCAP,float,30,40,,0,0,1,0,0,1,,*** LFDCAP is the field capacity for the lower soil layer. _PNAME LFDCAP
PERLND,SOIL-DATA3,AFDCAP,float,40,50,,0,0,1,0,0,1,,"*** AFDCAP is the field capacity for the active groundwater layer. _PNAME
*** AFDCAP"
PERLND,TRAC-AD-FLAGS,OPNID,int,0,5,,,,,,,,,*** PLSs to which these data apply.
PERLND,TRAC-AD-FLAGS,OPNIDLAST,int,5,10,,,,,,,,,*** PLSs to which these data apply.
PERLND,TRAC-AD-FLAGS,TRADFG1,int,11,14,,0,-1,999,0,-1,999,,"*** Value of 0 indicates that atmospheric deposition flux of tracer to the
*** surface layer is absent. A value of -1 indicates that it is supplied as
*** a direct time series as TRADFX. A value greater than 0 indicates the
*** index number of the MONTH-DATA block to be used to supply atmospheric
*** deposition data. _PNAME TRADFG(1)"
PERLND,TRAC-AD-FLAGS,TRADFG2,int,14,17,,0,-1,999,0,-1,999,,"*** Value of 0 indicates that concentration of tracer to the surface layer
*** in precipitation is absent. A value of -1 indicates that it is supplied
*** as a direct time series as TRADCN. A value greater than 0 indicates the
*** index number of the MONTH-DATA block to be used to supply atmospheric
*** deposition data. _PNAME TRADFG(2)"
PERLND,TRAC-AD-FLAGS,TRADFG3,int,18,21,,0,-1,999,0,-1,999,,"*** Value of 0 indicates that atmospheric deposition flux of tracer to the
*** upper layer is absent. A value of -1 indicates that it is supplied as a
*** direct time series as TRADFX. A value greater than 0 indicates the index
*** number of the MONTH-DATA block to be used to supply atmospheric
*** deposition data. _PNAME TRADFG(3)"
PERLND,TRAC-AD-FLAGS,TRADFG4,int,21,24,,0,-1,999,0,-1,999,,"*** Value of 0 indicates that concentration of tracer to the upper layer in
*** precipitation is absent. A value of -1 indicates that it is supplied as
*** a direct time series as TRADCN. A value greater than 0 indicates the
*** index number of the MONTH-DATA block to be used to supply atmospheric
*** deposition data. _PNAME TRADFG(4)"
PERLND,TRAC-ID,OPNID,int,0,5,,,,,,,,,*** PLSs to which these data apply.
PERLND,TRAC-ID,OPNIDLAST,int,5,10,,,,,,,,,*** PLSs to which these data apply.
PERLND,TRAC-ID,TRACID,string,10,30,,0,,,0,,,,"*** Any 20 character string can be supplied as the name of the tracer
*** substance."
PERLND,TRAC-SUBSTOR,OPNID,int,0,5,,,,,,,,,*** PLSs to which these data apply.
PERLND,TRAC-SUBSTOR,OPNIDLAST,int,5,10,,,,,,,,,*** PLSs to which these data apply.
PERLND,TRAC-SUBSTOR,LTRSU,float,10,20,,0,0,,0,0,,,"*** LTRSU specifies the initial storage of conservative (tracer) material in
*** the lower groundwater layer."
PERLND,TRAC-SUBSTOR,ATRSU,float,20,30,,0,0,,0,0,,,"*** ATRSU specifies the initial storage of conservative (tracer) material in
*** the active groundwater layer."
PERLND,TRAC-TOPSTOR,OPNID,int,0,5,,,,,,,,,*** PLSs to which these data apply.
PERLND,TRAC-TOPSTOR,OPNIDLAST,int,5,10,,,,,,,,,*** PLSs to which these data apply.
PERLND,TRAC-TOPSTOR,STRSU,float,10,20,,0,0,,0,0,,,"*** STRSU specifies the initial storage of tracer (conservative) in the
*** surface storage."
PERLND,TRAC-TOPSTOR,UTRSU,float,20,30,,0,0,,0,0,,,"*** UTRSU specifies the initial storage of tracer (conservative) in the
*** upper principal storage."
PERLND,TRAC-TOPSTOR,ITRSU,float,30,40,,0,0,,0,0,,,"*** ITRSU specifies the initial storage of tracer (conservative) in the
*** upper transitory storage."
PERLND,UZSN-LZSN,OPNID,int,0,5,,,,,,,,,*** PLSs to which these data apply.
PERLND,UZSN-LZSN,OPNIDLAST,int,5,10,,,,,,,,,*** PLSs to which these data apply.
PERLND,UZSN-LZSN,UZSN,float,10,18,,,0.25,250,,0.01,10,,*** UZSN is the nominal upper zone storage.
PERLND,UZSN-LZSN,LZSN,float,18,26,,,0.25,2500,,0.01,100,,*** LZSN is the nominal lower zone storage.
PERLND,UZSN-LZSN,SURS,float,26,34,,0.025,0.025,2500,0.001,0.001,100,,*** SURS is the initial surface detention storage.
PERLND,VUZFG,OPNID,int,0,5,,,,,,,,,*** PLSs to which these data apply.
PERLND,VUZFG,OPNIDLAST,int,5,10,,,,,,,,,*** PLSs to which these data apply.
PERLND,VUZFG,VUZFG,int,10,15,,0,0,1,0,0,1,,"*** VUZFG is a flag which indicates whether or not the upper zone nominal
*** storage varies throughout the year or not. A value of zero means it does
*** not vary, value 1 means it does. If it does vary, the system will expect
*** a table of type MON-UZSN in the User's Control Input. Table VUZFG is
*** only required if section PWATER is inactive. If that section is active
*** VUZFG would have already been provided in the input for PWATER
*** (Table-type PWAT-PARM1)"
PLTGEN,CURV-DATA,OPNID,int,0,5,,,,,,,,,*** PLTGEN to which these data apply.
PLTGEN,CURV-DATA,OPNIDLAST,int,5,10,,,,,,,,,*** PLTGEN to which these data apply.
PLTGEN,CURV-DATA,LABEL,string,14,30,,,,,,,,,"*** LABEL is the label (descriptor) for this particular curve. It is also
*** used in the FEQ DTSF header."
PLTGEN,CURV-DATA,LINTYP,int,30,35,,0,,,0,,,,"*** LINTYP describes the type of line to be drawn for this curve. It also
*** determines the frequency of plotted symbols: A zero value means points
*** are connected by straight lines; no symbols are drawn at individual data
*** points. A positive value means points are connected by straight lines;
*** the magnitude determines the frequency of plotted symbols (eg. 4 means
*** plot a symbol at every 4th point obtained from the plot file). A
*** negative value means no connecting lines are drawn. Only symbols are
*** plotted; the absolute value determines the frequency (as above)."
PLTGEN,CURV-DATA,INTEQ,int,35,40,,0,0,13,0,0,13,,"*** INTEQ is the ""integer equivalent"" of the symbols to be plotted for this
*** curve (ie. indicates which symbol to use). It is only meaningful if
*** LINTYP is not zero."
PLTGEN,CURV-DATA,COLCOD,int,40,45,,0,0,10,0,0,10,,"*** COLCOD is the color code for this curve. The meaning depends on how the
*** stand-alone plot program is set up; eg. 1 might mean red pen, 2 blue
*** pen, etc."
PLTGEN,CURV-DATA,TRAN,string,46,50,SUM,,,,,,,"['SUM', 'AVER', 'MAX', 'MIN', 'LAST']","*** TRAN is the ""transformation code"" used to aggregate data from the basic
*** interval (internal time step) to the PLOTFL Interval. Valid values are:
*** SUM, AVER, MAX, MIN, and LAST."
PLTGEN,GEN-LABELS,OPNID,int,0,5,,,,,,,,,*** PLTGEN to which these data apply.
PLTGEN,GEN-LABELS,OPNIDLAST,int,5,10,,,,,,,,,*** PLTGEN to which these data apply.
PLTGEN,GEN-LABELS,TITLE,string,10,50,,,,,,,,,"*** TITLE is the general plot title. It is also used in the FEQ DTSF
*** header."
PLTGEN,GEN-LABELS,YLABL,string,60,80,,,,,,,,,*** YLABL is the label to be placed on the Y-axis.
PLTGEN,PLOTINFO,OPNID,int,0,5,,,,,,,,,*** PLTGEN to which these data apply.
PLTGEN,PLOTINFO,OPNIDLAST,int,5,10,,,,,,,,,*** PLTGEN to which these data apply.
PLTGEN,PLOTINFO,PLOTFL,int,10,15,,30,30,99,30,30,99,,"*** PLOTFL is the Fortran unit number of the plot file (output of this
*** operation)."
PLTGEN,PLOTINFO,NPT,int,15,20,,0,0,20,0,0,20,,*** NPT is the number of point-valued time series to be plotted.
PLTGEN,PLOTINFO,NMN,int,20,25,,0,0,99,0,0,99,,*** NMN is the number of mean-valued time series to be plotted.
PLTGEN,PLOTINFO,LABLFG,int,25,30,,0,-1,1,0,-1,1,,"*** LABLFG indicates how the plot will be labeled: -1 means no labels, 0
*** means one set of X and Y axes and associated labels will be drawn for
*** entire plot, and 1 means separate X and Y axes and labels will be drawn
*** for each ""frame"" of the plot (eg. each water year)."
PLTGEN,PLOTINFO,PYREND,int,30,35,,9,1,12,9,1,12,,"*** PYREND is the calendar month which terminates a plot frame (eg. a water
*** year)."
PLTGEN,PLOTINFO,PIVL,int,35,40,,1,-2,1440,1,-2,1440,,"*** PIVL is the number of basic time intervals (DELT minutes each) to be
*** aggregated to get to the interval of the data written to the PLOTFL. A
*** PIVL of -1 causes a monthly file to be written. A PIVL of -2 causes an
*** annual file to be written."
PLTGEN,PLOTINFO,TYPEFG,int,40,45,,1,1,4,1,1,4,,"*** TYPEFG specifies the type of output file created. 1 means a formatted
*** text file containing up to 10 timeseries (PLTGEN/MUTSIN format). 2 means
*** an unformatted file containing up to 99 mean-valued timeseries (FEQ DTSF
*** format). 3 means an unformatted file containing exactly one point-valued
*** timeseries (FEQ PTSF format). 4 means the same as Type 2 with record 1
*** containing the length of all records in the file (revised FEQ DTSF
*** format)."
PLTGEN,SCALING,OPNID,int,0,5,,,,,,,,,*** PLTGEN to which these data apply.
PLTGEN,SCALING,OPNIDLAST,int,5,10,,,,,,,,,*** PLTGEN to which these data apply.
PLTGEN,SCALING,YMIN,float,10,20,,0,,,0,,,,*** YMIN is the minimum ordinate (Y axis) value.
PLTGEN,SCALING,YMAX,float,20,30,,,,,,,,,*** YMAX is the maximum ordinate value.
PLTGEN,SCALING,IVLIN,float,30,40,,,0,,,0,,,"*** IVLIN is the horizontal (time) scale; that is, number of intervals (in
*** plot file) per inch on graph."
PLTGEN,SCALING,THRESH,float,40,50,,-1E+030,,,-1E+030,,,,"*** THRESH is the write threshhold value. If the value for any curve is
*** greater than the threshhold, a record is written to the plotfile."
RCHRES,ACID-FLAGS,OPNID,int,0,5,,,,,,,,,*** RCHRES to which these data apply.
RCHRES,ACID-FLAGS,OPNIDLAST,int,5,10,,,,,,,,,*** RCHRES to which these data apply.
RCHRES,ACID-FLAGS,ACFLAG1,int,10,15,,3,1,3,3,1,3,,*** ACFLAG(1) determines the units of printout for the acid mine module.
RCHRES,ACID-FLAGS,ACFLAG2,int,15,20,,4,1,4,4,1,4,,"*** ACFLAG(2) selects one four optional methods for the chemical simulation
*** used by the acid mine module."
RCHRES,ACID-FLAGS,ACFLAG3,int,20,25,,1,1,5,1,1,5,,"*** ACFLAG(3) selects the Gibbsite solubility product used if chemical
*** simulation method 1 is used."
RCHRES,ACID-FLAGS,ACFLAG4,int,25,30,,0,0,100,0,0,100,,*** ACFLAG(*) are option flags for the acid mine module.
RCHRES,ACID-FLAGS,ACFLAG5,int,30,35,,0,0,100,0,0,100,,*** ACFLAG(*) are option flags for the acid mine module.
RCHRES,ACID-FLAGS,ACFLAG6,int,35,40,,0,0,100,0,0,100,,*** ACFLAG(*) are option flags for the acid mine module.
RCHRES,ACID-FLAGS,ACFLAG7,int,40,45,,0,0,100,0,0,100,,*** ACFLAG(*) are option flags for the acid mine module.
RCHRES,ACID-FLAGS,ACFLAG8,int,45,50,,0,0,100,0,0,100,,*** ACFLAG(*) are option flags for the acid mine module.
RCHRES,ACID-FLAGS,ACFLAG9,int,50,55,,0,0,100,0,0,100,,*** ACFLAG(*) are option flags for the acid mine module.
RCHRES,ACID-FLAGS,ACFLAG10,int,55,60,,0,0,100,0,0,100,,*** ACFLAG(*) are option flags for the acid mine module.
RCHRES,ACID-FLAGS,ACFLAG11,int,60,65,,0,0,100,0,0,100,,*** ACFLAG(*) are option flags for the acid mine module.
RCHRES,ACID-FLAGS,ACFLAG12,int,65,70,,0,0,100,0,0,100,,*** ACFLAG(*) are option flags for the acid mine module.
RCHRES,ACID-FLAGS,ACFLAG13,int,70,75,,0,0,100,0,0,100,,*** ACFLAG(*) are option flags for the acid mine module.
RCHRES,ACID-FLAGS,ACFLAG14,int,75,80,,0,0,100,0,0,100,,*** ACFLAG(*) are option flags for the acid mine module.
RCHRES,ACID-INIT,OPNID,int,0,5,,,,,,,,,*** RCHRES to which these data apply.
RCHRES,ACID-INIT,OPNIDLAST,int,5,10,,,,,,,,,*** RCHRES to which these data apply.
RCHRES,ACID-INIT,ACCONC1,float,10,20,,0,0,,0,0,,,"*** ACCONC(*) are the initial concentrations for the acid mine drainage
*** module."
RCHRES,ACID-INIT,ACCONC2,float,20,30,,0,0,,0,0,,,"*** ACCONC(*) are the initial concentrations for the acid mine drainage
*** module."
RCHRES,ACID-INIT,ACCONC3,float,30,40,,0,0,,0,0,,,"*** ACCONC(*) are the initial concentrations for the acid mine drainage
*** module."
RCHRES,ACID-INIT,ACCONC4,float,40,50,,0,0,,0,0,,,"*** ACCONC(*) are the initial concentrations for the acid mine drainage
*** module."
RCHRES,ACID-INIT,ACCONC5,float,50,60,,0,0,,0,0,,,"*** ACCONC(*) are the initial concentrations for the acid mine drainage
*** module."
RCHRES,ACID-INIT,ACCONC6,float,60,70,,0,0,,0,0,,,"*** ACCONC(*) are the initial concentrations for the acid mine drainage
*** module."
RCHRES,ACID-INIT,ACCONC7,float,70,80,,0,0,,0,0,,,"*** ACCONC(*) are the initial concentrations for the acid mine drainage
*** module."
RCHRES,ACID-PARMS,OPNID,int,0,5,,,,,,,,,*** RCHRES to which these data apply.
RCHRES,ACID-PARMS,OPNIDLAST,int,5,10,,,,,,,,,*** RCHRES to which these data apply.
RCHRES,ACID-PARMS,ACPARM1,float,10,20,,1,0.0001,10,1,0.0001,10,,"*** ACPARM(1) is the ratio of actual CO2 concentration in the RCHRES to the
*** value that would occur in equilibrium with the atmosphere."
RCHRES,ACID-PARMS,ACPARM2,float,20,30,,6.5E-32,1E-35,1E-25,6.5E-32,1E-35,1E-25,,"*** ACPARM(2) is the user specified Gibbsite solubility product; this value
*** is used if ACFLAG(2) = 5."
RCHRES,ACID-PARMS,ACPARM3,float,30,40,,-1,-1,212,-1,-1,212,,"*** ACPARM(3) is a constant value of water temperature to be used by the
*** acid mine drainage module."
RCHRES,ACID-PARMS,ACPARM4,float,40,50,,0.95,0.5,1,0.95,0.5,1,,"*** ACPARM(4) is the coefficient to predict the removal efficiency for
*** precipitated metals; used when ACFLAG(2)= 4."
RCHRES,ACID-PARMS,ACPARM5,float,50,60,,2.5,1.5,3,2.5,1.5,3,,"*** ACPARM(5) is the coefficient that adjusts the remaining metal concentration
*** that resists precipitation; used when ACFLAG(2)= 4."
RCHRES,ACID-PARMS,ACPARM6,float,60,70,,0,0,,0,0,,,*** ACPARM(*) are parameters for the acid mine drainage module.
RCHRES,ACID-PARMS,ACPARM7,float,70,80,,0,0,,0,0,,,*** ACPARM(*) are parameters for the acid mine drainage module.
RCHRES,ACTIVITY,OPNID,int,0,5,,,,,,,,,*** RCHRES to which these data apply.
RCHRES,ACTIVITY,OPNIDLAST,int,5,10,,,,,,,,,*** RCHRES to which these data apply.
RCHRES,ACTIVITY,HYDR,int,10,15,,0,0,1,0,0,1,,*** Value of 1 indicates section HYDR is active.
RCHRES,ACTIVITY,ADCALC,int,15,20,,0,0,2,0,0,2,,*** Value of 1 or 2 indicates section ADCALC is active.
RCHRES,ACTIVITY,CONS,int,20,25,,0,0,1,0,0,1,,*** Value of 1 indicates section CONS is active.
RCHRES,ACTIVITY,HTRCH,int,25,30,,0,0,1,0,0,1,,*** Value of 1 indicates section HTRCH is active.
RCHRES,ACTIVITY,SEDTRN,int,30,35,,0,0,1,0,0,1,,*** Value of 1 indicates section SEDTRN is active.
RCHRES,ACTIVITY,SEDFG,int,30,35,,0,0,1,0,0,1,,*** Value of 1 indicates section SEDTRN is active.
RCHRES,ACTIVITY,GQUAL,int,35,40,,0,0,1,0,0,1,,*** Value of 1 indicates section GQUAL is active.
RCHRES,ACTIVITY,OXRX,int,40,45,,0,0,1,0,0,1,,*** Value of 1 indicates section OXRX is active.
RCHRES,ACTIVITY,NUTRX,int,45,50,,0,0,1,0,0,1,,*** Value of 1 indicates section NUTRX is active.
RCHRES,ACTIVITY,PLANK,int,50,55,,0,0,1,0,0,1,,*** Value of 1 indicates section PLANK is active.
RCHRES,ACTIVITY,PHCARB,int,55,60,,0,0,3,0,0,3,,"*** Value of 1 indicates section PHCARB is active. Value of 2 indicates
*** section ACIDPH is active. Value of 3 indicates both sections are
*** active."
RCHRES,ADCALC-DATA,OPNID,int,0,5,,,,,,,,,*** RCHRES to which these data apply.
RCHRES,ADCALC-DATA,OPNIDLAST,int,5,10,,,,,,,,,*** RCHRES to which these data apply.
RCHRES,ADCALC-DATA,CRRAT,float,10,20,,1.5,1,,1.5,1,,,"*** CRRAT is the ratio of maximum velocity to mean velocity in the RCHRES
*** cross section under typical flow conditions."
RCHRES,ADCALC-DATA,VOL,float,20,30,,0,0,,0,0,,,"*** VOL is the volume of water in the RCHRES at the start of the simulation.
*** Input of this value is not necessary if section HYDR is active."
RCHRES,BED-INIT,OPNID,int,0,5,,,,,,,,,*** RCHRES to which these data apply.
RCHRES,BED-INIT,OPNIDLAST,int,5,10,,,,,,,,,*** RCHRES to which these data apply.
RCHRES,BED-INIT,BEDDEP,float,10,20,,0,0,,0,0,,,*** BEDDEP is the initial total depth (thickness) of the bed.
RCHRES,BED-INIT,SANDFR,float,20,30,,1,0.0001,1,1,0.0001,1,,"*** The initial fraction (by weight) of sand in the bed material The sum of
*** the three fractions must be 1. 00."
RCHRES,BED-INIT,SILTFR,float,30,40,,0,0,0.9999,0,0,0.9999,,"*** The initial fraction (by weight) of silt in the bed material The sum of
*** the three fractions must be 1. 00."
RCHRES,BED-INIT,CLAYFR,float,40,50,,0,0,0.9999,0,0,0.9999,,"*** The initial fraction (by weight) of clay in the bed material The sum of
*** the three fractions must be 1. 00."
RCHRES,BENAL-FLAGS,OPNID,int,0,5,,,,,,,,,*** RCHRES to which these data apply.
RCHRES,BENAL-FLAGS,OPNIDLAST,int,5,10,,,,,,,,,*** RCHRES to which these data apply.
RCHRES,BENAL-FLAGS,NUMBAL,int,10,15,,0,0,4,0,0,4,,"*** NUMBAL is the number of benthic algae species simulated when BALFG=2 in
*** PLNK-FLAGS"
RCHRES,BENAL-FLAGS,BINVFG,int,15,20,,1,1,3,1,1,3,,"*** BINVFG indicates the source of benthal invertebrate data; 1 means a time
*** series (either input or computed), 2 means a constant value, and 3 means
*** twelve monthly values."
RCHRES,BENAL-FLAGS,BFIXFG1,int,20,25,,0,0,1,0,0,1,,"*** BFIXFG1: Value of 1 specifies that the first benthic algae species fixes
*** nitrogen, so that growth is not nitrogen limited"
RCHRES,BENAL-FLAGS,BFIXFG2,int,25,30,,0,0,1,0,0,1,,"*** BFIXFG2: Value of 1 specifies that the second benthic algae species
*** fixes nitrogen, so that growth is not nitrogen limited"
RCHRES,BENAL-FLAGS,BFIXFG3,int,30,35,,0,0,1,0,0,1,,"*** BFIXFG3: Value of 1 specifies that the third benthic algae species fixes
*** nitrogen, so that growth is not nitrogen limited"
RCHRES,BENAL-FLAGS,BFIXFG4,int,35,40,,0,0,1,0,0,1,,"*** BFIXFG4: Value of 1 specifies that the fourth benthic algae species
*** fixes nitrogen, so that growth is not nitrogen limited"
RCHRES,BENAL-GRAZE,OPNID,int,0,5,,,,,,,,,*** RCHRES to which these data apply.
RCHRES,BENAL-GRAZE,OPNIDLAST,int,5,10,,,,,,,,,*** RCHRES to which these data apply.
RCHRES,BENAL-GRAZE,CREMVL,float,10,20,,0.05,0.000001,,0.05,0.000001,,,*** CREMVL is the coefficient for grazing rate by invertebrates
RCHRES,BENAL-GRAZE,CMMBI,float,20,30,,0.05,0.000001,,0.05,0.000001,,,"*** CMMBI is the Michaelis-Menton half-saturation constant for grazing by
*** invertebrates"
RCHRES,BENAL-GRAZE,BINV,float,30,40,,0,0,,0,0,,,"*** BINV is the constant value of biomass of grazing invertebrates in the
*** reach if BINVFG=2."
RCHRES,BENAL-GRAZE,TCGRAZ,float,40,50,,1,1,2,1,1,2,,*** TCGRAZ is the temperature correction factor for invertebrate grazing.
RCHRES,BENAL-GROW,OPNID,int,0,5,,,,,,,,,*** RCHRES to which these data apply.
RCHRES,BENAL-GROW,OPNIDLAST,int,5,10,,,,,,,,,*** RCHRES to which these data apply.
RCHRES,BENAL-GROW,MBALGR,float,10,20,,0.3,0.000001,,0.3,0.000001,,,"*** MBALGR is the maximum benthic algae base growth rate for each species if
*** BALFG=2."
RCHRES,BENAL-GROW,TCBALG,float,20,30,,1.07,1,2,1.07,1,2,,"*** TCBALG is the temperature correction coefficient for growth for each
*** benthic algae species if BALFG=2."
RCHRES,BENAL-GROW,CMMNB,float,30,40,,0.045,0,,0.045,0,,,"*** CMMNB is the Michaelis-Menton half-saturation constant for nitrogen
*** limited growth for each species if BALFG=2. If the value is zero, then
*** growth is not limited (i. e. this species fixes nitrogen)."
RCHRES,BENAL-GROW,CMMPB,float,40,50,,0.015,0.000001,,0.015,0.000001,,,"*** CMMPB is the Michaelis-Menton half-saturation constant for phosphorus
*** limited growth for each species if BALFG=2."
RCHRES,BENAL-GROW,CMMD1,float,50,60,,0.1,0.000001,,0.1,0.000001,,,"*** CMMD1 is the coefficient for total benthic algae density in the
*** density-limited growth equation for each species if BALFG=2"
RCHRES,BENAL-GROW,CMMD2,float,60,70,,100,0.000001,,100,0.000001,,,"*** CMMD2 is the Michaelis-Menton half-saturation constant for density-limited
*** growth for each species if BALFG=2."
RCHRES,BENAL-GROW,CSLIT,float,70,80,,250,0.000001,,250,0.000001,,,*** CSLIT is the saturation light level for each species if BALFG=2.
RCHRES,BENAL-INIT,OPNID,int,0,5,,,,,,,,,*** RCHRES to which these data apply.
RCHRES,BENAL-INIT,OPNIDLAST,int,5,10,,,,,,,,,*** RCHRES to which these data apply.
RCHRES,BENAL-INIT,BENAL1,float,10,20,,0,0,,0,0,,,"*** BENAL(1) is the initial value of the first species of benthic algae, as
*** biomass."
RCHRES,BENAL-INIT,BENAL4,float,20,30,,0,0,,0,0,,,"*** BENAL(4) is the initial value of the fourth species of benthic algae, as
*** biomass."
RCHRES,BENAL-INIT,BENAL2,float,30,40,,0,0,,0,0,,,"*** BENAL(2) is the initial value of the second species of benthic algae, as
*** biomass."
RCHRES,BENAL-INIT,BENAL3,float,40,50,,0,0,,0,0,,,"*** BENAL(3) is the initial value of the third species of benthic algae, as
*** biomass."
RCHRES,BENAL-LIGHT,OPNID,int,0,5,,,,,,,,,*** RCHRES to which these data apply.
RCHRES,BENAL-LIGHT,OPNIDLAST,int,5,10,,,,,,,,,*** RCHRES to which these data apply.
RCHRES,BENAL-LIGHT,CTRBQ1,float,10,20,,0,0,,0,0,,,*** CTRBQ1
RCHRES,BENAL-LIGHT,CTRBQ2,float,20,30,,1,,,1,,,,*** CTRBQ2
RCHRES,BENAL-LIGHT,CKTRB1,float,30,40,,0,0,,0,0,,,*** CKTRB1
RCHRES,BENAL-LIGHT,CKTRB2,float,40,50,,1,,,1,,,,*** CKTRB2
RCHRES,BENAL-PARM,OPNID,int,0,5,,,,,,,,,*** RCHRES to which these data apply.
RCHRES,BENAL-PARM,OPNIDLAST,int,5,10,,,,,,,,,*** RCHRES to which these data apply.
RCHRES,BENAL-PARM,MBAL,float,10,20,,600,0.01,,600,0.01,,,*** MBAL is the maximum benthic algae density (as biomass) if BALFG=1.
RCHRES,BENAL-PARM,CFBALR,float,20,30,,1,0.01,1,1,0.01,1,,"*** CFBALR is the ratio of benthic algal to phytoplankton respiration if
*** BALFG=1."
RCHRES,BENAL-PARM,CFBALG,float,30,40,,1,0.01,1,1,0.01,1,,"*** CFBALG is the ratio of benthic algal to phytoplankton growth rate if
*** BALFG=1."
RCHRES,BENAL-PARM,MINBAL,float,40,50,,0.0001,0.000001,,0.0001,0.000001,,,"*** MINBAL is the minimum combined benthic algae density (as biomass) if
*** BALFG=2."
RCHRES,BENAL-PARM,CAMPR,float,50,60,,0.001,0.000001,,0.001,0.000001,,,"*** CAMPR is the Michaelis-Menton half-saturation constant for ammonia in
*** the nitrogen preference equation for benthic algae if BALFG=2."
RCHRES,BENAL-PARM,FRAVL,float,60,70,,0,0,1,0,0,1,,"*** FRAVL is the fraction of benthic algae death and scour that is
*** immediately available as inorganic nutrients, plus refractory organics."
RCHRES,BENAL-PARM,NMAXFX,float,70,80,,10,0,,10,0,,,"*** NMAXFX is the level of dissolved inorganic nitrogen concentration (NO3
*** plus TAM if simulated) above which nitrogen fixation will not occur."
RCHRES,BENAL-RESSCR,OPNID,int,0,5,,,,,,,,,*** RCHRES to which these data apply.
RCHRES,BENAL-RESSCR,OPNIDLAST,int,5,10,,,,,,,,,*** RCHRES to which these data apply.
RCHRES,BENAL-RESSCR,BALR20,float,10,20,,0.004,0.000001,,0.004,0.000001,,,"*** BALR20 is the benthic algae respiration rate at 20 C for each species if
*** BALFG=2."
RCHRES,BENAL-RESSCR,TCBALR,float,20,30,,1.07,1,2,1.07,1,2,,"*** TCBALR is the temperature correction coefficient for respiration for
*** each benthic algae species if BALFG=2."
RCHRES,BENAL-RESSCR,CSLOF1,float,30,40,,0.0007,0.000001,,0.0007,0.000001,,,"*** CSLOF1 is the coefficient in the benthic algae scour equation for each
*** benthic algae species if BALFG=2."
RCHRES,BENAL-RESSCR,CSLOF2,float,40,50,,0.0007,0.000001,2,0.0007,0.000001,2,,"*** CSLOF2 is the coefficient for velocity in the exponent in the benthic
*** algae scour equation for each benthic algae species if BALFG=2."
RCHRES,BENAL-RESSCR,GRORES,float,50,60,,0.075,0,1,0.075,0,1,,"*** GRORES is the fraction of photorespiration required to support growth
*** and photosynthesis for each benthic algae species if BALFG=2."
RCHRES,BENAL-RIFF1,OPNID,int,0,5,,,,,,,,,*** RCHRES to which these data apply.
RCHRES,BENAL-RIFF1,OPNIDLAST,int,5,10,,,,,,,,,*** RCHRES to which these data apply.
RCHRES,BENAL-RIFF1,FRRIF,float,10,20,,1,0.01,1,1,0.01,1,,"*** FRRIF is the fraction of the reach that is composed of riffles where
*** benthic algae can grow."
RCHRES,BENAL-RIFF1,CMMV,float,20,30,,1,0.000001,,1,0.000001,,,"*** CMMV is the Michaelis-Menton half-saturation constant for riffle
*** velocity in the nutrient availability equation."
RCHRES,BENAL-RIFF1,RIFCQ1,float,30,40,,0,0,,0,0,,,"*** RIFCQ1 is the first critical flow level for riffle velocity and average
*** depth."
RCHRES,BENAL-RIFF1,RIFCQ2,float,40,50,,0,0,,0,0,,,"*** RIFCQ2 is the second critical flow level for riffle velocity and average
*** depth."
RCHRES,BENAL-RIFF1,RIFCQ3,float,50,60,,0,0,,0,0,,,"*** RIFCQ3 is the third critical flow level for riffle velocity and average
*** depth."
RCHRES,BENAL-RIFF2,OPNID,int,0,5,,,,,,,,,*** RCHRES to which these data apply.
RCHRES,BENAL-RIFF2,OPNIDLAST,int,5,10,,,,,,,,,*** RCHRES to which these data apply.
RCHRES,BENAL-RIFF2,RIFVF1,float,10,18,,1,1,,1,1,,,"*** RIFVEL(1) is the riffle velocity multiplier below the first critical
*** flow value RIFCQ1"
RCHRES,BENAL-RIFF2,RIFVF2,float,18,26,,1,1,,1,1,,,"*** RIFVEL(2) is the riffle velocity multiplier below the second critical
*** flow value RIFCQ2"
RCHRES,BENAL-RIFF2,RIFVF3,float,26,34,,1,1,,1,1,,,"*** RIFVEL(3) is the riffle velocity multiplier below the third critical
*** flow value RIFCQ3"
RCHRES,BENAL-RIFF2,RIFVF4,float,34,42,,1,1,,1,1,,,"*** RIFVEL(4) is the riffle velocity multiplier above the third critical
*** flow value RIFCQ3"
RCHRES,BENAL-RIFF2,RIFDF1,float,42,50,,1,0.000001,1,1,0.000001,1,,"*** RIFDEP(1) is the riffle depth multiplier below the first critical flow
*** value RIFCQ1"
RCHRES,BENAL-RIFF2,RIFDF2,float,50,58,,1,0.000001,1,1,0.000001,1,,"*** RIFDEP(2) is the riffle depth multiplier below the second critical flow
*** value RIFCQ2"
RCHRES,BENAL-RIFF2,RIFDF3,float,58,66,,1,0.000001,1,1,0.000001,1,,"*** RIFDEP(3) is the riffle depth multiplier below the third critical flow
*** value RIFCQ3"
RCHRES,BENAL-RIFF2,RIFDF4,float,66,74,,1,0.000001,1,1,0.000001,1,,"*** RIFDEP(4) is the riffle depth multiplier above the third critical flow
*** value RIFCQ3"
RCHRES,BENTH-FLAG,OPNID,int,0,5,,,,,,,,,*** RCHRES to which these data apply.
RCHRES,BENTH-FLAG,OPNIDLAST,int,5,10,,,,,,,,,*** RCHRES to which these data apply.
RCHRES,BENTH-FLAG,BENRFG,int,10,15,,0,0,1,0,0,1,,*** BENRFG: value of 1 means benthal influences are considered.
RCHRES,BINARY-INFO,OPNID,int,0,5,,,,,,,,,*** RCHRES to which these data apply.
RCHRES,BINARY-INFO,OPNIDLAST,int,5,10,,,,,,,,,*** RCHRES to which these data apply.
RCHRES,BINARY-INFO,HYDR,int,10,15,,4,2,6,4,2,6,,*** Output level for section HYDR.
RCHRES,BINARY-INFO,ADCALC,int,15,20,,4,2,6,4,2,6,,*** Output level for section ADCALC.
RCHRES,BINARY-INFO,CONS,int,20,25,,4,2,6,4,2,6,,*** Output level for section CONS.
RCHRES,BINARY-INFO,HTRCH,int,25,30,,4,2,6,4,2,6,,*** Output level for section HTRCH.
RCHRES,BINARY-INFO,SEDTRN,int,30,35,,4,2,6,4,2,6,,*** Output level for section SEDTRN.
RCHRES,BINARY-INFO,GQUAL,int,35,40,,4,2,6,4,2,6,,*** Output level for section GQUAL.
RCHRES,BINARY-INFO,OXRX,int,40,45,,4,2,6,4,2,6,,*** Output level for section OXRX.
RCHRES,BINARY-INFO,NUTRX,int,45,50,,4,2,6,4,2,6,,*** Output level for section NUTRX.
RCHRES,BINARY-INFO,PLANK,int,50,55,,4,2,6,4,2,6,,*** Output level for section PLANK.
RCHRES,BINARY-INFO,PHCARB,int,55,60,,4,2,6,4,2,6,,*** Output level for sections PHCARB and ACIDPH.
RCHRES,BINARY-INFO,PIVLPR,int,60,65,,1,1,1440,1,1,1440,,"*** A value need only be supplied for PIVL if one or more sections have a
*** output level of 2. For those sections, output will occur every PIVL
*** intervals (that is, every PDELT=PIVL*DELT mins). PIVL must be chosen
*** such that there are an integer no. of PDELT periods in a day."
RCHRES,BINARY-INFO,PYREND,int,65,70,,9,1,12,9,1,12,,"*** PYREND is the calendar month which will terminate the year for output
*** purposes. Thus, the annual summary can reflect the situation over the
*** past water year or the past calendar year, etc."
RCHRES,CONDUIT-PARM,OPNID,int,0,5,,,,,,,,,*** RCHRES to which these data apply.
RCHRES,CONDUIT-PARM,OPNIDLAST,int,5,10,,,,,,,,,*** RCHRES to which these data apply.
RCHRES,CONDUIT-PARM,FNODE,string,11,15,,,,,,,,,*** Starting node id for this conduit.
RCHRES,CONDUIT-PARM,TNODE,string,16,20,,,,,,,,,*** Ending node id for this conduit.
RCHRES,CONDUIT-PARM,CLEN,float,20,30,,0,0,,0,0,,,*** Length of this conduit.
RCHRES,CONDUIT-PARM,CMANN,float,30,40,,0.1,0.001,1,0.1,0.001,1,,*** Manning's n for this conduit.
RCHRES,CONDUIT-PARM,COFF1,float,40,50,,0,0,,0,0,,,*** Inlet offset for this conduit.
RCHRES,CONDUIT-PARM,COFF2,float,50,60,,0,0,,0,0,,,*** Outlet offset for this conduit.
RCHRES,CONDUIT-PARM,CINIT,float,60,70,,0,0,,0,0,,,*** Initial flow for this conduit.
RCHRES,CONDUIT-XS,OPNID,int,0,5,,,,,,,,,*** RCHRES to which these data apply.
RCHRES,CONDUIT-XS,OPNIDLAST,int,5,10,,,,,,,,,*** RCHRES to which these data apply.
RCHRES,CONDUIT-XS,CTYPE,string,10,30,,,,,,,,,*** Type of cross-section. Valid values include:
RCHRES,CONDUIT-XS,GEOM1,float,30,40,,0,0,,0,0,,,*** GEOM1 is the first geometry parameter.
RCHRES,CONDUIT-XS,GEOM2,float,40,50,,0,0,,0,0,,,*** GEOM2 is the first geometry parameter.
RCHRES,CONDUIT-XS,GEOM3,float,50,60,,0,0,,0,0,,,*** GEOM3 is the first geometry parameter.
RCHRES,CONDUIT-XS,GEOM4,float,60,70,,0,0,,0,0,,,*** GEOM4 is the first geometry parameter.
RCHRES,CONS-AD-FLAGS,OPNID,int,0,5,,,,,,,,,*** RCHRES to which these data apply.
RCHRES,CONS-AD-FLAGS,OPNIDLAST,int,5,10,,,,,,,,,*** RCHRES to which these data apply.
RCHRES,CONS-AD-FLAGS,COADFG1,int,11,14,,0,-1,999,0,-1,999,,"*** Value of 0 indicates that atmospheric deposition flux of conservative
*** constituent #1 is either absent or is supplied as a direct time series
*** as COADFX. A value greater than 0 indicates the index number of the
*** MONTH-DATA block to be used to supply atmospheric deposition data.
*** _PNAME COADFG(1)"
RCHRES,CONS-AD-FLAGS,COADFG2,int,14,18,,0,-1,999,0,-1,999,,"*** Value of 0 indicates that concentration of conservative constituent #1
*** in precipitation is either absent or is supplied as a direct time series
*** as COADCN. A value greater than 0 indicates the index number of the
*** MONTH-DATA block to be used to supply atmospheric deposition data.
*** _PNAME COADFG(2)"
RCHRES,CONS-AD-FLAGS,COADFG3,int,18,21,,0,-1,999,0,-1,999,,"*** Value of 0 indicates that atmospheric deposition flux of conservative
*** constituent #2 is either absent or is supplied as a direct time series
*** as COADFX. A value greater than 0 indicates the index number of the
*** MONTH-DATA block to be used to supply atmospheric deposition data.
*** _PNAME COADFG(3)"
RCHRES,CONS-AD-FLAGS,COADFG4,int,21,25,,0,-1,999,0,-1,999,,"*** Value of 0 indicates that concentration of conservative constituent #2
*** in precipitation is either absent or is supplied as a direct time series
*** as COADCN. A value greater than 0 indicates the index number of the
*** MONTH-DATA block to be used to supply atmospheric deposition data.
*** _PNAME COADFG(4)"
RCHRES,CONS-AD-FLAGS,COADFG5,int,25,28,,0,-1,999,0,-1,999,,"*** Value of 0 indicates that atmospheric deposition flux of conservative
*** constituent #3 is either absent or is supplied as a direct time series
*** as COADFX. A value greater than 0 indicates the index number of the
*** MONTH-DATA block to be used to supply atmospheric deposition data.
*** _PNAME COADFG(5)"
RCHRES,CONS-AD-FLAGS,COADFG6,int,28,32,,0,-1,999,0,-1,999,,"*** Value of 0 indicates that concentration of conservative constituent #3
*** in precipitation is either absent or is supplied as a direct time series
*** as COADCN. A value greater than 0 indicates the index number of the
*** MONTH-DATA block to be used to supply atmospheric deposition data.
*** _PNAME COADFG(6)"
RCHRES,CONS-AD-FLAGS,COADFG7,int,32,35,,0,-1,999,0,-1,999,,"*** Value of 0 indicates that atmospheric deposition flux of conservative
*** constituent #4 is either absent or is supplied as a direct time series
*** as COADFX. A value greater than 0 indicates the index number of the
*** MONTH-DATA block to be used to supply atmospheric deposition data.
*** _PNAME COADFG(7)"
RCHRES,CONS-AD-FLAGS,COADFG8,int,35,39,,0,-1,999,0,-1,999,,"*** Value of 0 indicates that concentration of conservative constituent #4
*** in precipitation is either absent or is supplied as a direct time series
*** as COADCN. A value greater than 0 indicates the index number of the
*** MONTH-DATA block to be used to supply atmospheric deposition data.
*** _PNAME COADFG(8)"
RCHRES,CONS-AD-FLAGS,COADFG9,int,39,42,,0,-1,999,0,-1,999,,"*** Value of 0 indicates that atmospheric deposition flux of conservative
*** constituent #5 is either absent or is supplied as a direct time series
*** as COADFX. A value greater than 0 indicates the index number of the
*** MONTH-DATA block to be used to supply atmospheric deposition data.
*** _PNAME COADFG(9)"
RCHRES,CONS-AD-FLAGS,COADFG10,int,42,46,,0,-1,999,0,-1,999,,"*** Value of 0 indicates that concentration of conservative constituent #5
*** in precipitation is either absent or is supplied as a direct time series
*** as COADCN. A value greater than 0 indicates the index number of the
*** MONTH-DATA block to be used to supply atmospheric deposition data.
*** _PNAME COADFG(10)"
RCHRES,CONS-AD-FLAGS,COADFG11,int,46,49,,0,-1,999,0,-1,999,,"*** Value of 0 indicates that atmospheric deposition flux of conservative
*** constituent #6 is either absent or is supplied as a direct time series
*** as COADFX. A value greater than 0 indicates the index number of the
*** MONTH-DATA block to be used to supply atmospheric deposition data.
*** _PNAME COADFG(11)"
RCHRES,CONS-AD-FLAGS,COADFG12,int,49,53,,0,-1,999,0,-1,999,,"*** Value of 0 indicates that concentration of conservative constituent #6
*** in precipitation is either absent or is supplied as a direct time series
*** as COADCN. A value greater than 0 indicates the index number of the
*** MONTH-DATA block to be used to supply atmospheric deposition data.
*** _PNAME COADFG(12)"
RCHRES,CONS-AD-FLAGS,COADFG13,int,53,56,,0,-1,999,0,-1,999,,"*** Value of 0 indicates that atmospheric deposition flux of conservative
*** constituent #7 is either absent or is supplied as a direct time series
*** as COADFX. A value greater than 0 indicates the index number of the
*** MONTH-DATA block to be used to supply atmospheric deposition data.
*** _PNAME COADFG(13)"
RCHRES,CONS-AD-FLAGS,COADFG14,int,56,60,,0,-1,999,0,-1,999,,"*** Value of 0 indicates that concentration of conservative constituent #7
*** in precipitation is either absent or is supplied as a direct time series
*** as COADCN. A value greater than 0 indicates the index number of the
*** MONTH-DATA block to be used to supply atmospheric deposition data.
*** _PNAME COADFG(14)"
RCHRES,CONS-AD-FLAGS,COADFG15,int,60,63,,0,-1,999,0,-1,999,,"*** Value of 0 indicates that atmospheric deposition flux of conservative
*** constituent #8 is either absent or is supplied as a direct time series
*** as COADFX. A value greater than 0 indicates the index number of the
*** MONTH-DATA block to be used to supply atmospheric deposition data.
*** _PNAME COADFG(15)"
RCHRES,CONS-AD-FLAGS,COADFG16,int,63,67,,0,-1,999,0,-1,999,,"*** Value of 0 indicates that concentration of conservative constituent #8
*** in precipitation is either absent or is supplied as a direct time series
*** as COADCN. A value greater than 0 indicates the index number of the
*** MONTH-DATA block to be used to supply atmospheric deposition data.
*** _PNAME COADFG(16)"
RCHRES,CONS-AD-FLAGS,COADFG17,int,67,70,,0,-1,999,0,-1,999,,"*** Value of 0 indicates that atmospheric deposition flux of conservative
*** constituent #9 is either absent or is supplied as a direct time series
*** as COADFX. A value greater than 0 indicates the index number of the
*** MONTH-DATA block to be used to supply atmospheric deposition data.
*** _PNAME COADFG(17)"
RCHRES,CONS-AD-FLAGS,COADFG18,int,70,74,,0,-1,999,0,-1,999,,"*** Value of 0 indicates that concentration of conservative constituent #9
*** in precipitation is either absent or is supplied as a direct time series
*** as COADCN. A value greater than 0 indicates the index number of the
*** MONTH-DATA block to be used to supply atmospheric deposition data.
*** _PNAME COADFG(18)"
RCHRES,CONS-AD-FLAGS,COADFG19,int,74,77,,0,-1,999,0,-1,999,,"*** Value of 0 indicates that atmospheric deposition flux of conservative
*** constituent #10 is either absent or is supplied as a direct time series
*** as COADFX. A value greater than 0 indicates the index number of the
*** MONTH-DATA block to be used to supply atmospheric deposition data.
*** _PNAME COADFG(19)"
RCHRES,CONS-AD-FLAGS,COADFG20,int,77,80,,0,-1,999,0,-1,999,,"*** Value of 0 indicates that concentration of conservative constituent #10
*** in precipitation is either absent or is supplied as a direct time series
*** as COADCN. A value greater than 0 indicates the index number of the
*** MONTH-DATA block to be used to supply atmospheric deposition data.
*** _PNAME COADFG(20)"
RCHRES,CONS-DATA,OPNID,int,0,5,,,,,,,,,*** RCHRES to which these data apply.
RCHRES,CONS-DATA,OPNIDLAST,int,5,10,,,,,,,,,*** RCHRES to which these data apply.
RCHRES,CONS-DATA,CONID,string,10,30,,,,,,,,,"*** Any string of up to 20 characters may be supplied as the name of the
*** conservative constituent."
RCHRES,CONS-DATA,CON,float,30,40,,0,0,,0,0,,,*** CON is the initial concentration of the conservative.
RCHRES,CONS-DATA,CONCID,string,42,50,,,,,,,,,"*** CONCID is a string of up to 8 characters which specifies the concentration
*** units for the conservative constituent."
RCHRES,CONS-DATA,CONV,float,50,60,,,1E-30,,,1E-30,,,"*** CONV is the conversion factor from QTYID/VOL to the desired concentration
*** units (CONCID): CONC = CONV*(QTY/VOL). If UUNITS is 1, VOL is in ft3; if
*** it is 2, VOL is in m3."
RCHRES,CONS-DATA,QTYID,string,62,70,,,,,,,,,"*** QTYID is a string of up to 8 characters which specifies the units in
*** which the total flow of constituent into, or out of, the RCHRES will be
*** expressed, eg ""kg""."
RCHRES,CONV-VAL1,OPNID,int,0,5,,,,,,,,,*** RCHRES to which these data apply.
RCHRES,CONV-VAL1,OPNIDLAST,int,5,10,,,,,,,,,*** RCHRES to which these data apply.
RCHRES,CONV-VAL1,CVBO,float,10,20,,1.98,1,5,1.98,1,5,,*** CVBO is the conversion from milligrams biomass to milligrams oxygen.
RCHRES,CONV-VAL1,CVBPC,float,20,30,,106,50,200,106,50,200,,"*** CVBPC is the conversion from biomass expressed as phosphorus to carbon
*** equivalency."
RCHRES,CONV-VAL1,CVBPN,float,30,40,,16,10,50,16,10,50,,"*** CVBPN is the conversion from biomass expressed as phosphorus to nitrogen
*** equivalency."
RCHRES,CONV-VAL1,BPCNTC,float,40,50,,49,10,100,49,10,100,,"*** BPCNTC is the percentage, by weight, of biomass which is carbon."
RCHRES,DW-POLLUTANT,OPNID,int,0,5,,,,,,,,,*** RCHRES to which these data apply.
RCHRES,DW-POLLUTANT,OPNIDLAST,int,5,10,,,,,,,,,*** RCHRES to which these data apply.
RCHRES,DW-POLLUTANT,DWWQNM,string,12,20,,,,,,,,,"*** Name of pollutant, may not be flow."
RCHRES,DW-POLLUTANT,DWWQUN,string,26,30,,,,,,,,,"*** Units of pollutant: mg/l, ug/l, #/l."
RCHRES,DW-POLLUTANT,DWDECA,float,30,40,,0,0,,0,0,,,*** First order decay rate.
RCHRES,DYNAMIC-WAVE,OPNID,int,0,5,,,,,,,,,*** RCHRES to which these data apply.
RCHRES,DYNAMIC-WAVE,OPNIDLAST,int,5,10,,,,,,,,,*** RCHRES to which these data apply.
RCHRES,DYNAMIC-WAVE,DTS,int,15,20,,3,1,600,3,1,600,,*** DTS is the time step of the dynamic wave routing in seconds.
RCHRES,DYNAMIC-WAVE,NCOND,int,25,30,,2,1,100,2,1,100,,*** Number of conduits.
RCHRES,DYNAMIC-WAVE,NNODE,int,35,40,,1,1,100,1,1,100,,*** Number of nodes.
RCHRES,DYNAMIC-WAVE,DWUNIT,int,45,50,,0,0,99,0,0,99,,*** Unit number of node output file.
RCHRES,DYNAMIC-WAVE,NWEIR,int,50,55,,0,0,10,0,0,10,,*** Number of weirs.
RCHRES,DYNAMIC-WAVE,NORIF,int,55,60,,0,0,10,0,0,10,,*** Number of orifices.
RCHRES,DYNAMIC-WAVE,DWWQFG,int,60,65,,0,0,1,0,0,1,,*** Water Quality Flag.
RCHRES,ELEV,OPNID,int,0,5,,,,,,,,,*** RCHRES to which these data apply.
RCHRES,ELEV,OPNIDLAST,int,5,10,,,,,,,,,*** RCHRES to which these data apply.
RCHRES,ELEV,ELEV,float,10,20,,0,0,10000,0,0,30000,,*** ELEV is the elevation above sea level.
RCHRES,GEN-INFO,OPNID,int,0,5,,,,,,,,,*** RCHRES to which these data apply.
RCHRES,GEN-INFO,OPNIDLAST,int,5,10,,,,,,,,,*** RCHRES to which these data apply.
RCHRES,GEN-INFO,RCHID,string,10,30,,,,,,,,,"*** Any string of up to 20 characters may be supplied as the identifier for
*** a RCHRES."
RCHRES,GEN-INFO,NEXITS,int,30,35,,1,1,5,1,1,5,,*** NEXITS is the no. of exits from the RCHRES.
RCHRES,GEN-INFO,IUNITS,int,40,45,,1,1,2,1,1,2,,"*** IUNITS indicates the system of units for data in the input time series;
*** 1 means English units, 2 means Metric units."
RCHRES,GEN-INFO,OUNITS,int,45,50,,1,1,2,1,1,2,,"*** OUNITS indicates the system of units for data in the output time series;
*** 1 means English units, 2 means Metric units."
RCHRES,GEN-INFO,PUNITE,int,50,55,,0,0,99,0,0,99,,"*** PUNIT(1) indicates the destinations of printout in English units. A
*** value 0 means no printout is required in English units. A non-zero value
*** means printout is required in English units and the value is the Fortran
*** unit no. of the file to which the printout is to be written. Note that
*** printout for each Reach can be obtained in either the English or Metric
*** systems, or both (irrespective of the system used to supply the
*** inputs)."
RCHRES,GEN-INFO,PUNITM,int,55,60,,0,0,99,0,0,99,,"*** PUNIT(2) indicates the destinations of printout in Metric units. A value
*** 0 means no printout is required in Metric units. A non-zero value means
*** printout is required in Metric units and and the value is the Fortran
*** unit no. of the file to which the printout is to be written. Note that
*** printout for each Reach can be obtained in either the English or Metric
*** systems, or both (irrespective of the system used to supply the
*** inputs)."
RCHRES,GEN-INFO,LKFG,int,60,65,,0,0,1,0,0,1,,"*** LKFG indicates whether the RCHRES is a lake (1) or a stream/river (0).
*** This affects the method of calculating bed shear stress (in Section
*** HYDR) and the reaeration coefficient (Section OXRX)."
RCHRES,GEN-INFO,BUNITE,int,65,70,,0,0,99,0,0,99,,"*** BUNIT(1) indicates the destinations of output in English units. A value
*** 0 means no output is required in English units. A non-zero value means
*** output is required in English units and the value is the Fortran unit
*** no. of the file to which the output is to be written. Note that output
*** for each Reach can be obtained in either the English or Metric systems,
*** or both (irrespective of the system used to supply the inputs)."
RCHRES,GEN-INFO,BUNITM,int,70,75,,0,0,99,0,0,99,,"*** BUNIT(2) indicates the destinations of output in Metric units. A value 0
*** means no output is required in Metric units. A non-zero value means
*** output is required in Metric units and the value is the Fortran unit no.
*** of the file to which the output is to be written. Note that output for
*** each Reach can be obtained in either the English or Metric systems, or
*** both (irrespective of the system used to supply the inputs)."
RCHRES,GQ-AD-FLAGS,OPNID,int,0,5,,,,,,,,,*** RCHRES to which these data apply.
RCHRES,GQ-AD-FLAGS,OPNIDLAST,int,5,10,,,,,,,,,*** RCHRES to which these data apply.
RCHRES,GQ-AD-FLAGS,GQADFG1,int,11,14,,0,-1,999,0,-1,999,,"*** Value of 0 indicates that atmospheric deposition flux of generalized
*** quality constituent #1 is either absent or is supplied as a direct time
*** series as GQADFX. A value greater than 0 indicates the index number of
*** the MONTH-DATA block to be used to supply atmospheric deposition data.
*** _PNAME GQADFG(1)"
RCHRES,GQ-AD-FLAGS,GQADFG2,int,14,17,,0,-1,999,0,-1,999,,"*** Value of 0 indicates that concentration of generalized quality
*** constituent #1 in precipitation is either absent or is supplied as a
*** direct time series as GQADCN. A value greater than 0 indicates the index
*** number of the MONTH-DATA block to be used to supply atmospheric
*** deposition data. _PNAME GQADFG(2)"
RCHRES,GQ-AD-FLAGS,GQADFG3,int,18,21,,0,-1,999,0,-1,999,,"*** Value of 0 indicates that atmospheric deposition flux of generalized
*** quality constituent #2 is either absent or is supplied as a direct time
*** series as GQADFX. A value greater than 0 indicates the index number of
*** the MONTH-DATA block to be used to supply atmospheric deposition data.
*** _PNAME GQADFG(3)"
RCHRES,GQ-AD-FLAGS,GQADFG4,int,21,24,,0,-1,999,0,-1,999,,"*** Value of 0 indicates that concentration of generalized quality
*** constituent #2 in precipitation is either absent or is supplied as a
*** direct time series as GQADCN. A value greater than 0 indicates the index
*** number of the MONTH-DATA block to be used to supply atmospheric
*** deposition data. _PNAME GQADFG(4)"
RCHRES,GQ-AD-FLAGS,GQADFG5,int,25,28,,0,-1,999,0,-1,999,,"*** Value of 0 indicates that atmospheric deposition flux of generalized
*** quality constituent #3 is either absent or is supplied as a direct time
*** series as GQADFX. A value greater than 0 indicates the index number of
*** the MONTH-DATA block to be used to supply atmospheric deposition data.
*** _PNAME GQADFG(5)"
RCHRES,GQ-AD-FLAGS,GQADFG6,int,28,31,,0,-1,999,0,-1,999,,"*** Value of 0 indicates that concentration of generalized quality
*** constituent #3 in precipitation is either absent or is supplied as a
*** direct time series as GQADCN. A value greater than 0 indicates the index
*** number of the MONTH-DATA block to be used to supply atmospheric
*** deposition data. _PNAME GQADFG(6)"
RCHRES,GQ-AD-FLAGS,GQADFG7,int,32,35,,0,-1,999,0,-1,999,,"*** Value of 0 indicates that atmospheric deposition flux of generalized
*** quality constituent #4 is either absent or is supplied as a direct time
*** series as GQADFX. A value greater than 0 indicates the index number of
*** the MONTH-DATA block to be used to supply atmospheric deposition data.
*** _PNAME GQADFG(7)"
RCHRES,GQ-AD-FLAGS,GQADFG8,int,35,38,,0,-1,999,0,-1,999,,"*** Value of 0 indicates that concentration of generalized quality
*** constituent #4 in precipitation is either absent or is supplied as a
*** direct time series as GQADCN. A value greater than 0 indicates the index
*** number of the MONTH-DATA block to be used to supply atmospheric
*** deposition data. _PNAME GQADFG(8)"
RCHRES,GQ-AD-FLAGS,GQADFG9,int,39,42,,0,-1,999,0,-1,999,,"*** Value of 0 indicates that atmospheric deposition flux of generalized
*** quality constituent #5 is either absent or is supplied as a direct time
*** series as GQADFX. A value greater than 0 indicates the index number of
*** the MONTH-DATA block to be used to supply atmospheric deposition data.
*** _PNAME GQADFG(9)"
RCHRES,GQ-AD-FLAGS,GQADFG10,int,42,45,,0,-1,999,0,-1,999,,"*** Value of 0 indicates that concentration of generalized quality
*** constituent #5 in precipitation is either absent or is supplied as a
*** direct time series as GQADCN. A value greater than 0 indicates the index
*** number of the MONTH-DATA block to be used to supply atmospheric
*** deposition data. _PNAME GQADFG(10)"
RCHRES,GQ-AD-FLAGS,GQADFG11,int,46,49,,0,-1,999,0,-1,999,,"*** Value of 0 indicates that atmospheric deposition flux of generalized
*** quality constituent #6 is either absent or is supplied as a direct time
*** series as GQADFX. A value greater than 0 indicates the index number of
*** the MONTH-DATA block to be used to supply atmospheric deposition data.
*** _PNAME GQADFG(11)"
RCHRES,GQ-AD-FLAGS,GQADFG12,int,49,52,,0,-1,999,0,-1,999,,"*** Value of 0 indicates that concentration of generalized quality
*** constituent #6 in precipitation is either absent or is supplied as a
*** direct time series as GQADCN. A value greater than 0 indicates the index
*** number of the MONTH-DATA block to be used to supply atmospheric
*** deposition data. _PNAME GQADFG(12)"
RCHRES,GQ-AD-FLAGS,GQADFG13,int,53,56,,0,-1,999,0,-1,999,,"*** Value of 0 indicates that atmospheric deposition flux of generalized
*** quality constituent #7 is either absent or is supplied as a direct time
*** series as GQADFX. A value greater than 0 indicates the index number of
*** the MONTH-DATA block to be used to supply atmospheric deposition data.
*** _PNAME GQADFG(13)"
RCHRES,GQ-AD-FLAGS,GQADFG14,int,56,59,,0,-1,999,0,-1,999,,"*** Value of 0 indicates that concentration of generalized quality
*** constituent #7 in precipitation is either absent or is supplied as a
*** direct time series as GQADCN. A value greater than 0 indicates the index
*** number of the MONTH-DATA block to be used to supply atmospheric
*** deposition data. _PNAME GQADFG(14)"
RCHRES,GQ-ADRATE,OPNID,int,0,5,,,,,,,,,*** RCHRES to which these data apply.
RCHRES,GQ-ADRATE,OPNIDLAST,int,5,10,,,,,,,,,*** RCHRES to which these data apply.
RCHRES,GQ-ADRATE,ADPM12,float,10,20,,,0.00001,,,0.00001,,,"*** ADPM(1,2) is the transfer rates between adsorbed and desorbed states for
*** qual with suspended sand."
RCHRES,GQ-ADRATE,ADPM22,float,20,30,,,0.00001,,,0.00001,,,"*** ADPM(2,2) is the transfer rates between adsorbed and desorbed states for
*** qual with suspended silt."
RCHRES,GQ-ADRATE,ADPM32,float,30,40,,,0.00001,,,0.00001,,,"*** ADPM(3,2) is the transfer rates between adsorbed and desorbed states for
*** qual with suspended clay."
RCHRES,GQ-ADRATE,ADPM42,float,40,50,,,0.00001,,,0.00001,,,"*** ADPM(4,2) is the transfer rates between adsorbed and desorbed states for
*** qual with bed sand."
RCHRES,GQ-ADRATE,ADPM52,float,50,60,,,0.00001,,,0.00001,,,"*** ADPM(5,2) is the transfer rates between adsorbed and desorbed states for
*** qual with bed silt."
RCHRES,GQ-ADRATE,ADPM62,float,60,70,,,0.00001,,,0.00001,,,"*** ADPM(6,2) is the transfer rates between adsorbed and desorbed states for
*** qual with bed clay."
RCHRES,GQ-ADTHETA,OPNID,int,0,5,,,,,,,,,*** RCHRES to which these data apply.
RCHRES,GQ-ADTHETA,OPNIDLAST,int,5,10,,,,,,,,,*** RCHRES to which these data apply.
RCHRES,GQ-ADTHETA,ADPM13,float,10,20,,1.07,1,2,1.07,1,2,,"*** ADPM(1,3) is the temperature correction coefficient for adsorption/
*** desorption on suspended sand."
RCHRES,GQ-ADTHETA,ADPM23,float,20,30,,1.07,1,2,1.07,1,2,,"*** ADPM(2,3) is the temperature correction coefficient for adsorption/
*** desorption on suspended silt."
RCHRES,GQ-ADTHETA,ADPM33,float,30,40,,1.07,1,2,1.07,1,2,,"*** ADPM(3,3) is the temperature correction coefficient for adsorption/
*** desorption on suspended clay."
RCHRES,GQ-ADTHETA,ADPM43,float,40,50,,1.07,1,2,1.07,1,2,,"*** ADPM(4,3) is the temperature correction coefficient for adsorption/
*** desorption on bed sand."
RCHRES,GQ-ADTHETA,ADPM53,float,50,60,,1.07,1,2,1.07,1,2,,"*** ADPM(5,3) is the temperature correction coefficient for adsorption/
*** desorption on bed silt."
RCHRES,GQ-ADTHETA,ADPM63,float,60,70,,1.07,1,2,1.07,1,2,,"*** ADPM(6,3) is the temperature correction coefficient for adsorption/
*** desorption on bed clay."
RCHRES,GQ-ALPHA,OPNID,int,0,5,,,,,,,,,*** RCHRES to which these data apply.
RCHRES,GQ-ALPHA,OPNIDLAST,int,5,10,,,,,,,,,*** RCHRES to which these data apply.
RCHRES,GQ-ALPHA,ALPH0,float,10,20,,,0.00001,,,0.00001,,,"*** ALPH(1) through ALPH(18) are base absorption coefficients for 18
*** wavelengths of light passing through clear water; input only when a qual
*** undergoes photolysis; i. e., when any QALFG(3)=1 in Table-type
*** GQ-QALFG."
RCHRES,GQ-ALPHA,ALPH1,float,20,30,,,0.00001,,,0.00001,,,
RCHRES,GQ-ALPHA,ALPH2,float,30,40,,,0.00001,,,0.00001,,,
RCHRES,GQ-ALPHA,ALPH3,float,40,50,,,0.00001,,,0.00001,,,
RCHRES,GQ-ALPHA,ALPH4,float,50,60,,,0.00001,,,0.00001,,,
RCHRES,GQ-ALPHA,ALPH5,float,60,70,,,0.00001,,,0.00001,,,
RCHRES,GQ-ALPHA,ALPH6,float,70,80,,,0.00001,,,0.00001,,,
RCHRES,GQ-ALPHA,ALPH7,float,90,100,,,0.00001,,,0.00001,,,
RCHRES,GQ-ALPHA,ALPH8,float,100,110,,,0.00001,,,0.00001,,,
RCHRES,GQ-ALPHA,ALPH9,float,110,120,,,0.00001,,,0.00001,,,
RCHRES,GQ-ALPHA,ALPH10,float,120,130,,,0.00001,,,0.00001,,,
RCHRES,GQ-ALPHA,ALPH11,float,130,140,,,0.00001,,,0.00001,,,
RCHRES,GQ-ALPHA,ALPH12,float,140,150,,,0.00001,,,0.00001,,,
RCHRES,GQ-ALPHA,ALPH13,float,150,160,,,0.00001,,,0.00001,,,
RCHRES,GQ-ALPHA,ALPH14,float,170,180,,,0.00001,,,0.00001,,,
RCHRES,GQ-ALPHA,ALPH15,float,180,190,,,0.00001,,,0.00001,,,
RCHRES,GQ-ALPHA,ALPH16,float,190,200,,,0.00001,,,0.00001,,,
RCHRES,GQ-ALPHA,ALPH17,float,200,210,,,0.00001,,,0.00001,,,
RCHRES,GQ-BIOPM,OPNID,int,0,5,,,,,,,,,*** RCHRES to which these data apply.
RCHRES,GQ-BIOPM,OPNIDLAST,int,5,10,,,,,,,,,*** RCHRES to which these data apply.
RCHRES,GQ-BIOPM,BIOCON,float,10,20,,,1E-30,,,1E-30,,,"*** BIOCON is the second order rate constant for biomass concentration
*** causing biodegradation of qual."
RCHRES,GQ-BIOPM,THBIO,float,20,30,,1.07,1,2,1.07,1,2,,"*** THBIO is the temperature correction coefficient for biodegradation of
*** qual."
RCHRES,GQ-BIOPM,BIO,float,30,40,,,0.00001,,,0.00001,,,*** BIO is the concentration of biomass causing biodegradation of qual.
RCHRES,GQ-CFGAS,OPNID,int,0,5,,,,,,,,,*** RCHRES to which these data apply.
RCHRES,GQ-CFGAS,OPNIDLAST,int,5,10,,,,,,,,,*** RCHRES to which these data apply.
RCHRES,GQ-CFGAS,CFGAS,float,10,20,,,1E-30,,,1E-30,,,"*** CFGAS is the ratio of volatilization rate of qual to oxygen reaeration
*** rate."
RCHRES,GQ-CLDFACT,OPNID,int,0,5,,,,,,,,,*** RCHRES to which these data apply.
RCHRES,GQ-CLDFACT,OPNIDLAST,int,5,10,,,,,,,,,*** RCHRES to which these data apply.
RCHRES,GQ-CLDFACT,KCLD0,float,10,20,,0,0,1,0,0,1,,"*** KCLD(1) through KCLD(18) are values of light extinction efficiency of
*** cloud cover for each of 18 wavelengths; input only when a qual undergoes
*** photolysis; i. e., when any QALFG(3)=1 in Table-type GQ-QALFG."
RCHRES,GQ-CLDFACT,KCLD1,float,20,30,,0,0,1,0,0,1,,
RCHRES,GQ-CLDFACT,KCLD2,float,30,40,,0,0,1,0,0,1,,
RCHRES,GQ-CLDFACT,KCLD3,float,40,50,,0,0,1,0,0,1,,
RCHRES,GQ-CLDFACT,KCLD4,float,50,60,,0,0,1,0,0,1,,
RCHRES,GQ-CLDFACT,KCLD5,float,60,70,,0,0,1,0,0,1,,
RCHRES,GQ-CLDFACT,KCLD6,float,70,80,,0,0,1,0,0,1,,
RCHRES,GQ-CLDFACT,KCLD7,float,90,100,,0,0,1,0,0,1,,
RCHRES,GQ-CLDFACT,KCLD8,float,100,110,,0,0,1,0,0,1,,
RCHRES,GQ-CLDFACT,KCLD9,float,110,120,,0,0,1,0,0,1,,
RCHRES,GQ-CLDFACT,KCLD10,float,120,130,,0,0,1,0,0,1,,
RCHRES,GQ-CLDFACT,KCLD11,float,130,140,,0,0,1,0,0,1,,
RCHRES,GQ-CLDFACT,KCLD12,float,140,150,,0,0,1,0,0,1,,
RCHRES,GQ-CLDFACT,KCLD13,float,150,160,,0,0,1,0,0,1,,
RCHRES,GQ-CLDFACT,KCLD14,float,170,180,,0,0,1,0,0,1,,
RCHRES,GQ-CLDFACT,KCLD15,float,180,190,,0,0,1,0,0,1,,
RCHRES,GQ-CLDFACT,KCLD16,float,190,200,,0,0,1,0,0,1,,
RCHRES,GQ-CLDFACT,KCLD17,float,200,210,,0,0,1,0,0,1,,
RCHRES,GQ-DAUGHTER_biodegradation,OPNID,int,0,5,,,,,,,,,*** RCHRES to which these data apply.
RCHRES,GQ-DAUGHTER_biodegradation,OPNIDLAST,int,5,10,,,,,,,,,*** RCHRES to which these data apply.
RCHRES,GQ-DAUGHTER_biodegradation,ZERO,float,10,20,,0,0,,0,0,,,
RCHRES,GQ-DAUGHTER_biodegradation,C21,float,20,30,,0,0,,0,0,,,"*** Variable C2F1 indicates the amount of qual no. 2 which is produced by
*** decay of qual no. 1 through one of the six decay processes."
RCHRES,GQ-DAUGHTER_biodegradation,C31,float,30,40,,0,0,,0,0,,,*** See help for C2F1.
RCHRES,GQ-DAUGHTER_biodegradation,C41,float,40,50,,0,0,,0,0,,,*** See help for C2F1.
RCHRES,GQ-DAUGHTER_biodegradation,C51,float,50,60,,0,0,,0,0,,,*** See help for C2F1.
RCHRES,GQ-DAUGHTER_biodegradation,C61,float,60,70,,0,0,,0,0,,,*** See help for C2F1.
RCHRES,GQ-DAUGHTER_biodegradation,C71,float,70,80,,0,0,,0,0,,,*** See help for C2F1.
RCHRES,GQ-DAUGHTER_biodegradation,C32,float,110,120,,0,0,,0,0,,,*** See help for C2F1.
RCHRES,GQ-DAUGHTER_biodegradation,C42,float,120,130,,0,0,,0,0,,,*** See help for C2F1.
RCHRES,GQ-DAUGHTER_biodegradation,C52,float,130,140,,0,0,,0,0,,,*** See help for C2F1.
RCHRES,GQ-DAUGHTER_biodegradation,C62,float,140,150,,0,0,,0,0,,,*** See help for C2F1.
RCHRES,GQ-DAUGHTER_biodegradation,C72,float,150,160,,0,0,,0,0,,,*** See help for C2F1.
RCHRES,GQ-DAUGHTER_biodegradation,C43,float,180,190,,0,0,,0,0,,,*** See help for C2F1.
RCHRES,GQ-DAUGHTER_biodegradation,C53,float,190,200,,0,0,,0,0,,,*** See help for C2F1.
RCHRES,GQ-DAUGHTER_biodegradation,C63,float,200,210,,0,0,,0,0,,,*** See help for C2F1.
RCHRES,GQ-DAUGHTER_biodegradation,C73,float,210,220,,0,0,,0,0,,,*** See help for C2F1.
RCHRES,GQ-DAUGHTER_biodegradation,C54,float,270,280,,0,0,,0,0,,,*** See help for C2F1.
RCHRES,GQ-DAUGHTER_biodegradation,C64,float,280,290,,0,0,,0,0,,,*** See help for C2F1.
RCHRES,GQ-DAUGHTER_biodegradation,C74,float,290,300,,0,0,,0,0,,,*** See help for C2F1.
RCHRES,GQ-DAUGHTER_biodegradation,C65,float,360,370,,0,0,,0,0,,,*** See help for C2F1.
RCHRES,GQ-DAUGHTER_biodegradation,C75,float,370,380,,0,0,,0,0,,,*** See help for C2F1.
RCHRES,GQ-DAUGHTER_biodegradation,C76,float,450,460,,0,0,,0,0,,,*** See help for C2F1.
RCHRES,GQ-DAUGHTER_first_order,OPNID,int,0,5,,,,,,,,,*** RCHRES to which these data apply.
RCHRES,GQ-DAUGHTER_first_order,OPNIDLAST,int,5,10,,,,,,,,,*** RCHRES to which these data apply.
RCHRES,GQ-DAUGHTER_first_order,ZERO,float,10,20,,0,0,,0,0,,,
RCHRES,GQ-DAUGHTER_first_order,C21,float,20,30,,0,0,,0,0,,,"*** Variable C2F1 indicates the amount of qual no. 2 which is produced by
*** decay of qual no. 1 through one of the six decay processes."
RCHRES,GQ-DAUGHTER_first_order,C31,float,30,40,,0,0,,0,0,,,*** See help for C2F1.
RCHRES,GQ-DAUGHTER_first_order,C41,float,40,50,,0,0,,0,0,,,*** See help for C2F1.
RCHRES,GQ-DAUGHTER_first_order,C51,float,50,60,,0,0,,0,0,,,*** See help for C2F1.
RCHRES,GQ-DAUGHTER_first_order,C61,float,60,70,,0,0,,0,0,,,*** See help for C2F1.
RCHRES,GQ-DAUGHTER_first_order,C71,float,70,80,,0,0,,0,0,,,*** See help for C2F1.
RCHRES,GQ-DAUGHTER_first_order,C32,float,110,120,,0,0,,0,0,,,*** See help for C2F1.
RCHRES,GQ-DAUGHTER_first_order,C42,float,120,130,,0,0,,0,0,,,*** See help for C2F1.
RCHRES,GQ-DAUGHTER_first_order,C52,float,130,140,,0,0,,0,0,,,*** See help for C2F1.
RCHRES,GQ-DAUGHTER_first_order,C62,float,140,150,,0,0,,0,0,,,*** See help for C2F1.
RCHRES,GQ-DAUGHTER_first_order,C72,float,150,160,,0,0,,0,0,,,*** See help for C2F1.
RCHRES,GQ-DAUGHTER_first_order,C43,float,180,190,,0,0,,0,0,,,*** See help for C2F1.
RCHRES,GQ-DAUGHTER_first_order,C53,float,190,200,,0,0,,0,0,,,*** See help for C2F1.
RCHRES,GQ-DAUGHTER_first_order,C63,float,200,210,,0,0,,0,0,,,*** See help for C2F1.
RCHRES,GQ-DAUGHTER_first_order,C73,float,210,220,,0,0,,0,0,,,*** See help for C2F1.
RCHRES,GQ-DAUGHTER_first_order,C54,float,270,280,,0,0,,0,0,,,*** See help for C2F1.
RCHRES,GQ-DAUGHTER_first_order,C64,float,280,290,,0,0,,0,0,,,*** See help for C2F1.
RCHRES,GQ-DAUGHTER_first_order,C74,float,290,300,,0,0,,0,0,,,*** See help for C2F1.
RCHRES,GQ-DAUGHTER_first_order,C65,float,360,370,,0,0,,0,0,,,*** See help for C2F1.
RCHRES,GQ-DAUGHTER_first_order,C75,float,370,380,,0,0,,0,0,,,*** See help for C2F1.
RCHRES,GQ-DAUGHTER_first_order,C76,float,450,460,,0,0,,0,0,,,*** See help for C2F1.
RCHRES,GQ-DAUGHTER_hydrolysis,OPNID,int,0,5,,,,,,,,,*** RCHRES to which these data apply.
RCHRES,GQ-DAUGHTER_hydrolysis,OPNIDLAST,int,5,10,,,,,,,,,*** RCHRES to which these data apply.
RCHRES,GQ-DAUGHTER_hydrolysis,ZERO,float,10,20,,0,0,,0,0,,,
RCHRES,GQ-DAUGHTER_hydrolysis,C21,float,20,30,,0,0,,0,0,,,"*** Variable C2F1 indicates the amount of qual no. 2 which is produced by
*** decay of qual no. 1 through one of the six decay processes."
RCHRES,GQ-DAUGHTER_hydrolysis,C31,float,30,40,,0,0,,0,0,,,*** See help for C2F1.
RCHRES,GQ-DAUGHTER_hydrolysis,C41,float,40,50,,0,0,,0,0,,,*** See help for C2F1.
RCHRES,GQ-DAUGHTER_hydrolysis,C51,float,50,60,,0,0,,0,0,,,*** See help for C2F1.
RCHRES,GQ-DAUGHTER_hydrolysis,C61,float,60,70,,0,0,,0,0,,,*** See help for C2F1.
RCHRES,GQ-DAUGHTER_hydrolysis,C71,float,70,80,,0,0,,0,0,,,*** See help for C2F1.
RCHRES,GQ-DAUGHTER_hydrolysis,C32,float,110,120,,0,0,,0,0,,,*** See help for C2F1.
RCHRES,GQ-DAUGHTER_hydrolysis,C42,float,120,130,,0,0,,0,0,,,*** See help for C2F1.
RCHRES,GQ-DAUGHTER_hydrolysis,C52,float,130,140,,0,0,,0,0,,,*** See help for C2F1.
RCHRES,GQ-DAUGHTER_hydrolysis,C62,float,140,150,,0,0,,0,0,,,*** See help for C2F1.
RCHRES,GQ-DAUGHTER_hydrolysis,C72,float,150,160,,0,0,,0,0,,,*** See help for C2F1.
RCHRES,GQ-DAUGHTER_hydrolysis,C43,float,180,190,,0,0,,0,0,,,*** See help for C2F1.
RCHRES,GQ-DAUGHTER_hydrolysis,C53,float,190,200,,0,0,,0,0,,,*** See help for C2F1.
RCHRES,GQ-DAUGHTER_hydrolysis,C63,float,200,210,,0,0,,0,0,,,*** See help for C2F1.
RCHRES,GQ-DAUGHTER_hydrolysis,C73,float,210,220,,0,0,,0,0,,,*** See help for C2F1.
RCHRES,GQ-DAUGHTER_hydrolysis,C54,float,270,280,,0,0,,0,0,,,*** See help for C2F1.
RCHRES,GQ-DAUGHTER_hydrolysis,C64,float,280,290,,0,0,,0,0,,,*** See help for C2F1.
RCHRES,GQ-DAUGHTER_hydrolysis,C74,float,290,300,,0,0,,0,0,,,*** See help for C2F1.
RCHRES,GQ-DAUGHTER_hydrolysis,C65,float,360,370,,0,0,,0,0,,,*** See help for C2F1.
RCHRES,GQ-DAUGHTER_hydrolysis,C75,float,370,380,,0,0,,0,0,,,*** See help for C2F1.
RCHRES,GQ-DAUGHTER_hydrolysis,C76,float,450,460,,0,0,,0,0,,,*** See help for C2F1.
RCHRES,GQ-DAUGHTER_oxidation,OPNID,int,0,5,,,,,,,,,*** RCHRES to which these data apply.
RCHRES,GQ-DAUGHTER_oxidation,OPNIDLAST,int,5,10,,,,,,,,,*** RCHRES to which these data apply.
RCHRES,GQ-DAUGHTER_oxidation,ZERO,float,10,20,,0,0,,0,0,,,
RCHRES,GQ-DAUGHTER_oxidation,C21,float,20,30,,0,0,,0,0,,,"*** Variable C2F1 indicates the amount of qual no. 2 which is produced by
*** decay of qual no. 1 through one of the six decay processes."
RCHRES,GQ-DAUGHTER_oxidation,C31,float,30,40,,0,0,,0,0,,,*** See help for C2F1.
RCHRES,GQ-DAUGHTER_oxidation,C41,float,40,50,,0,0,,0,0,,,*** See help for C2F1.
RCHRES,GQ-DAUGHTER_oxidation,C51,float,50,60,,0,0,,0,0,,,*** See help for C2F1.
RCHRES,GQ-DAUGHTER_oxidation,C61,float,60,70,,0,0,,0,0,,,*** See help for C2F1.
RCHRES,GQ-DAUGHTER_oxidation,C71,float,70,80,,0,0,,0,0,,,*** See help for C2F1.
RCHRES,GQ-DAUGHTER_oxidation,C32,float,110,120,,0,0,,0,0,,,*** See help for C2F1.
RCHRES,GQ-DAUGHTER_oxidation,C42,float,120,130,,0,0,,0,0,,,*** See help for C2F1.
RCHRES,GQ-DAUGHTER_oxidation,C52,float,130,140,,0,0,,0,0,,,*** See help for C2F1.
RCHRES,GQ-DAUGHTER_oxidation,C62,float,140,150,,0,0,,0,0,,,*** See help for C2F1.
RCHRES,GQ-DAUGHTER_oxidation,C72,float,150,160,,0,0,,0,0,,,*** See help for C2F1.
RCHRES,GQ-DAUGHTER_oxidation,C43,float,180,190,,0,0,,0,0,,,*** See help for C2F1.
RCHRES,GQ-DAUGHTER_oxidation,C53,float,190,200,,0,0,,0,0,,,*** See help for C2F1.
RCHRES,GQ-DAUGHTER_oxidation,C63,float,200,210,,0,0,,0,0,,,*** See help for C2F1.
RCHRES,GQ-DAUGHTER_oxidation,C73,float,210,220,,0,0,,0,0,,,*** See help for C2F1.
RCHRES,GQ-DAUGHTER_oxidation,C54,float,270,280,,0,0,,0,0,,,*** See help for C2F1.
RCHRES,GQ-DAUGHTER_oxidation,C64,float,280,290,,0,0,,0,0,,,*** See help for C2F1.
RCHRES,GQ-DAUGHTER_oxidation,C74,float,290,300,,0,0,,0,0,,,*** See help for C2F1.
RCHRES,GQ-DAUGHTER_oxidation,C65,float,360,370,,0,0,,0,0,,,*** See help for C2F1.
RCHRES,GQ-DAUGHTER_oxidation,C75,float,370,380,,0,0,,0,0,,,*** See help for C2F1.
RCHRES,GQ-DAUGHTER_oxidation,C76,float,450,460,,0,0,,0,0,,,*** See help for C2F1.
RCHRES,GQ-DAUGHTER_photolysis,OPNID,int,0,5,,,,,,,,,*** RCHRES to which these data apply.
RCHRES,GQ-DAUGHTER_photolysis,OPNIDLAST,int,5,10,,,,,,,,,*** RCHRES to which these data apply.
RCHRES,GQ-DAUGHTER_photolysis,ZERO,float,10,20,,0,0,,0,0,,,
RCHRES,GQ-DAUGHTER_photolysis,C21,float,20,30,,0,0,,0,0,,,"*** Variable C2F1 indicates the amount of qual no. 2 which is produced by
*** decay of qual no. 1 through one of the six decay processes."
RCHRES,GQ-DAUGHTER_photolysis,C31,float,30,40,,0,0,,0,0,,,*** See help for C2F1.
RCHRES,GQ-DAUGHTER_photolysis,C41,float,40,50,,0,0,,0,0,,,*** See help for C2F1.
RCHRES,GQ-DAUGHTER_photolysis,C51,float,50,60,,0,0,,0,0,,,*** See help for C2F1.
RCHRES,GQ-DAUGHTER_photolysis,C61,float,60,70,,0,0,,0,0,,,*** See help for C2F1.
RCHRES,GQ-DAUGHTER_photolysis,C71,float,70,80,,0,0,,0,0,,,*** See help for C2F1.
RCHRES,GQ-DAUGHTER_photolysis,C32,float,110,120,,0,0,,0,0,,,*** See help for C2F1.
RCHRES,GQ-DAUGHTER_photolysis,C42,float,120,130,,0,0,,0,0,,,*** See help for C2F1.
RCHRES,GQ-DAUGHTER_photolysis,C52,float,130,140,,0,0,,0,0,,,*** See help for C2F1.
RCHRES,GQ-DAUGHTER_photolysis,C62,float,140,150,,0,0,,0,0,,,*** See help for C2F1.
RCHRES,GQ-DAUGHTER_photolysis,C72,float,150,160,,0,0,,0,0,,,*** See help for C2F1.
RCHRES,GQ-DAUGHTER_photolysis,C43,float,180,190,,0,0,,0,0,,,*** See help for C2F1.
RCHRES,GQ-DAUGHTER_photolysis,C53,float,190,200,,0,0,,0,0,,,*** See help for C2F1.
RCHRES,GQ-DAUGHTER_photolysis,C63,float,200,210,,0,0,,0,0,,,*** See help for C2F1.
RCHRES,GQ-DAUGHTER_photolysis,C73,float,210,220,,0,0,,0,0,,,*** See help for C2F1.
RCHRES,GQ-DAUGHTER_photolysis,C54,float,270,280,,0,0,,0,0,,,*** See help for C2F1.
RCHRES,GQ-DAUGHTER_photolysis,C64,float,280,290,,0,0,,0,0,,,*** See help for C2F1.
RCHRES,GQ-DAUGHTER_photolysis,C74,float,290,300,,0,0,,0,0,,,*** See help for C2F1.
RCHRES,GQ-DAUGHTER_photolysis,C65,float,360,370,,0,0,,0,0,,,*** See help for C2F1.
RCHRES,GQ-DAUGHTER_photolysis,C75,float,370,380,,0,0,,0,0,,,*** See help for C2F1.
RCHRES,GQ-DAUGHTER_photolysis,C76,float,450,460,,0,0,,0,0,,,*** See help for C2F1.
RCHRES,GQ-DAUGHTER_reserved,OPNID,int,0,5,,,,,,,,,*** RCHRES to which these data apply.
RCHRES,GQ-DAUGHTER_reserved,OPNIDLAST,int,5,10,,,,,,,,,*** RCHRES to which these data apply.
RCHRES,GQ-DAUGHTER_reserved,ZERO,float,10,20,,0,0,,0,0,,,
RCHRES,GQ-DAUGHTER_reserved,C21,float,20,30,,0,0,,0,0,,,"*** Variable C2F1 indicates the amount of qual no. 2 which is produced by
*** decay of qual no. 1 through one of the six decay processes."
RCHRES,GQ-DAUGHTER_reserved,C31,float,30,40,,0,0,,0,0,,,*** See help for C2F1.
RCHRES,GQ-DAUGHTER_reserved,C41,float,40,50,,0,0,,0,0,,,*** See help for C2F1.
RCHRES,GQ-DAUGHTER_reserved,C51,float,50,60,,0,0,,0,0,,,*** See help for C2F1.
RCHRES,GQ-DAUGHTER_reserved,C61,float,60,70,,0,0,,0,0,,,*** See help for C2F1.
RCHRES,GQ-DAUGHTER_reserved,C71,float,70,80,,0,0,,0,0,,,*** See help for C2F1.
RCHRES,GQ-DAUGHTER_reserved,C32,float,110,120,,0,0,,0,0,,,*** See help for C2F1.
RCHRES,GQ-DAUGHTER_reserved,C42,float,120,130,,0,0,,0,0,,,*** See help for C2F1.
RCHRES,GQ-DAUGHTER_reserved,C52,float,130,140,,0,0,,0,0,,,*** See help for C2F1.
RCHRES,GQ-DAUGHTER_reserved,C62,float,140,150,,0,0,,0,0,,,*** See help for C2F1.
RCHRES,GQ-DAUGHTER_reserved,C72,float,150,160,,0,0,,0,0,,,*** See help for C2F1.
RCHRES,GQ-DAUGHTER_reserved,C43,float,180,190,,0,0,,0,0,,,*** See help for C2F1.
RCHRES,GQ-DAUGHTER_reserved,C53,float,190,200,,0,0,,0,0,,,*** See help for C2F1.
RCHRES,GQ-DAUGHTER_reserved,C63,float,200,210,,0,0,,0,0,,,*** See help for C2F1.
RCHRES,GQ-DAUGHTER_reserved,C73,float,210,220,,0,0,,0,0,,,*** See help for C2F1.
RCHRES,GQ-DAUGHTER_reserved,C54,float,270,280,,0,0,,0,0,,,*** See help for C2F1.
RCHRES,GQ-DAUGHTER_reserved,C64,float,280,290,,0,0,,0,0,,,*** See help for C2F1.
RCHRES,GQ-DAUGHTER_reserved,C74,float,290,300,,0,0,,0,0,,,*** See help for C2F1.
RCHRES,GQ-DAUGHTER_reserved,C65,float,360,370,,0,0,,0,0,,,*** See help for C2F1.
RCHRES,GQ-DAUGHTER_reserved,C75,float,370,380,,0,0,,0,0,,,*** See help for C2F1.
RCHRES,GQ-DAUGHTER_reserved,C76,float,450,460,,0,0,,0,0,,,*** See help for C2F1.
RCHRES,GQ-DELTA,OPNID,int,0,5,,,,,,,,,*** RCHRES to which these data apply.
RCHRES,GQ-DELTA,OPNIDLAST,int,5,10,,,,,,,,,*** RCHRES to which these data apply.
RCHRES,GQ-DELTA,DEL0,float,10,20,,0,0,,0,0,,,"*** DEL(1) through DEL(18) are increments to the base absorption coefficient
*** (Table-type GQ-ALPHA) for light passing through plankton-laden water;
*** input only when a qual undergoes photolysis; i. e., when any QALFG(3)=1
*** in Table- type GQ-QALFG."
RCHRES,GQ-DELTA,DEL1,float,20,30,,0,0,,0,0,,,
RCHRES,GQ-DELTA,DEL2,float,30,40,,0,0,,0,0,,,
RCHRES,GQ-DELTA,DEL3,float,40,50,,0,0,,0,0,,,
RCHRES,GQ-DELTA,DEL4,float,50,60,,0,0,,0,0,,,
RCHRES,GQ-DELTA,DEL5,float,60,70,,0,0,,0,0,,,
RCHRES,GQ-DELTA,DEL6,float,70,80,,0,0,,0,0,,,
RCHRES,GQ-DELTA,DEL7,float,90,100,,0,0,,0,0,,,
RCHRES,GQ-DELTA,DEL8,float,100,110,,0,0,,0,0,,,
RCHRES,GQ-DELTA,DEL9,float,110,120,,0,0,,0,0,,,
RCHRES,GQ-DELTA,DEL10,float,120,130,,0,0,,0,0,,,
RCHRES,GQ-DELTA,DEL11,float,130,140,,0,0,,0,0,,,
RCHRES,GQ-DELTA,DEL12,float,140,150,,0,0,,0,0,,,
RCHRES,GQ-DELTA,DEL13,float,150,160,,0,0,,0,0,,,
RCHRES,GQ-DELTA,DEL14,float,170,180,,0,0,,0,0,,,
RCHRES,GQ-DELTA,DEL15,float,180,190,,0,0,,0,0,,,
RCHRES,GQ-DELTA,DEL16,float,190,200,,0,0,,0,0,,,
RCHRES,GQ-DELTA,DEL17,float,200,210,,0,0,,0,0,,,
RCHRES,GQ-FLG2,OPNID,int,0,5,,,,,,,,,*** RCHRES to which these data apply.
RCHRES,GQ-FLG2,OPNIDLAST,int,5,10,,,,,,,,,*** RCHRES to which these data apply.
RCHRES,GQ-FLG2,GQPM21,int,10,15,,0,0,1,0,0,1,,"*** GQPM2(1): value of 1 indicates qual is a ""daughter"" product through
*** hydrolysis."
RCHRES,GQ-FLG2,GQPM22,int,15,20,,0,0,1,0,0,1,,"*** GQPM2(2): value of 1 indicates qual is a ""daughter"" product through
*** oxidation."
RCHRES,GQ-FLG2,GQPM23,int,20,25,,0,0,1,0,0,1,,"*** GQPM2(3): value of 1 indicates qual is a ""daughter"" product through
*** photolysis."
RCHRES,GQ-FLG2,GQPM24,int,25,30,,0,0,1,0,0,1,,"*** GQPM2(4): value of 1 indicates qual is a ""daughter"" product through
*** volatilization."
RCHRES,GQ-FLG2,GQPM25,int,30,35,,0,0,1,0,0,1,,"*** GQPM2(5): value of 1 indicates qual is a ""daughter"" product through
*** biodegradation."
RCHRES,GQ-FLG2,GQPM26,int,35,40,,0,0,1,0,0,1,,"*** GQPM2(6): value of 1 indicates qual is a ""daughter"" product through
*** general first-order decay."
RCHRES,GQ-FLG2,GQPM27,int,40,45,,2,1,3,2,1,3,,"*** GQPM2(7) indicates the source of biomass data for qual; 1 means a time
*** series, 2 means an annual value, and 3 means 12 monthly values. Input
*** only if QALFG(5)=1."
RCHRES,GQ-GAMMA,OPNID,int,0,5,,,,,,,,,*** RCHRES to which these data apply.
RCHRES,GQ-GAMMA,OPNIDLAST,int,5,10,,,,,,,,,*** RCHRES to which these data apply.
RCHRES,GQ-GAMMA,GAMM0,float,10,20,,0,0,,0,0,,,"*** GAMM(1) through GAMM(18) are increments to the base absorbancy
*** coefficient (Table-type GQ-ALPHA) for light passing through sediment
*** laden water. This table is necessary only when a qual undergoes
*** photolysis; i. e., when any QALFG(3)=1 in Table-type GQ-QALFG."
RCHRES,GQ-GAMMA,GAMM1,float,20,30,,0,0,,0,0,,,
RCHRES,GQ-GAMMA,GAMM2,float,30,40,,0,0,,0,0,,,
RCHRES,GQ-GAMMA,GAMM3,float,40,50,,0,0,,0,0,,,
RCHRES,GQ-GAMMA,GAMM4,float,50,60,,0,0,,0,0,,,
RCHRES,GQ-GAMMA,GAMM5,float,60,70,,0,0,,0,0,,,
RCHRES,GQ-GAMMA,GAMM6,float,70,80,,0,0,,0,0,,,
RCHRES,GQ-GAMMA,GAMM7,float,90,100,,0,0,,0,0,,,
RCHRES,GQ-GAMMA,GAMM8,float,100,110,,0,0,,0,0,,,
RCHRES,GQ-GAMMA,GAMM9,float,110,120,,0,0,,0,0,,,
RCHRES,GQ-GAMMA,GAMM10,float,120,130,,0,0,,0,0,,,
RCHRES,GQ-GAMMA,GAMM11,float,130,140,,0,0,,0,0,,,
RCHRES,GQ-GAMMA,GAMM12,float,140,150,,0,0,,0,0,,,
RCHRES,GQ-GAMMA,GAMM13,float,150,160,,0,0,,0,0,,,
RCHRES,GQ-GAMMA,GAMM14,float,170,180,,0,0,,0,0,,,
RCHRES,GQ-GAMMA,GAMM15,float,180,190,,0,0,,0,0,,,
RCHRES,GQ-GAMMA,GAMM16,float,190,200,,0,0,,0,0,,,
RCHRES,GQ-GAMMA,GAMM17,float,200,210,,0,0,,0,0,,,
RCHRES,GQ-GENDATA,OPNID,int,0,5,,,,,,,,,*** RCHRES to which these data apply.
RCHRES,GQ-GENDATA,OPNIDLAST,int,5,10,,,,,,,,,*** RCHRES to which these data apply.
RCHRES,GQ-GENDATA,NGQUAL,int,10,15,,1,1,7,1,1,7,,"*** NGQUAL is the number of generalized constituents (quals) being
*** simulated."
RCHRES,GQ-GENDATA,TEMPFG,int,15,20,,2,1,3,2,1,3,,"*** TEMPFG indicates the source of water temperature data; 1 means a time
*** series (either input or computed), 2 means an annual value, and 3 means
*** 12 monthly values."
RCHRES,GQ-GENDATA,PHFLAG,int,20,25,,2,1,3,2,1,3,,"*** PHFLAG indicates the source of pH data; 1 means a time series (either
*** input or computed), 2 means an annual value, and 3 means 12 monthly
*** values. Input only if any QALFG(1)=1."
RCHRES,GQ-GENDATA,ROXFG,int,25,30,,2,1,3,2,1,3,,"*** ROXFG indicates the source of free radical oxygen data; 1 means a time
*** series (either input or computed), 2 means an annual value, and 3 means
*** 12 monthly values. Input only if any QALFG(2)=1."
RCHRES,GQ-GENDATA,CLDFG,int,30,35,,2,1,3,2,1,3,,"*** CLDFG indicates the source of cloud cover data; 1 means a time series
*** (either input or computed), 2 means an annual value, and 3 means 12
*** monthly values. Input only if any QALFG(3)=1."
RCHRES,GQ-GENDATA,SDFG,int,35,40,,2,1,3,2,1,3,,"*** SDFG indicates the source of total sediment concentration data; 1 means
*** a time series (either input or computed), 2 means an annual value, and 3
*** means 12 monthly values. Input only if any QALFG(3)=1."
RCHRES,GQ-GENDATA,PHYTFG,int,40,45,,2,1,3,2,1,3,,"*** PHYTFG indicates the source of phytoplankton data; 1 means a time series
*** (either input or computed), 2 means an annual value, and 3 means 12
*** monthly values. Input only if any QALFG(3)=1."
RCHRES,GQ-GENDATA,LAT,int,45,50,,0,-54,54,0,-54,54,,"*** LAT is the latitude of the RCHRES. Input only if any QALFG(3)=1.
*** Positive for northern hemisphere."
RCHRES,GQ-GENDECAY,OPNID,int,0,5,,,,,,,,,*** RCHRES to which these data apply.
RCHRES,GQ-GENDECAY,OPNIDLAST,int,5,10,,,,,,,,,*** RCHRES to which these data apply.
RCHRES,GQ-GENDECAY,FSTDEC,float,10,20,,,0.00001,,,0.00001,,,*** FSTDEC is the first order decay rate for qual.
RCHRES,GQ-GENDECAY,THFST,float,20,30,,1.07,1,2,1.07,1,2,,"*** THFST is the temperature correction coefficient for first order decay of
*** qual."
RCHRES,GQ-HYDPM,OPNID,int,0,5,,,,,,,,,*** RCHRES to which these data apply.
RCHRES,GQ-HYDPM,OPNIDLAST,int,5,10,,,,,,,,,*** RCHRES to which these data apply.
RCHRES,GQ-HYDPM,KA,float,10,20,,,1E-30,,,1E-30,,,*** KA is the second order acid rate constant for hydrolysis of qual.
RCHRES,GQ-HYDPM,KB,float,20,30,,,1E-30,,,1E-30,,,*** KB is the second order base rate constant for hydrolysis of qual.
RCHRES,GQ-HYDPM,KN,float,30,40,,,1E-30,,,1E-30,,,"*** KN is the second order rate constant for neutral reaction of qual with
*** water"
RCHRES,GQ-HYDPM,THHYD,float,40,50,,1,1,2,1,1,2,,"*** THHYD is the temperature correction coefficient for hydrolysis of
*** qual."
RCHRES,GQ-KD,OPNID,int,0,5,,,,,,,,,*** RCHRES to which these data apply.
RCHRES,GQ-KD,OPNIDLAST,int,5,10,,,,,,,,,*** RCHRES to which these data apply.
RCHRES,GQ-KD,ADPM11,float,10,20,,,1E-10,,,1E-10,,,"*** ADPM(1,1) is the distribution coefficient for qual with suspende"
RCHRES,GQ-KD,ADPM21,float,20,30,,,1E-10,,,1E-10,,,"*** ADPM(2,1) is the distribution coefficient for qual with suspende"
RCHRES,GQ-KD,ADPM31,float,30,40,,,1E-10,,,1E-10,,,"*** ADPM(3,1) is the distribution coefficient for qual with suspende"
RCHRES,GQ-KD,ADPM41,float,40,50,,,1E-10,,,1E-10,,,"*** ADPM(4,1) is the distribution coefficient for qual with bed sand"
RCHRES,GQ-KD,ADPM51,float,50,60,,,1E-10,,,1E-10,,,"*** ADPM(5,1) is the distribution coefficient for qual with bed silt"
RCHRES,GQ-KD,ADPM61,float,60,70,,,1E-10,,,1E-10,,,"*** ADPM(6,1) is the distribution coefficient for qual with bed clay"
RCHRES,GQ-PHOTPM,OPNID,int,0,5,,,,,,,,,*** RCHRES to which these data apply.
RCHRES,GQ-PHOTPM,OPNIDLAST,int,5,10,,,,,,,,,*** RCHRES to which these data apply.
RCHRES,GQ-PHOTPM,PHOTPM0,float,10,20,,0,0,,0,0,,,"*** PHOTPM(1) through PHOTPM(18) are molar absorption coefficients for qual
*** for 18 wavelength ranges of light (see functional description for
*** subroutine DDECAY in Part E)."
RCHRES,GQ-PHOTPM,PHOTPM1,float,20,30,,0,0,,0,0,,,
RCHRES,GQ-PHOTPM,PHOTPM2,float,30,40,,0,0,,0,0,,,
RCHRES,GQ-PHOTPM,PHOTPM3,float,40,50,,0,0,,0,0,,,
RCHRES,GQ-PHOTPM,PHOTPM4,float,50,60,,0,0,,0,0,,,
RCHRES,GQ-PHOTPM,PHOTPM5,float,60,70,,0,0,,0,0,,,
RCHRES,GQ-PHOTPM,PHOTPM6,float,70,80,,0,0,,0,0,,,
RCHRES,GQ-PHOTPM,PHOTPM7,float,90,100,,0,0,,0,0,,,
RCHRES,GQ-PHOTPM,PHOTPM8,float,100,110,,0,0,,0,0,,,
RCHRES,GQ-PHOTPM,PHOTPM9,float,110,120,,0,0,,0,0,,,
RCHRES,GQ-PHOTPM,PHOTPM10,float,120,130,,0,0,,0,0,,,
RCHRES,GQ-PHOTPM,PHOTPM11,float,130,140,,0,0,,0,0,,,
RCHRES,GQ-PHOTPM,PHOTPM12,float,140,150,,0,0,,0,0,,,
RCHRES,GQ-PHOTPM,PHOTPM13,float,150,160,,0,0,,0,0,,,
RCHRES,GQ-PHOTPM,PHOTPM14,float,170,180,,0,0,,0,0,,,
RCHRES,GQ-PHOTPM,PHOTPM15,float,180,190,,0,0,,0,0,,,
RCHRES,GQ-PHOTPM,PHOTPM16,float,190,200,,0,0,,0,0,,,
RCHRES,GQ-PHOTPM,PHOTPM17,float,200,210,,0,0,,0,0,,,
RCHRES,GQ-PHOTPM,PHOTPM18,float,210,220,,1,0.0001,10,1,0.0001,10,,
RCHRES,GQ-PHOTPM,PHOTPM19,float,220,230,,1,1,2,1,1,2,,
RCHRES,GQ-QALDATA,OPNID,int,0,5,,,,,,,,,*** RCHRES to which these data apply.
RCHRES,GQ-QALDATA,OPNIDLAST,int,5,10,,,,,,,,,*** RCHRES to which these data apply.
RCHRES,GQ-QALDATA,GQID,string,10,30,,,,,,,,,"*** Any string of up to 20 characters may be supplied as the name of the
*** quality constituent (qual)."
RCHRES,GQ-QALDATA,DQAL,float,30,40,,0,0,,0,0,,,*** DQAL is the initial concentration of the qual.
RCHRES,GQ-QALDATA,CONCID,string,46,50,,,,,,,,,"*** Any string of up to 8 characters may be supplied as the concentration
*** units (implied that it is ""per liter""), eg. ""mg""(/l)."
RCHRES,GQ-QALDATA,CONV,float,50,60,,,1E-30,,,1E-30,,,"*** CONV is the factor to convert from Qty/Vol to concentration units: Conc=
*** CONV* Qty/Vol (in English system, Vol is in ft3) (in Metric system, Vol
*** is in m3)."
RCHRES,GQ-QALDATA,QTYID,string,62,70,,,,,,,,,"*** Any string of up to 8 characters may be supplied as the ""qty"" unit for
*** the qual. QTYID specifies the units in which the total flow of qual
*** into, or out of the RCHRES will be expressed."
RCHRES,GQ-QALFG,OPNID,int,0,5,,,,,,,,,*** RCHRES to which these data apply.
RCHRES,GQ-QALFG,OPNIDLAST,int,5,10,,,,,,,,,*** RCHRES to which these data apply.
RCHRES,GQ-QALFG,QALFG1,int,10,15,,0,0,1,0,0,1,,"*** QALFG(1): value of 1 indicates hydrolysis is considered for dissolved
*** qual."
RCHRES,GQ-QALFG,QALFG2,int,15,20,,0,0,1,0,0,1,,"*** QALFG(2): value of 1 indicates oxidation by free radical oxygen is
*** considered for dissolved qual."
RCHRES,GQ-QALFG,QALFG3,int,20,25,,0,0,1,0,0,1,,"*** QALFG(3): value of 1 indicates photolysis is considered for dissolved
*** qual."
RCHRES,GQ-QALFG,QALFG4,int,25,30,,0,0,1,0,0,1,,"*** QALFG(4): value of 1 indicates volatilization is considered for
*** dissolved qual."
RCHRES,GQ-QALFG,QALFG5,int,30,35,,0,0,1,0,0,1,,"*** QALFG(5): value of 1 indicates biodegradation is considered for
*** dissolved qual."
RCHRES,GQ-QALFG,QALFG6,int,35,40,,0,0,1,0,0,1,,"*** QALFG(6): value of 1 indicates general first order decay is considered
*** for dissolved qual."
RCHRES,GQ-QALFG,QALFG7,int,40,45,,0,0,1,0,0,1,,"*** QALFG(7): value of 1 indicates qual is associated with sediment. If so,
*** adsorption/desorption of qual is considered."
RCHRES,GQ-ROXPM,OPNID,int,0,5,,,,,,,,,*** RCHRES to which these data apply.
RCHRES,GQ-ROXPM,OPNIDLAST,int,5,10,,,,,,,,,*** RCHRES to which these data apply.
RCHRES,GQ-ROXPM,KOX,float,10,20,,,1E-30,,,1E-30,,,"*** KOX is the second order rate constant for oxidation of qual by free
*** radical oxygen."
RCHRES,GQ-ROXPM,THOX,float,20,30,,1,1,2,1,1,2,,"*** THOX is the temperature correction coefficient for oxidation of qual by
*** free radical oxygen."
RCHRES,GQ-SEDCONC,OPNID,int,0,5,,,,,,,,,*** RCHRES to which these data apply.
RCHRES,GQ-SEDCONC,OPNIDLAST,int,5,10,,,,,,,,,*** RCHRES to which these data apply.
RCHRES,GQ-SEDCONC,SQAL1,float,10,20,,0,0,,0,0,,,*** SQAL1 is the initial concentrations of qual on suspended sand.
RCHRES,GQ-SEDCONC,SQAL2,float,20,30,,0,0,,0,0,,,*** SQAL2 is the initial concentrations of qual on suspended silt.
RCHRES,GQ-SEDCONC,SQAL3,float,30,40,,0,0,,0,0,,,*** SQAL3 is the initial concentrations of qual on suspended clay.
RCHRES,GQ-SEDCONC,SQAL4,float,40,50,,0,0,,0,0,,,*** SQAL4 is the initial concentrations of qual on bed sand.
RCHRES,GQ-SEDCONC,SQAL5,float,50,60,,0,0,,0,0,,,*** SQAL5 is the initial concentrations of qual on bed silt.
RCHRES,GQ-SEDCONC,SQAL6,float,60,70,,0,0,,0,0,,,*** SQAL6 is the initial concentrations of qual on bed clay.
RCHRES,GQ-SEDDECAY,OPNID,int,0,5,,,,,,,,,*** RCHRES to which these data apply.
RCHRES,GQ-SEDDECAY,OPNIDLAST,int,5,10,,,,,,,,,*** RCHRES to which these data apply.
RCHRES,GQ-SEDDECAY,ADDCP1,float,10,20,,0,0,,0,0,,,*** KSUSP is the decay rate for qual adsorbed to suspended sediment.
RCHRES,GQ-SEDDECAY,ADDCP2,float,20,30,,1.07,1,2,1.07,1,2,,"*** THSUSP is the temperature correction coefficient for decay of qual on
*** suspended sediment."
RCHRES,GQ-SEDDECAY,ADDCP3,float,30,40,,0,0,,0,0,,,*** KBED is the decay rate for qual adsorbed to bed sediment.
RCHRES,GQ-SEDDECAY,ADDCP4,float,40,50,,1.07,1,2,1.07,1,2,,"*** THBED is the temperature correction coefficient for decay of qual on bed
*** sediment."
RCHRES,GQ-VALUES,OPNID,int,0,5,,,,,,,,,*** RCHRES to which these data apply.
RCHRES,GQ-VALUES,OPNIDLAST,int,5,10,,,,,,,,,*** RCHRES to which these data apply.
RCHRES,GQ-VALUES,TWAT,float,10,20,,15.5,0.1,100,60,32,212,,"*** TWAT is the constant annual value of water temperature; input only if
*** TEMPFG = 2 in Table-type GQ-GENDATA."
RCHRES,GQ-VALUES,PHVAL,float,20,30,,7,1,14,7,1,14,,"*** PHVAL is the constant annual value of pH; input only if PHFLAG = 2 in
*** Table-type GQ-GENDATA."
RCHRES,GQ-VALUES,ROC,float,30,40,,0,0,,0,0,,,"*** ROC is the constant annual value of free radical oxygen; input only if
*** ROXFG = 2 in Table-type GQ-GENDATA."
RCHRES,GQ-VALUES,CLD,float,40,50,,0,0,10,0,0,10,,"*** CLD is the constant annual value of cloud cover; input only if CLDFG = 2
*** in Table-type GQ-GENDATA."
RCHRES,GQ-VALUES,SDCNC,float,50,60,,0,0,,0,0,,,"*** SDCNC is the constant annual value of total sediment concentration;
*** input only if SDFG = 2 in Table-type GQ- GENDATA."
RCHRES,GQ-VALUES,PHY,float,60,70,,0,0,,0,0,,,"*** PHY is the constant annual value of phytoplankton concentration; input
*** only if PHYTFG = 2 in Table-type GQ- GENDATA."
RCHRES,HEAT-INIT,OPNID,int,0,5,,,,,,,,,*** RCHRES to which these data apply.
RCHRES,HEAT-INIT,OPNIDLAST,int,5,10,,,,,,,,,*** RCHRES to which these data apply.
RCHRES,HEAT-INIT,TW,float,10,20,,15.5,0,95,60,32,200,,*** TW is the initial water temperature in the RCHRES.
RCHRES,HEAT-INIT,AIRTMP,float,20,30,,15.5,-70,65,60,-90,150,,*** AIRTMP is the initial air temperature at the RCHRES.
RCHRES,HEAT-PARM,OPNID,int,0,5,,,,,,,,,*** RCHRES to which these data apply.
RCHRES,HEAT-PARM,OPNIDLAST,int,5,10,,,,,,,,,*** RCHRES to which these data apply.
RCHRES,HEAT-PARM,ELEV,float,10,20,,0,0,10000,0,0,30000,,*** ELEV is the mean RCHRES elevation.
RCHRES,HEAT-PARM,ELDAT,float,20,30,,0,,,0,,,,"*** ELDAT is the difference in elevation between the RCHRES and the air
*** temperature gage (positive if RCHRES is higher than the gage)."
RCHRES,HEAT-PARM,CFSAEX,float,30,40,,1,0.001,2,1,0.001,2,,"*** CFSAEX is the correction factor for solar radiation (it includes
*** fraction of RCHRES surface exposed to radiation)."
RCHRES,HEAT-PARM,KATRAD,float,40,50,,9.37,1,20,9.37,1,20,,*** KATRAD is the longwave radiation coefficient
RCHRES,HEAT-PARM,KCOND,float,50,60,,6.12,1,20,6.12,1,20,,*** KCOND is the conduction-convection heat transport coefficient.
RCHRES,HEAT-PARM,KEVAP,float,60,70,,2.24,1,10,2.24,1,10,,*** KEVAP is the evaporation coefficient.
RCHRES,HT-BED-DELH,OPNID,int,0,5,,,,,,,,,*** RCHRES to which these data apply.
RCHRES,HT-BED-DELH,OPNIDLAST,int,5,10,,,,,,,,,*** RCHRES to which these data apply.
RCHRES,HT-BED-DELH,DELH1,float,10,20,,0,,,0,,,,"*** DELH are the bed-to-water heat fluxes per degree change in water
*** temperature for the past TSTOP time intervals (see Table-type HT-BED-FLAGS); used
*** for Jobson method (BEDFLG = 3). A maximum of 100 values are allowed.
*** DELH values should be negative. Note: DELH values are time-step
*** dependent."
RCHRES,HT-BED-DELH,DELH2,float,20,30,,0,,,0,,,,
RCHRES,HT-BED-DELH,DELH3,float,30,40,,0,,,0,,,,
RCHRES,HT-BED-DELH,DELH4,float,40,50,,0,,,0,,,,
RCHRES,HT-BED-DELH,DELH5,float,50,60,,0,,,0,,,,
RCHRES,HT-BED-DELH,DELH6,float,60,70,,0,,,0,,,,
RCHRES,HT-BED-DELH,DELH7,float,70,80,,0,,,0,,,,
RCHRES,HT-BED-DELTT,OPNID,int,0,5,,,,,,,,,*** RCHRES to which these data apply.
RCHRES,HT-BED-DELTT,OPNIDLAST,int,5,10,,,,,,,,,*** RCHRES to which these data apply.
RCHRES,HT-BED-DELTT,DELTT1,float,10,20,,0,,,0,,,,"*** DELTT are the initial water temperature changes for the past TSTOP time
*** intervals (see Table-type HT-BED-FLAGS); used for Jobson method (BEDFLG
*** = 3). A maximum of 100 values are allowed. DELTT values are positive if
*** the water temperature is increasing."
RCHRES,HT-BED-DELTT,DELTT2,float,20,30,,0,,,0,,,,
RCHRES,HT-BED-DELTT,DELTT3,float,30,40,,0,,,0,,,,
RCHRES,HT-BED-DELTT,DELTT4,float,40,50,,0,,,0,,,,
RCHRES,HT-BED-DELTT,DELTT5,float,50,60,,0,,,0,,,,
RCHRES,HT-BED-DELTT,DELTT6,float,60,70,,0,,,0,,,,
RCHRES,HT-BED-DELTT,DELTT7,float,70,80,,0,,,0,,,,
RCHRES,HT-BED-FLAGS,OPNID,int,0,5,,,,,,,,,*** RCHRES to which these data apply.
RCHRES,HT-BED-FLAGS,OPNIDLAST,int,5,10,,,,,,,,,*** RCHRES to which these data apply.
RCHRES,HT-BED-FLAGS,BEDFLG,int,10,15,,0,0,3,0,0,3,,"*** Bed conductance flag: 0 - bed conductance not simulated 1 - single layer
*** heat transfer method 2 - two layer heat transfer method 3 - Jobson
*** method"
RCHRES,HT-BED-FLAGS,TGFLG,int,15,20,,2,1,3,2,1,3,,"*** TGFLG specifies the source of the ground temperature for either the the
*** single layer or two layer heat transfer methods (BEDFLG = 1 or
*** 2)."
RCHRES,HT-BED-FLAGS,TSTOP,int,20,25,,55,1,100,55,1,100,,"*** TSTOP is the number of prior timesteps that impact the heat flux at the
*** current timestep when using the Jobson method (BEDFLG = 3)."
RCHRES,HT-BED-PARM,OPNID,int,0,5,,,,,,,,,*** RCHRES to which these data apply.
RCHRES,HT-BED-PARM,OPNIDLAST,int,5,10,,,,,,,,,*** RCHRES to which these data apply.
RCHRES,HT-BED-PARM,MUDDEP,float,10,20,,0.1,0.01,,0.33,0.01,,,"*** Depth of mud layer; used for two-layer method (BEDFLG = 2 in Table-type
*** HT-BED-FLAGS)."
RCHRES,HT-BED-PARM,TGRND,float,20,30,,15,-10,45,59,14,113,,"*** Temperature of ground if constant; used for single layer and two layer
*** methods (BEDFLG = 1 or 2, and TGFLG = 2, in Table-type HT-BED-FLAGS)."
RCHRES,HT-BED-PARM,KMUD,float,30,40,,50,0,,50,0,,,"*** Heat conductance coefficient between water and the ground (if BEDFLG =
*** 1) or the mud layer (if BEDFLG = 2)."
RCHRES,HT-BED-PARM,KGRND,float,40,50,,1.4,0,,1.4,0,,,"*** Heat conductance coefficient between the ground and the mud layer (used
*** if BEDFLG = 2)."
RCHRES,HYDR-CATEGORY,OPNID,int,0,5,,,,,,,,,*** RCHRES to which these data apply.
RCHRES,HYDR-CATEGORY,OPNIDLAST,int,5,10,,,,,,,,,*** RCHRES to which these data apply.
RCHRES,HYDR-CATEGORY,CPREC,string,11,15,,,,,,,,,"*** If a category tag is given, precipitation is added to the specified
*** category. If an integer is given, then that number of categories will be
*** specified in Table-Type HYDR-CPREC. If blank or zero, precipitation will
*** be added to all active categories according to their current storage
*** fraction."
RCHRES,HYDR-CATEGORY,CEVAP,string,16,20,,,,,,,,,"*** If a category tag is given, evaporation is taken first from the
*** specified category. If an integer is given, then that number of
*** categories will be specified in Table-Type HYDR-CEVAP. If blank or zero,
*** evaporation will be taken from all active categories according to their
*** current storage fraction."
RCHRES,HYDR-CATEGORY,CFVOL1,string,21,25,,,,,,,,,"*** If a category tag is given, then F(VOL) outflows from this exit will be
*** taken from the specified category first. If an integer is given, then
*** that number of categories will be specified in Table-type HYDR-CFVOL for
*** that exit. If blank or 0, outflows will be taken from all active
*** categories according to their current storage fraction."
RCHRES,HYDR-CATEGORY,CFVOL2,string,26,30,,,,,,,,,"*** If a category tag is given, then F(VOL) outflows from this exit will be
*** taken from the specified category first. If an integer is given, then
*** that number of categories will be specified in Table-type HYDR-CFVOL for
*** that exit. If blank or 0, outflows will be taken from all active
*** categories according to their current storage fraction."
RCHRES,HYDR-CATEGORY,CFVOL3,string,31,35,,,,,,,,,"*** If a category tag is given, then F(VOL) outflows from this exit will be
*** taken from the specified category first. If an integer is given, then
*** that number of categories will be specified in Table-type HYDR-CFVOL for
*** that exit. If blank or 0, outflows will be taken from all active
*** categories according to their current storage fraction."
RCHRES,HYDR-CATEGORY,CFVOL4,string,36,40,,,,,,,,,"*** If a category tag is given, then F(VOL) outflows from this exit will be
*** taken from the specified category first. If an integer is given, then
*** that number of categories will be specified in Table-type HYDR-CFVOL for
*** that exit. If blank or 0, outflows will be taken from all active
*** categories according to their current storage fraction."
RCHRES,HYDR-CATEGORY,CFVOL5,string,41,45,,,,,,,,,"*** If a category tag is given, then F(VOL) outflows from this exit will be
*** taken from the specified category first. If an integer is given, then
*** that number of categories will be specified in Table-type HYDR-CFVOL for
*** that exit. If blank or 0, outflows will be taken from all active
*** categories according to their current storage fraction."
RCHRES,HYDR-CATEGORY,NOCGT,int,45,50,,0,0,20,0,0,20,,*** Number of category G(T) demands to be specified in Table-Type HYDR-CDEMAND.
RCHRES,HYDR-CDEMAND,OPNID,int,0,5,,,,,,,,,*** RCHRES to which these data apply.
RCHRES,HYDR-CDEMAND,OPNIDLAST,int,5,10,,,,,,,,,*** RCHRES to which these data apply.
RCHRES,HYDR-CDEMAND,CTAG1_CDEMAND,string,12,14,,,,,,,,,*** Category for this fraction.
RCHRES,HYDR-CDEMAND,CEXIT1_CDEMAND,int,14,16,,0,0,5,0,0,5,,*** Exit from which this demand is drawn.
RCHRES,HYDR-CDEMAND,CPRI1YR,int,17,21,,,,,,,,,"*** Priority of this category. This can be either a real number or a date in
*** the format ' YYYY/MM/DD '. Earlier dates are higher priority. Blank or
*** zero priority is considered lowest priority."
RCHRES,HYDR-CDEMAND,CPRI1MO,int,22,24,,1,1,12,1,1,12,,*** Initial value of the COTDGT timeseries.
RCHRES,HYDR-CDEMAND,CPRI1DY,int,25,27,,1,1,31,1,1,31,,*** Category for this fraction.
RCHRES,HYDR-CDEMAND,CDEM1,float,28,34,,0,0,,0,0,,,*** Exit from which this demand is drawn.
RCHRES,HYDR-CDEMAND,CTAG2_CDEMAND,string,36,38,,,,,,,,,*** Category for this fraction.
RCHRES,HYDR-CDEMAND,CEXIT2_CDEMAND,int,38,40,,0,0,5,0,0,5,,*** Exit from which this demand is drawn.
RCHRES,HYDR-CDEMAND,CPRI2YR,int,41,45,,,,,,,,,"*** Priority of this category. This can be either a real number or a date in
*** the format ' YYYY/MM/DD '. Earlier dates are higher priority. Blank or
*** zero priority is considered lowest priority."
RCHRES,HYDR-CDEMAND,CPRI2MO,int,46,48,,1,1,12,1,1,12,,*** Initial value of the COTDGT timeseries.
RCHRES,HYDR-CDEMAND,CPRI2DY,int,49,51,,1,1,31,1,1,31,,*** Category for this fraction.
RCHRES,HYDR-CDEMAND,CDEM2,float,52,58,,0,0,,0,0,,,*** Exit from which this demand is drawn.
RCHRES,HYDR-CEVAP,OPNID,int,0,5,,,,,,,,,*** RCHRES to which these data apply.
RCHRES,HYDR-CEVAP,OPNIDLAST,int,5,10,,,,,,,,,*** RCHRES to which these data apply.
RCHRES,HYDR-CEVAP,CTAG1_CEVAP,string,10,14,,,,,,,,,*** Category for this fraction.
RCHRES,HYDR-CEVAP,CPRI1_CEVAP,float,14,17,,0,0,,0,0,,,*** Priority of this category.
RCHRES,HYDR-CEVAP,CEVAP1,float,17,23,,0,0,1,0,0,1,,"*** Fraction of evaporation which is taken from specified category at this
*** priority level."
RCHRES,HYDR-CEVAP,CTAG2_CEVAP,string,23,27,,,,,,,,,*** Category for this fraction.
RCHRES,HYDR-CEVAP,CPRI2_CEVAP,float,27,30,,0,0,,0,0,,,*** Priority of this category.
RCHRES,HYDR-CEVAP,CEVAP2,float,30,36,,0,0,1,0,0,1,,"*** Fraction of evaporation which is taken from specified category at this
*** priority level."
RCHRES,HYDR-CEVAP,CTAG3_CEVAP,string,36,40,,,,,,,,,*** Category for this fraction.
RCHRES,HYDR-CEVAP,CPRI3_CEVAP,float,40,43,,0,0,,0,0,,,*** Priority of this category.
RCHRES,HYDR-CEVAP,CEVAP3,float,43,49,,0,0,1,0,0,1,,"*** Fraction of evaporation which is taken from specified category at this
*** priority level."
RCHRES,HYDR-CEVAP,CTAG4_CEVAP,string,49,53,,,,,,,,,*** Category for this fraction.
RCHRES,HYDR-CEVAP,CPRI4_CEVAP,float,53,56,,0,0,,0,0,,,*** Priority of this category.
RCHRES,HYDR-CEVAP,CEVAP4,float,56,62,,0,0,1,0,0,1,,"*** Fraction of evaporation which is taken from specified category at this
*** priority level."
RCHRES,HYDR-CEVAP,CTAG5_CEVAP,string,62,66,,,,,,,,,*** Category for this fraction.
RCHRES,HYDR-CEVAP,CPRI5_CEVAP,float,66,69,,0,0,,0,0,,,*** Priority of this category.
RCHRES,HYDR-CEVAP,CEVAP5,float,69,75,,0,0,1,0,0,1,,"*** Fraction of evaporation which is taken from specified category at this
*** priority level."
RCHRES,HYDR-CFVOL,OPNID,int,0,5,,,,,,,,,*** RCHRES to which these data apply.
RCHRES,HYDR-CFVOL,OPNIDLAST,int,5,10,,,,,,,,,*** RCHRES to which these data apply.
RCHRES,HYDR-CFVOL,CTAG1_CFVOL,string,10,14,,,,,,,,,*** Category for this fraction.
RCHRES,HYDR-CFVOL,CEXIT1_CFVOL,float,14,16,,0,0,5,0,0,5,,*** Exit to which this priority applies.
RCHRES,HYDR-CFVOL,CPRI1,float,16,19,,0,0,,0,0,,,*** Priority of this category.
RCHRES,HYDR-CFVOL,CFVOL1,float,19,25,,0,0,1,0,0,1,,"*** Fraction of FVOL flow which is taken from specified category at this
*** priority level."
RCHRES,HYDR-CFVOL,CTAG2_CFVOL,string,25,29,,,,,,,,,*** Category for this fraction.
RCHRES,HYDR-CFVOL,CEXIT2_CFVOL,float,29,31,,0,0,5,0,0,5,,*** Exit to which this priority applies.
RCHRES,HYDR-CFVOL,CPRI2,float,31,34,,0,0,,0,0,,,*** Priority of this category.
RCHRES,HYDR-CFVOL,CFVOL2,float,34,40,,0,0,1,0,0,1,,"*** Fraction of FVOL flow which is taken from specified category at this
*** priority level."
RCHRES,HYDR-CFVOL,CTAG3_CFVOL,string,40,44,,,,,,,,,*** Category for this fraction.
RCHRES,HYDR-CFVOL,CEXIT3_CFVOL,float,44,46,,0,0,5,0,0,5,,*** Exit to which this priority applies.
RCHRES,HYDR-CFVOL,CPRI3,float,46,49,,0,0,,0,0,,,*** Priority of this category.
RCHRES,HYDR-CFVOL,CFVOL3,float,49,55,,0,0,1,0,0,1,,"*** Fraction of FVOL flow which is taken from specified category at this
*** priority level."
RCHRES,HYDR-CFVOL,CTAG4_CFVOL,string,55,59,,,,,,,,,*** Category for this fraction.
RCHRES,HYDR-CFVOL,CEXIT4_CFVOL,float,59,61,,0,0,5,0,0,5,,*** Exit to which this priority applies.
RCHRES,HYDR-CFVOL,CPRI4,float,61,64,,0,0,,0,0,,,*** Priority of this category.
RCHRES,HYDR-CFVOL,CFVOL,float,64,70,,0,0,1,0,0,1,,"*** Fraction of FVOL flow which is taken from specified category at this
*** priority level."
RCHRES,HYDR-CINIT,OPNID,int,0,5,,,,,,,,,*** RCHRES to which these data apply.
RCHRES,HYDR-CINIT,OPNIDLAST,int,5,10,,,,,,,,,*** RCHRES to which these data apply.
RCHRES,HYDR-CINIT,CTAG1_CINIT,string,10,14,,,,,,,,,*** Category for this fraction.
RCHRES,HYDR-CINIT,CFRAC1,float,14,20,,0,0,1,0,0,1,,"*** Fraction of initial storage VOL in Table-type HYDR-INIT which belongs to
*** specified category."
RCHRES,HYDR-CINIT,CTAG2_CINIT,string,20,24,,,,,,,,,*** Category for this fraction.
RCHRES,HYDR-CINIT,CFRAC2,float,24,30,,0,0,1,0,0,1,,"*** Fraction of initial storage VOL in Table-type HYDR-INIT which belongs to
*** specified category."
RCHRES,HYDR-CINIT,CTAG3_CINIT,string,30,34,,,,,,,,,*** Category for this fraction.
RCHRES,HYDR-CINIT,CFRAC3,float,34,40,,0,0,1,0,0,1,,"*** Fraction of initial storage VOL in Table-type HYDR-INIT which belongs to
*** specified category."
RCHRES,HYDR-CINIT,CTAG4_CINIT,string,40,44,,,,,,,,,*** Category for this fraction.
RCHRES,HYDR-CINIT,CFRAC4,float,44,50,,0,0,1,0,0,1,,"*** Fraction of initial storage VOL in Table-type HYDR-INIT which belongs to
*** specified category."
RCHRES,HYDR-CINIT,CTAG5_CINIT,string,50,54,,,,,,,,,*** Category for this fraction.
RCHRES,HYDR-CINIT,CFRAC5,float,54,60,,0,0,1,0,0,1,,"*** Fraction of initial storage VOL in Table-type HYDR-INIT which belongs to
*** specified category."
RCHRES,HYDR-CINIT,CTAG6_CINIT,string,60,64,,,,,,,,,*** Category for this fraction.
RCHRES,HYDR-CINIT,CFRAC6,float,64,70,,0,0,1,0,0,1,,"*** Fraction of initial storage VOL in Table-type HYDR-INIT which belongs to
*** specified category."
RCHRES,HYDR-CINIT,CTAG7_CINIT,string,70,74,,,,,,,,,*** Category for this fraction.
RCHRES,HYDR-CINIT,CFRAC7,float,74,80,,0,0,1,0,0,1,,"*** Fraction of initial storage VOL in Table-type HYDR-INIT which belongs to
*** specified category."
RCHRES,HYDR-CPREC,OPNID,int,0,5,,,,,,,,,*** RCHRES to which these data apply.
RCHRES,HYDR-CPREC,OPNIDLAST,int,5,10,,,,,,,,,*** RCHRES to which these data apply.
RCHRES,HYDR-CPREC,CTAG1_CPREC,string,10,14,,,,,,,,,*** Category for this fraction.
RCHRES,HYDR-CPREC,CPREC1,float,14,20,,0,0,1,0,0,1,,*** Fraction of precipitation which is added to specified category.
RCHRES,HYDR-CPREC,CTAG2_CPREC,string,20,24,,,,,,,,,*** Category for this fraction.
RCHRES,HYDR-CPREC,CPREC2,float,24,30,,0,0,1,0,0,1,,*** Fraction of precipitation which is added to specified category.
RCHRES,HYDR-CPREC,CTAG3_CPREC,string,30,34,,,,,,,,,*** Category for this fraction.
RCHRES,HYDR-CPREC,CPREC3,float,34,40,,0,0,1,0,0,1,,*** Fraction of precipitation which is added to specified category.
RCHRES,HYDR-CPREC,CTAG4_CPREC,string,40,44,,,,,,,,,*** Category for this fraction.
RCHRES,HYDR-CPREC,CPREC4,float,44,50,,0,0,1,0,0,1,,*** Fraction of precipitation which is added to specified category.
RCHRES,HYDR-CPREC,CTAG5_CPREC,string,50,54,,,,,,,,,*** Category for this fraction.
RCHRES,HYDR-CPREC,CPREC5,float,54,60,,0,0,1,0,0,1,,*** Fraction of precipitation which is added to specified category.
RCHRES,HYDR-CPREC,CTAG6_CPREC,string,60,64,,,,,,,,,*** Category for this fraction.
RCHRES,HYDR-CPREC,CPREC6,float,64,70,,0,0,1,0,0,1,,*** Fraction of precipitation which is added to specified category.
RCHRES,HYDR-CPREC,CTAG7_CPREC,string,70,74,,,,,,,,,*** Category for this fraction.
RCHRES,HYDR-CPREC,CPREC7,float,74,80,,0,0,1,0,0,1,,*** Fraction of precipitation which is added to specified category.
RCHRES,HYDR-INIT,OPNID,int,0,5,,,,,,,,,*** RCHRES to which these data apply.
RCHRES,HYDR-INIT,OPNIDLAST,int,5,10,,,,,,,,,*** RCHRES to which these data apply.
RCHRES,HYDR-INIT,VOL,float,10,20,,0,0,,0,0,,,*** VOL is the initial volume of water in the RCHRES.
RCHRES,HYDR-INIT,ICAT,float,21,25,,,,,,,,,*** ICAT is the initial category of water in the RCHRES.
RCHRES,HYDR-INIT,COLIN1,float,25,30,,4,4,8,4,4,8,,"*** The value of COLIN1 for an exit indicates the pair of columns used to
*** evaluate the initial value of the F(VOL) component of outflow demand for
*** the exit."
RCHRES,HYDR-INIT,COLIN2,float,30,35,,4,4,8,4,4,8,,*** See help for COLIN1.
RCHRES,HYDR-INIT,COLIN3,float,35,40,,4,4,8,4,4,8,,*** See help for COLIN1.
RCHRES,HYDR-INIT,COLIN4,float,40,45,,4,4,8,4,4,8,,*** See help for COLIN1.
RCHRES,HYDR-INIT,COLIN5,float,45,50,,4,4,8,4,4,8,,*** See help for COLIN1.
RCHRES,HYDR-INIT,OUTDG1,float,55,60,,0,0,,0,0,,,"*** The array OUTDG1 specifies the G(T) component of the initial outflow
*** demand for each exit from the RCHRES."
RCHRES,HYDR-INIT,OUTDG2,float,60,65,,0,0,,0,0,,,*** See help for OUTDG1.
RCHRES,HYDR-INIT,OUTDG3,float,65,70,,0,0,,0,0,,,*** See help for OUTDG1.
RCHRES,HYDR-INIT,OUTDG4,float,70,75,,0,0,,0,0,,,*** See help for OUTDG1.
RCHRES,HYDR-INIT,OUTDG5,float,75,80,,0,0,,0,0,,,*** See help for OUTDG1.
RCHRES,HYDR-IRRIG,OPNID,int,0,5,,,,,,,,,*** RCHRES to which these data apply.
RCHRES,HYDR-IRRIG,OPNIDLAST,int,5,10,,,,,,,,,*** RCHRES to which these data apply.
RCHRES,HYDR-IRRIG,IREXIT,float,10,20,,0,0,5,0,0,5,,"*** IREXIT is the exit number that will be used for irrigation withdrawals.
*** This exit should have no other demands, such as f(VOL) or g(t)."
RCHRES,HYDR-IRRIG,IRMINV,float,20,30,,0,0,,0,0,,,"*** IRMINV is a floor value for VOL below which no irrigation withdrawals
*** may be made."
RCHRES,HYDR-PARM1,OPNID,int,0,5,,,,,,,,,*** RCHRES to which these data apply.
RCHRES,HYDR-PARM1,OPNIDLAST,int,5,10,,,,,,,,,*** RCHRES to which these data apply.
RCHRES,HYDR-PARM1,VCONFG,int,12,15,,0,0,1,0,0,1,,"*** A value of 1 for VCONFG means that F(VOL) outflow demand components are
*** multiplied by a factor which is allowed to vary."
RCHRES,HYDR-PARM1,AUX1FG,int,15,18,,0,0,2,0,0,2,,"*** A value of 1 for AUX1FG means subroutine AUXIL will be called to compute
*** depth, stage, surface area, average depth, and topwidth, and values for
*** these parameters will be reported in the printout. A value of 0
*** supresses the calculation and printout of this information. A value of 2
*** forces AUXIL to compute the variables even if VOL=0."
RCHRES,HYDR-PARM1,AUX2FG,int,18,21,,0,0,1,0,0,1,,"*** A value of 1 for AUX2FG means average velocity and average cross
*** sectional area will be calculated, and values for these parameters will
*** be reported in the printout. A value of 0 supresses the calculation and
*** printout of this information. If AUX2FG is 1, AUX1FG must also be
*** 1."
RCHRES,HYDR-PARM1,AUX3FG,int,22,25,,0,0,1,0,0,1,,"*** A value of 1 for AUX3FG means the shear velocity and bed shear stress
*** will be calculated. These are used in the calculation of deposition and
*** scour of sediment (inorganic and organic). AUX3FG may only be turned ON
*** (=1) if AUX1FG and AUX2FG are also =1."
RCHRES,HYDR-PARM1,ODFVF1,int,25,28,,0,-5,8,0,-5,8,,"*** The value specified for ODFVF1 determines the F(VOL) component of the
*** outflow demand. A value of 0 means that the outflow demand does not have
*** a volume dependent component. A value greater than 0 indicates the
*** column number in RCHTAB which contains the F(VOL) component. If the
*** value specified for ODFVF1 is less than 0, the absolute value indicates
*** the element of array COLIND( ) which defines a pair of columns in RCHTAB
*** which are used to evaluate the F(VOL) component. Further explanation of
*** this latter option is provided in the functional description of the HYDR
*** section in Part E. A value of ODFVF1 can be specified for each exit from
*** a RCHRES."
RCHRES,HYDR-PARM1,ODFVF2,int,28,31,,0,-5,8,0,-5,8,,*** See help for ODFVF1.
RCHRES,HYDR-PARM1,ODFVF3,int,31,34,,0,-5,8,0,-5,8,,*** See help for ODFVF1.
RCHRES,HYDR-PARM1,ODFVF4,int,34,37,,0,-5,8,0,-5,8,,*** See help for ODFVF1.
RCHRES,HYDR-PARM1,ODFVF5,int,37,40,,0,-5,8,0,-5,8,,*** See help for ODFVF1.
RCHRES,HYDR-PARM1,ODGTF1,int,45,48,,0,-5,5,0,-5,5,,"*** The value specified for ODGTF1 determines the G(T) component of the
*** outflow demand. A value of 0 means that the outflow demand does not have
*** such a component. A value greater than 0 indicates the element number of
*** the array OUTDGT( ) which contains the G(T) component. A value of ODGTF1
*** can be specified for each exit from a RCHRES."
RCHRES,HYDR-PARM1,ODGTF2,int,48,51,,0,-5,5,0,-5,5,,*** See help for ODGTF1.
RCHRES,HYDR-PARM1,ODGTF3,int,51,54,,0,-5,5,0,-5,5,,*** See help for ODGTF1.
RCHRES,HYDR-PARM1,ODGTF4,int,54,57,,0,-5,5,0,-5,5,,*** See help for ODGTF1.
RCHRES,HYDR-PARM1,ODGTF5,int,57,60,,0,-5,5,0,-5,5,,*** See help for ODGTF1.
RCHRES,HYDR-PARM1,FUNCT1,int,65,68,,1,1,4,1,1,4,,"*** FUNCT1 determines the function used to combine the components of an
*** outflow demand; 1 means use the smaller of F(VOL) and G(T), 2 means use
*** the larger of F(VOL) and G(T), and 3 means use the sum of F(VOL) and
*** G(T)."
RCHRES,HYDR-PARM1,FUNCT2,int,68,71,,1,1,4,1,1,4,,*** See help for FUNCT1.
RCHRES,HYDR-PARM1,FUNCT3,int,71,74,,1,1,4,1,1,4,,*** See help for FUNCT1.
RCHRES,HYDR-PARM1,FUNCT4,int,74,77,,1,1,4,1,1,4,,*** See help for FUNCT1.
RCHRES,HYDR-PARM1,FUNCT5,int,77,80,,1,1,4,1,1,4,,*** See help for FUNCT1.
RCHRES,HYDR-PARM2,OPNID,int,0,5,,,,,,,,,*** RCHRES to which these data apply.
RCHRES,HYDR-PARM2,OPNIDLAST,int,5,10,,,,,,,,,*** RCHRES to which these data apply.
RCHRES,HYDR-PARM2,FTBW,int,10,15,,0,0,999,0,0,999,,"*** FTBU is the user's number for the F-Table which contains the geometric
*** and hydraulic properties of the RCHRES. If FTBW is zero, the F-Table is
*** found in the FTABLES Block. If FTBW is positive, then FTBU is the number
*** of the table within that dataset."
RCHRES,HYDR-PARM2,FTBUCI,int,15,20,,,,,,,,,"*** FTBU is the user's number for the F-Table which contains the geometric
*** and hydraulic properties of the RCHRES. If FTBW is zero, the F-Table is
*** found in the FTABLES Block. If FTBW is positive, then FTBU is the number
*** of the table within that dataset."
RCHRES,HYDR-PARM2,LEN,float,20,30,,,0.016,,,0.01,,,*** LEN is the length of the RCHRES.
RCHRES,HYDR-PARM2,DELTH,float,30,40,,0,0,,0,0,,,"*** DELTH is the drop in water elevation from the upstream to the downstream
*** extremities of the RCHRES. (It is used if section OXRX is active and
*** reaeration is being computed using the Tsivoglou-Wallace equation; or if
*** section SEDTRN is active and sandload transport capacity is being
*** computed using either the Toffaleti or Colby method. )"
RCHRES,HYDR-PARM2,STCOR,float,40,50,,0,,,0,,,,"*** STCOR is the correction to the RCHRES depth to calculate stage. (Depth +
*** STCOR = Stage)"
RCHRES,HYDR-PARM2,KS,float,50,60,,0,0,0.99,0,0,0.99,,"*** KS is the weighting factor for hydraulic routing. Choice of a realistic
*** KS value is discussed in the functional description of the HYDR section
*** in Part E."
RCHRES,HYDR-PARM2,DB50,float,60,70,,0.25,0.0025,2500,0.01,0.0001,100,,"*** DB50 is the median diameter of the bed sediment (assumed constant
*** throughout the run). This value is used to calculate the bed shear
*** stress if the RCHRES is a lake, or calculate the rate of sand transport
*** if the Colby or Toffaleti methods are used."
RCHRES,HYDR-PARM2,LKFG,int,80,85,,0,0,1,0,0,1,,*** in hsp2 copied from GEN-INFO
RCHRES,HYDR-PARM2,NEXITS,int,85,90,,1,1,5,1,1,5,,*** in hsp2 copied from GEN-INFO
RCHRES,MON-BINV,OPNID,int,0,5,,,,,,,,,*** RCHRES to which these data apply.
RCHRES,MON-BINV,OPNIDLAST,int,5,10,,,,,,,,,*** RCHRES to which these data apply.
RCHRES,MON-BINV,BINVM1,float,10,15,,0,0,,0,0,,,"*** BINVM(1) through BINVM(12) are monthly values of benthic invertebrate
*** density."
RCHRES,MON-BINV,BINVM2,float,15,20,,0,0,,0,0,,,
RCHRES,MON-BINV,BINVM3,float,20,25,,0,0,,0,0,,,
RCHRES,MON-BINV,BINVM4,float,25,30,,0,0,,0,0,,,
RCHRES,MON-BINV,BINVM5,float,30,35,,0,0,,0,0,,,
RCHRES,MON-BINV,BINVM6,float,35,40,,0,0,,0,0,,,
RCHRES,MON-BINV,BINVM7,float,40,45,,0,0,,0,0,,,
RCHRES,MON-BINV,BINVM8,float,45,50,,0,0,,0,0,,,
RCHRES,MON-BINV,BINVM9,float,50,55,,0,0,,0,0,,,
RCHRES,MON-BINV,BINVM10,float,55,60,,0,0,,0,0,,,
RCHRES,MON-BINV,BINVM11,float,60,65,,0,0,,0,0,,,
RCHRES,MON-BINV,BINVM12,float,65,70,,0,0,,0,0,,,
RCHRES,MON-BIO,OPNID,int,0,5,,,,,,,,,*** RCHRES to which these data apply.
RCHRES,MON-BIO,OPNIDLAST,int,5,10,,,,,,,,,*** RCHRES to which these data apply.
RCHRES,MON-BIO,BIOM1,float,10,15,,,0.00001,,,0.00001,,,"*** BIOM(1) through BIOM(12) are monthly concentrations of biomass causing
*** biodegradation of qual."
RCHRES,MON-BIO,BIOM2,float,15,20,,,0.00001,,,0.00001,,,
RCHRES,MON-BIO,BIOM3,float,20,25,,,0.00001,,,0.00001,,,
RCHRES,MON-BIO,BIOM4,float,25,30,,,0.00001,,,0.00001,,,
RCHRES,MON-BIO,BIOM5,float,30,35,,,0.00001,,,0.00001,,,
RCHRES,MON-BIO,BIOM6,float,35,40,,,0.00001,,,0.00001,,,
RCHRES,MON-BIO,BIOM7,float,40,45,,,0.00001,,,0.00001,,,
RCHRES,MON-BIO,BIOM8,float,45,50,,,0.00001,,,0.00001,,,
RCHRES,MON-BIO,BIOM9,float,50,55,,,0.00001,,,0.00001,,,
RCHRES,MON-BIO,BIOM10,float,55,60,,,0.00001,,,0.00001,,,
RCHRES,MON-BIO,BIOM11,float,60,65,,,0.00001,,,0.00001,,,
RCHRES,MON-BIO,BIOM12,float,65,70,,,0.00001,,,0.00001,,,
RCHRES,MON-CLOUD,OPNID,int,0,5,,,,,,,,,*** RCHRES to which these data apply.
RCHRES,MON-CLOUD,OPNIDLAST,int,5,10,,,,,,,,,*** RCHRES to which these data apply.
RCHRES,MON-CLOUD,CLDM1,float,10,15,,0,0,10,0,0,10,,*** CLDM(1) through CLDM(12) are monthly values of average cloud cov
RCHRES,MON-CLOUD,CLDM2,float,15,20,,0,0,10,0,0,10,,
RCHRES,MON-CLOUD,CLDM3,float,20,25,,0,0,10,0,0,10,,
RCHRES,MON-CLOUD,CLDM4,float,25,30,,0,0,10,0,0,10,,
RCHRES,MON-CLOUD,CLDM5,float,30,35,,0,0,10,0,0,10,,
RCHRES,MON-CLOUD,CLDM6,float,35,40,,0,0,10,0,0,10,,
RCHRES,MON-CLOUD,CLDM7,float,40,45,,0,0,10,0,0,10,,
RCHRES,MON-CLOUD,CLDM8,float,45,50,,0,0,10,0,0,10,,
RCHRES,MON-CLOUD,CLDM9,float,50,55,,0,0,10,0,0,10,,
RCHRES,MON-CLOUD,CLDM10,float,55,60,,0,0,10,0,0,10,,
RCHRES,MON-CLOUD,CLDM11,float,60,65,,0,0,10,0,0,10,,
RCHRES,MON-CLOUD,CLDM12,float,65,70,,0,0,10,0,0,10,,
RCHRES,MON-CONVF,OPNID,int,0,5,,,,,,,,,*** RCHRES to which these data apply.
RCHRES,MON-CONVF,OPNIDLAST,int,5,10,,,,,,,,,*** RCHRES to which these data apply.
RCHRES,MON-CONVF,VOLJAN,float,10,15,,0,0,,0,0,,,*** Value of F(VOL) adjustment factor at start of January.
RCHRES,MON-CONVF,VOLFEB,float,15,20,,0,0,,0,0,,,
RCHRES,MON-CONVF,VOLMAR,float,20,25,,0,0,,0,0,,,
RCHRES,MON-CONVF,VOLAPR,float,25,30,,0,0,,0,0,,,
RCHRES,MON-CONVF,VOLMAY,float,30,35,,0,0,,0,0,,,
RCHRES,MON-CONVF,VOLJUN,float,35,40,,0,0,,0,0,,,
RCHRES,MON-CONVF,VOLJUL,float,40,45,,0,0,,0,0,,,
RCHRES,MON-CONVF,VOLAUG,float,45,50,,0,0,,0,0,,,
RCHRES,MON-CONVF,VOLSEP,float,50,55,,0,0,,0,0,,,
RCHRES,MON-CONVF,VOLOCT,float,55,60,,0,0,,0,0,,,
RCHRES,MON-CONVF,VOLNOV,float,60,65,,0,0,,0,0,,,
RCHRES,MON-CONVF,VOLDEC,float,65,70,,0,0,,0,0,,,
RCHRES,MON-HT-TGRND,OPNID,int,0,5,,,,,,,,,*** RCHRES to which these data apply.
RCHRES,MON-HT-TGRND,OPNIDLAST,int,5,10,,,,,,,,,*** RCHRES to which these data apply.
RCHRES,MON-HT-TGRND,TGRND1,float,10,15,,,-10,45,,14,113,,*** TGRND1 is the ground temperature in January.
RCHRES,MON-HT-TGRND,TGRND2,float,15,20,,,-10,45,,14,113,,
RCHRES,MON-HT-TGRND,TGRND3,float,20,25,,,-10,45,,14,113,,
RCHRES,MON-HT-TGRND,TGRND4,float,25,30,,,-10,45,,14,113,,
RCHRES,MON-HT-TGRND,TGRND5,float,30,35,,,-10,45,,14,113,,
RCHRES,MON-HT-TGRND,TGRND6,float,35,40,,,-10,45,,14,113,,
RCHRES,MON-HT-TGRND,TGRND7,float,40,45,,,-10,45,,14,113,,
RCHRES,MON-HT-TGRND,TGRND8,float,45,50,,,-10,45,,14,113,,
RCHRES,MON-HT-TGRND,TGRND9,float,50,55,,,-10,45,,14,113,,
RCHRES,MON-HT-TGRND,TGRND10,float,55,60,,,-10,45,,14,113,,
RCHRES,MON-HT-TGRND,TGRND11,float,60,65,,,-10,45,,14,113,,
RCHRES,MON-HT-TGRND,TGRND12,float,65,70,,,-10,45,,14,113,,
RCHRES,MON-PHVAL,OPNID,int,0,5,,,,,,,,,*** RCHRES to which these data apply.
RCHRES,MON-PHVAL,OPNIDLAST,int,5,10,,,,,,,,,*** RCHRES to which these data apply.
RCHRES,MON-PHVAL,PHVA1,float,10,15,,7,1,14,7,1,14,,*** PHVA1 is the value of pH in January.
RCHRES,MON-PHVAL,PHVA2,float,15,20,,7,1,14,7,1,14,,
RCHRES,MON-PHVAL,PHVA3,float,20,25,,7,1,14,7,1,14,,
RCHRES,MON-PHVAL,PHVA4,float,25,30,,7,1,14,7,1,14,,
RCHRES,MON-PHVAL,PHVA5,float,30,35,,7,1,14,7,1,14,,
RCHRES,MON-PHVAL,PHVA6,float,35,40,,7,1,14,7,1,14,,
RCHRES,MON-PHVAL,PHVA7,float,40,45,,7,1,14,7,1,14,,
RCHRES,MON-PHVAL,PHVA8,float,45,50,,7,1,14,7,1,14,,
RCHRES,MON-PHVAL,PHVA9,float,50,55,,7,1,14,7,1,14,,
RCHRES,MON-PHVAL,PHVA10,float,55,60,,7,1,14,7,1,14,,
RCHRES,MON-PHVAL,PHVA11,float,60,65,,7,1,14,7,1,14,,
RCHRES,MON-PHVAL,PHVA12,float,65,70,,7,1,14,7,1,14,,
RCHRES,MON-PHYTO,OPNID,int,0,5,,,,,,,,,*** RCHRES to which these data apply.
RCHRES,MON-PHYTO,OPNIDLAST,int,5,10,,,,,,,,,*** RCHRES to which these data apply.
RCHRES,MON-PHYTO,PHYM1,float,10,15,,0,0,,0,0,,,*** PHYM(1) through PHYM(12) are monthly values of phytoplankton concentration.
RCHRES,MON-PHYTO,PHYM2,float,15,20,,0,0,,0,0,,,
RCHRES,MON-PHYTO,PHYM3,float,20,25,,0,0,,0,0,,,
RCHRES,MON-PHYTO,PHYM4,float,25,30,,0,0,,0,0,,,
RCHRES,MON-PHYTO,PHYM5,float,30,35,,0,0,,0,0,,,
RCHRES,MON-PHYTO,PHYM6,float,35,40,,0,0,,0,0,,,
RCHRES,MON-PHYTO,PHYM7,float,40,45,,0,0,,0,0,,,
RCHRES,MON-PHYTO,PHYM8,float,45,50,,0,0,,0,0,,,
RCHRES,MON-PHYTO,PHYM9,float,50,55,,0,0,,0,0,,,
RCHRES,MON-PHYTO,PHYM10,float,55,60,,0,0,,0,0,,,
RCHRES,MON-PHYTO,PHYM11,float,60,65,,0,0,,0,0,,,
RCHRES,MON-PHYTO,PHYM12,float,65,70,,0,0,,0,0,,,
RCHRES,MON-ROXYGEN,OPNID,int,0,5,,,,,,,,,*** RCHRES to which these data apply.
RCHRES,MON-ROXYGEN,OPNIDLAST,int,5,10,,,,,,,,,*** RCHRES to which these data apply.
RCHRES,MON-ROXYGEN,ROCM1,float,10,15,,0,0,,0,0,,,*** ROCM1 is the value of free radical oxygen concentration in January.
RCHRES,MON-ROXYGEN,ROCM2,float,15,20,,0,0,,0,0,,,
RCHRES,MON-ROXYGEN,ROCM3,float,20,25,,0,0,,0,0,,,
RCHRES,MON-ROXYGEN,ROCM4,float,25,30,,0,0,,0,0,,,
RCHRES,MON-ROXYGEN,ROCM5,float,30,35,,0,0,,0,0,,,
RCHRES,MON-ROXYGEN,ROCM6,float,35,40,,0,0,,0,0,,,
RCHRES,MON-ROXYGEN,ROCM7,float,40,45,,0,0,,0,0,,,
RCHRES,MON-ROXYGEN,ROCM8,float,45,50,,0,0,,0,0,,,
RCHRES,MON-ROXYGEN,ROCM9,float,50,55,,0,0,,0,0,,,
RCHRES,MON-ROXYGEN,ROCM10,float,55,60,,0,0,,0,0,,,
RCHRES,MON-ROXYGEN,ROCM11,float,60,65,,0,0,,0,0,,,
RCHRES,MON-ROXYGEN,ROCM12,float,65,70,,0,0,,0,0,,,
RCHRES,MON-SEDCONC,OPNID,int,0,5,,,,,,,,,*** RCHRES to which these data apply.
RCHRES,MON-SEDCONC,OPNIDLAST,int,5,10,,,,,,,,,*** RCHRES to which these data apply.
RCHRES,MON-SEDCONC,SDCN1,float,10,15,,0,0,,0,0,,,"*** SDCN(1) through SDCN(12) are monthly average suspended sediment
*** concentration values."
RCHRES,MON-SEDCONC,SDCN2,float,15,20,,0,0,,0,0,,,
RCHRES,MON-SEDCONC,SDCN3,float,20,25,,0,0,,0,0,,,
RCHRES,MON-SEDCONC,SDCN4,float,25,30,,0,0,,0,0,,,
RCHRES,MON-SEDCONC,SDCN5,float,30,35,,0,0,,0,0,,,
RCHRES,MON-SEDCONC,SDCN6,float,35,40,,0,0,,0,0,,,
RCHRES,MON-SEDCONC,SDCN7,float,40,45,,0,0,,0,0,,,
RCHRES,MON-SEDCONC,SDCN8,float,45,50,,0,0,,0,0,,,
RCHRES,MON-SEDCONC,SDCN9,float,50,55,,0,0,,0,0,,,
RCHRES,MON-SEDCONC,SDCN10,float,55,60,,0,0,,0,0,,,
RCHRES,MON-SEDCONC,SDCN11,float,60,65,,0,0,,0,0,,,
RCHRES,MON-SEDCONC,SDCN12,float,65,70,,0,0,,0,0,,,
RCHRES,MON-WATEMP,OPNID,int,0,5,,,,,,,,,*** RCHRES to which these data apply.
RCHRES,MON-WATEMP,OPNIDLAST,int,5,10,,,,,,,,,*** RCHRES to which these data apply.
RCHRES,MON-WATEMP,TEMP1,float,10,15,,15.5,0.1,100,60,32,212,,*** TEMP1 is the water temperature in January.
RCHRES,MON-WATEMP,TEMP2,float,15,20,,,,,,,,,
RCHRES,MON-WATEMP,TEMP3,float,20,25,,,,,,,,,
RCHRES,MON-WATEMP,TEMP4,float,25,30,,,,,,,,,
RCHRES,MON-WATEMP,TEMP5,float,30,35,,,,,,,,,
RCHRES,MON-WATEMP,TEMP6,float,35,40,,,,,,,,,
RCHRES,MON-WATEMP,TEMP7,float,40,45,,,,,,,,,
RCHRES,MON-WATEMP,TEMP8,float,45,50,,,,,,,,,
RCHRES,MON-WATEMP,TEMP9,float,50,55,,,,,,,,,
RCHRES,MON-WATEMP,TEMP10,float,55,60,,,,,,,,,
RCHRES,MON-WATEMP,TEMP11,float,60,65,,,,,,,,,
RCHRES,MON-WATEMP,TEMP12,float,65,70,,,,,,,,,
RCHRES,NCONS,OPNID,int,0,5,,,,,,,,,*** RCHRES to which these data apply.
RCHRES,NCONS,OPNIDLAST,int,5,10,,,,,,,,,*** RCHRES to which these data apply.
RCHRES,NCONS,NCONS,int,10,15,,1,1,10,1,1,10,,*** NCONS is the no. of conservative constituents simulated.
RCHRES,NODE-PARM,OPNID,int,0,5,,,,,,,,,*** RCHRES to which these data apply.
RCHRES,NODE-PARM,OPNIDLAST,int,5,10,,,,,,,,,*** RCHRES to which these data apply.
RCHRES,NODE-PARM,NODE,string,16,20,,,,,,,,,*** Node id.
RCHRES,NODE-PARM,NELEV,float,20,30,,0,0,,0,0,,,*** Invert elevation for this node.
RCHRES,NODE-PARM,NMAX,float,30,40,,0,0,,0,0,,,*** Max depth for this node.
RCHRES,NODE-PARM,NDEP,float,40,50,,0,0,,0,0,,,*** Initial depth for this node.
RCHRES,NODE-PARM,NPOND,float,50,60,,0,0,,0,0,,,*** Ponded area for this node.
RCHRES,NODE-PARM,NDWQIN,float,60,65,,0,0,100,0,0,100,,*** Local wq inflow timeseries subscript for this node.
RCHRES,NODE-PARM,NLOC,float,65,70,,0,0,100,0,0,100,,*** Local inflow timeseries subscript for this node.
RCHRES,NUT-AD-FLAGS,OPNID,int,0,5,,,,,,,,,*** RCHRES to which these data apply.
RCHRES,NUT-AD-FLAGS,OPNIDLAST,int,5,10,,,,,,,,,*** RCHRES to which these data apply.
RCHRES,NUT-AD-FLAGS,NUADFG1,int,11,14,,0,-1,999,0,-1,999,,"*** Value of 0 indicates that atmospheric deposition flux of NO3 is either
*** absent or is supplied as a direct time series as NUADFX. A value greater
*** than 0 indicates the index number of the MONTH-DATA block to be used to
*** supply atmospheric deposition data. _PNAME NUADFG(1)"
RCHRES,NUT-AD-FLAGS,NUADFG2,int,14,17,,0,-1,999,0,-1,999,,"*** Value of 0 indicates that concentration of NO3 in precipitation is
*** either absent or is supplied as a direct time series as NUADCN. A value
*** greater than 0 indicates the index number of the MONTH-DATA block to be
*** used to supply atmospheric deposition data. _PNAME NUADFG(2)"
RCHRES,NUT-AD-FLAGS,NUADFG3,int,18,21,,0,-1,999,0,-1,999,,"*** Value of 0 indicates that atmospheric deposition flux of NH3 is either
*** absent or is supplied as a direct time series as NUADFX. A value greater
*** than 0 indicates the index number of the MONTH-DATA block to be used to
*** supply atmospheric deposition data. _PNAME NUADFG(3)"
RCHRES,NUT-AD-FLAGS,NUADFG4,int,21,24,,0,-1,999,0,-1,999,,"*** Value of 0 indicates that concentration of NH3 in precipitation is
*** either absent or is supplied as a direct time series as NUADCN. A value
*** greater than 0 indicates the index number of the MONTH-DATA block to be
*** used to supply atmospheric deposition data. _PNAME NUADFG(4)"
RCHRES,NUT-AD-FLAGS,NUADFG5,int,25,28,,0,-1,999,0,-1,999,,"*** Value of 0 indicates that atmospheric deposition flux of PO4 is either
*** absent or is supplied as a direct time series as NUADFX. A value greater
*** than 0 indicates the index number of the MONTH-DATA block to be used to
*** supply atmospheric deposition data. _PNAME NUADFG(5)"
RCHRES,NUT-AD-FLAGS,NUADFG6,int,28,31,,0,-1,999,0,-1,999,,"*** Value of 0 indicates that concentration of PO4 in precipitation is
*** either absent or is supplied as a direct time series as NUADCN. A value
*** greater than 0 indicates the index number of the MONTH-DATA block to be
*** used to supply atmospheric deposition data. _PNAME NUADFG(6)"
RCHRES,NUT-ADSINIT,OPNID,int,0,5,,,,,,,,,*** RCHRES to which these data apply.
RCHRES,NUT-ADSINIT,OPNIDLAST,int,5,10,,,,,,,,,*** RCHRES to which these data apply.
RCHRES,NUT-ADSINIT,SNH41,float,10,20,,0,0,,0,0,,,"*** SNH4(1) is the initial concentration of NH4-N adsorbed to suspended
*** sand."
RCHRES,NUT-ADSINIT,SNH42,float,20,30,,0,0,,0,0,,,"*** SNH4(2) is the initial concentration of NH4-N adsorbed to suspended
*** silt."
RCHRES,NUT-ADSINIT,SNH43,float,30,40,,0,0,,0,0,,,"*** SNH4(3) is the initial concentration of NH4-N adsorbed to suspended
*** clay."
RCHRES,NUT-ADSINIT,SPO41,float,40,50,,0,0,,0,0,,,"*** SPO4(1) is the initial concentration of PO4-P adsorbed to suspended
*** sand."
RCHRES,NUT-ADSINIT,SPO42,float,50,60,,0,0,,0,0,,,"*** SPO4(2) is the initial concentration of PO4-P adsorbed to suspended
*** silt."
RCHRES,NUT-ADSINIT,SPO43,float,60,70,,0,0,,0,0,,,"*** SPO4(3) is the initial concentration of PO4-P adsorbed to suspended
*** clay."
RCHRES,NUT-ADSPARM,OPNID,int,0,5,,,,,,,,,*** RCHRES to which these data apply.
RCHRES,NUT-ADSPARM,OPNIDLAST,int,5,10,,,,,,,,,*** RCHRES to which these data apply.
RCHRES,NUT-ADSPARM,ADNHPM1,float,10,20,,1E-10,1E-10,,1E-10,1E-10,,,*** ADNHPM(1) is the partition coefficient for NH4-N adsorbed to sand.
RCHRES,NUT-ADSPARM,ADNHPM2,float,20,30,,1E-10,1E-10,,1E-10,1E-10,,,*** ADNHPM(2) is the partition coefficient for NH4-N adsorbed to silt.
RCHRES,NUT-ADSPARM,ADNHPM3,float,30,40,,1E-10,1E-10,,1E-10,1E-10,,,*** ADNHPM(3) is the partition coefficient for NH4-N adsorbed to clay.
RCHRES,NUT-ADSPARM,ADPOPM1,float,40,50,,1E-10,1E-10,,1E-10,1E-10,,,*** ADPOPM(1) is the partition coefficient for PO4-P adsorbed to sand.
RCHRES,NUT-ADSPARM,ADPOPM2,float,50,60,,1E-10,1E-10,,1E-10,1E-10,,,*** ADPOPM(2) is the partition coefficient for PO4-P adsorbed to silt.
RCHRES,NUT-ADSPARM,ADPOPM3,float,60,70,,1E-10,1E-10,,1E-10,1E-10,,,*** ADPOPM(3) is the partition coefficient for PO4-P adsorbed to clay.
RCHRES,NUT-BEDCONC,OPNID,int,0,5,,,,,,,,,*** RCHRES to which these data apply.
RCHRES,NUT-BEDCONC,OPNIDLAST,int,5,10,,,,,,,,,*** RCHRES to which these data apply.
RCHRES,NUT-BEDCONC,BNH41,float,10,20,,0,0,,0,0,,,"*** BNH4(1) is the constant bed concentration of NH4-N adsorbed to
*** sand."
RCHRES,NUT-BEDCONC,BNH42,float,20,30,,0,0,,0,0,,,"*** BNH4(2) is the constant bed concentration of NH4-N adsorbed to
*** silt."
RCHRES,NUT-BEDCONC,BNH43,float,30,40,,0,0,,0,0,,,"*** BNH4(3) is the constant bed concentration of NH4-N adsorbed to
*** clay."
RCHRES,NUT-BEDCONC,BPO41,float,40,50,,0,0,,0,0,,,"*** BPO4(1) is the constant bed concentration of PO4-P adsorbed to
*** sand."
RCHRES,NUT-BEDCONC,BPO42,float,50,60,,0,0,,0,0,,,"*** BPO4(2) is the constant bed concentration of PO4-P adsorbed to
*** silt."
RCHRES,NUT-BEDCONC,BPO43,float,60,70,,0,0,,0,0,,,"*** BPO4(3) is the constant bed concentration of PO4-P adsorbed to
*** clay."
RCHRES,NUT-BENPARM,OPNID,int,0,5,,,,,,,,,*** RCHRES to which these data apply.
RCHRES,NUT-BENPARM,OPNIDLAST,int,5,10,,,,,,,,,*** RCHRES to which these data apply.
RCHRES,NUT-BENPARM,BRNIT1,float,10,20,,0,0,,0,0,,,"*** BRNIT(1) is the benthal release rate of inorganic nitrogen under aerobic
*** conditions."
RCHRES,NUT-BENPARM,BRNIT2,float,20,30,,0,0,,0,0,,,"*** BRNIT(2) is the benthal release rate of inorganic nitrogen under
*** anaerobic conditions."
RCHRES,NUT-BENPARM,BRPO41,float,30,40,,0,0,,0,0,,,"*** BRPO4(1) is the benthal release rate of ortho-phosphate under aerobic
*** conditions."
RCHRES,NUT-BENPARM,BRPO42,float,40,50,,0,0,,0,0,,,"*** BRPO4(2) is the benthal release rate of ortho-phosphate under anaerobic
*** conditions."
RCHRES,NUT-BENPARM,ANAER,float,50,60,,0.005,0.0001,1,0.005,0.0001,1,,"*** ANAER is the concentration of dissolved oxygen below which anaerobic
*** conditions exist."
RCHRES,NUT-DINIT,OPNID,int,0,5,,,,,,,,,*** RCHRES to which these data apply.
RCHRES,NUT-DINIT,OPNIDLAST,int,5,10,,,,,,,,,*** RCHRES to which these data apply.
RCHRES,NUT-DINIT,NO3,float,10,20,,0,0,,0,0,,,*** NO3 is the initial concentration of nitrate (as nitrogen).
RCHRES,NUT-DINIT,TAM,float,20,30,,0,0,,0,0,,,*** TAM is the initial concentration of total ammonia (as N).
RCHRES,NUT-DINIT,NO2,float,30,40,,0,0,,0,0,,,*** NO2 is the initial concentration of nitrite (as nitrogen).
RCHRES,NUT-DINIT,PO4,float,40,50,,0,0,,0,0,,,*** PO4 is the initial concentration of ortho-phosphorus (as phosphorus).
RCHRES,NUT-DINIT,PHVAL,float,50,60,,7,0,14,7,0,14,,*** PHVAL is the constant (annual) or initial value of pH.
RCHRES,NUT-FLAGS,OPNID,int,0,5,,,,,,,,,*** RCHRES to which these data apply.
RCHRES,NUT-FLAGS,OPNIDLAST,int,5,10,,,,,,,,,*** RCHRES to which these data apply.
RCHRES,NUT-FLAGS,NH3FG,int,10,15,,0,0,1,0,0,1,,*** NH3FG: value of 1 means ammonia is simulated.
RCHRES,NUT-FLAGS,NO2FG,int,15,20,,0,0,1,0,0,1,,*** NO2FG: value of 1 means nitrite is simulated.
RCHRES,NUT-FLAGS,PO4FG,int,20,25,,0,0,1,0,0,1,,*** PO4FG: value of 1 means ortho-phosphorus is simulated.
RCHRES,NUT-FLAGS,AMVFG,int,25,30,,0,0,1,0,0,1,,*** AMVFG: value of 1 means ammonia vaporization is simulated.
RCHRES,NUT-FLAGS,DENFG,int,30,35,,0,0,1,0,0,1,,*** DENFG: value of 1 means denitrification is simulated.
RCHRES,NUT-FLAGS,ADNHFG,int,35,40,,0,0,1,0,0,1,,*** ADNHFG: value of 1 means NH4 adsorption is simulated
RCHRES,NUT-FLAGS,ADPOFG,int,40,45,,0,0,1,0,0,1,,*** ADPOFG: value of 1 means PO4 adsorption is simulated
RCHRES,NUT-FLAGS,PHFLAG,int,45,50,,2,1,3,2,1,3,,"*** PHFLAG: value of 1=time series, 2=annual, 3=monthly values"
RCHRES,NUT-NH3VOLAT,OPNID,int,0,5,,,,,,,,,*** RCHRES to which these data apply.
RCHRES,NUT-NH3VOLAT,OPNIDLAST,int,5,10,,,,,,,,,*** RCHRES to which these data apply.
RCHRES,NUT-NH3VOLAT,EXPNVG,float,10,20,,0.5,0.1,2,0.5,0.1,2,,"*** EXPNVG is the exponent in the gas layer mass transfer coefficient
*** equation for NH3 volatilization."
RCHRES,NUT-NH3VOLAT,EXPNVL,float,20,30,,0.6667,0.1,2,0.6667,0.1,2,,"*** EXPNVL is the exponent in the liquid layer mass transfer coefficient
*** equation for NH3 volatilization."
RCHRES,NUT-NITDENIT,OPNID,int,0,5,,,,,,,,,*** RCHRES to which these data apply.
RCHRES,NUT-NITDENIT,OPNIDLAST,int,5,10,,,,,,,,,*** RCHRES to which these data apply.
RCHRES,NUT-NITDENIT,KTAM20,float,10,20,,,0.001,,,0.001,,,*** KTAM20 is the unit oxidation rate of total ammonia at 20 C.
RCHRES,NUT-NITDENIT,KNO220,float,20,30,,,0.001,,,0.001,,,*** KNO220 is the unit oxidation rate of nitrite at 20 deg. C.
RCHRES,NUT-NITDENIT,TCNIT,float,30,40,,1.07,1,2,1.07,1,2,,"*** TCNIT is the temperature correction coefficient for the nitrogen
*** oxidation rates."
RCHRES,NUT-NITDENIT,KNO320,float,40,50,,,0.001,,,0.001,,,*** KNO320 is the unit denitrification rate of nitrate at 20 C.
RCHRES,NUT-NITDENIT,TCDEN,float,50,60,,1.07,1,2,1.07,1,2,,"*** TCDEN is the temperature correction coefficient for the denitrification
*** rate."
RCHRES,NUT-NITDENIT,DENOXT,float,60,70,,2,0,,2,0,,,"*** DENOXT is the dissolved oxygen concentration threshhold above which
*** denitrification ceases."
RCHRES,ORIFICE-PARM,OPNID,int,0,5,,,,,,,,,*** RCHRES to which these data apply.
RCHRES,ORIFICE-PARM,OPNIDLAST,int,5,10,,,,,,,,,*** RCHRES to which these data apply.
RCHRES,ORIFICE-PARM,ONODE1,string,11,15,,,,,,,,,*** Starting node id for this orifice.
RCHRES,ORIFICE-PARM,ONODE2,string,16,20,,,,,,,,,*** Ending node id for this orifice.
RCHRES,ORIFICE-PARM,OTYPE,string,22,30,,,,,,,,,*** Orifice type: side or bottom
RCHRES,ORIFICE-PARM,OOFF,float,30,40,,0,0.001,100,0,0.001,100,,*** Amt orifice bottom is offset above the invert of inlet node.
RCHRES,ORIFICE-PARM,OCD,float,40,50,,0,0,,0,0,,,*** weir dicharge coefficient.
RCHRES,ORIFICE-PARM,OFLAP,string,55,59,,,,,,,,,*** Flap gate present: yes or no
RCHRES,ORIFICE-PARM,ORAT,float,60,70,,0,0,,0,0,,,*** Time in decimal hours to open orifice.
RCHRES,ORIFICE-XS,OPNID,int,0,5,,,,,,,,,*** RCHRES to which these data apply.
RCHRES,ORIFICE-XS,OPNIDLAST,int,5,10,,,,,,,,,*** RCHRES to which these data apply.
RCHRES,ORIFICE-XS,OSHAPE,string,18,30,,,,,,,,,*** Type of cross-section: circular or rect_closed.
RCHRES,ORIFICE-XS,GEOM1,float,30,40,,0,0,,0,0,,,*** GEOM1 is the first geometry parameter.
RCHRES,ORIFICE-XS,GEOM2,float,40,50,,0,0,,0,0,,,*** GEOM2 is the first geometry parameter.
RCHRES,ORIFICE-XS,GEOM3,float,50,60,,0,0,,0,0,,,*** GEOM3 is the first geometry parameter.
RCHRES,ORIFICE-XS,GEOM4,float,60,70,,0,0,,0,0,,,*** GEOM4 is the first geometry parameter.
RCHRES,OX-BENPARM,OPNID,int,0,5,,,,,,,,,*** RCHRES to which these data apply.
RCHRES,OX-BENPARM,OPNIDLAST,int,5,10,,,,,,,,,*** RCHRES to which these data apply.
RCHRES,OX-BENPARM,BENOD,float,10,20,,0,0,,0,0,,,"*** BENOD is the benthal oxygen demand at 20 degrees C (with unlimited DO
*** concentration) (demand is, thus, proportional to the water temperature)."
RCHRES,OX-BENPARM,TCBEN,float,20,30,,1.074,1,2,1.074,1,2,,"*** TCBEN is the temperature correction coefficient for benthal oxygen
*** demand."
RCHRES,OX-BENPARM,EXPOD,float,30,40,,1.22,0.1,,1.22,0.1,,,"*** EXPOD is the exponential factor in the dissolved oxygen term of the
*** benthal oxygen demand equation."
RCHRES,OX-BENPARM,BRBOD1,float,40,50,,72,0.0001,,72,0.0001,,,*** BRBOD(1) is the benthal release of BOD at high oxygen concentration.
RCHRES,OX-BENPARM,BRBOD2,float,50,60,,100,0.0001,,100,0.0001,,,"*** BRBOD(2) is the increment to benthal release of BOD under anaerobic
*** conditions."
RCHRES,OX-BENPARM,EXPREL,float,60,70,,2.82,0.1,,2.82,0.1,,,"*** EXPREL is the exponential factor in the dissolved oxygen term of the
*** benthal BOD release equation."
RCHRES,OX-CFOREA,OPNID,int,0,5,,,,,,,,,*** RCHRES to which these data apply.
RCHRES,OX-CFOREA,OPNIDLAST,int,5,10,,,,,,,,,*** RCHRES to which these data apply.
RCHRES,OX-CFOREA,CFOREA,float,10,20,,1,0.001,10,1,0.001,10,,"*** CFOREA is a correction factor in the lake reaeration equation, to
*** account for good or poor circulation characteristics."
RCHRES,OX-FLAGS,OPNID,int,0,5,,,,,,,,,*** RCHRES to which these data apply.
RCHRES,OX-FLAGS,OPNIDLAST,int,5,10,,,,,,,,,*** RCHRES to which these data apply.
RCHRES,OX-FLAGS,REAMFG,int,10,15,,2,1,3,2,1,3,,"*** REAMFG indicates the method used to calculate reaeration coefficient for
*** free-flowing streams; 1 means Tsivoglou method is used, 2 means Owens,
*** Churchill, or O'Connor- Dobbins method is used depending on velocity and
*** depth of water, and 3 means coefficient is calculated as a power
*** function of velocity and/or depth; user inputs exponents for velocity
*** and depth and an empirical constant (REAK)"
RCHRES,OX-FLAGS,DOPFG,int,15,20,,0,0,1,0,0,1,,"*** DOPFG indicates whether dissolved oxygen should be accounted for in
*** precipitation directly falling on the RCHRES; 0 means do not account for
*** it, 1 means consider the dissolved oxygen in precipitation to be at
*** saturation for the given air temperature."
RCHRES,OX-GENPARM,OPNID,int,0,5,,,,,,,,,*** RCHRES to which these data apply.
RCHRES,OX-GENPARM,OPNIDLAST,int,5,10,,,,,,,,,*** RCHRES to which these data apply.
RCHRES,OX-GENPARM,KBOD20,float,10,20,,,1E-30,,,1E-30,,,*** KBOD20 is the unit BOD decay rate at 20 degrees C.
RCHRES,OX-GENPARM,TCBOD,float,20,30,,1.075,1,2,1.075,1,2,,*** TCBOD is the temperature correction coefficient for BOD decay.
RCHRES,OX-GENPARM,KODSET,float,30,40,,0,0,,0,0,,,*** KODSET is the rate of BOD settling.
RCHRES,OX-GENPARM,SUPSAT,float,40,50,,1.15,1,2,1.15,1,2,,"*** SUPSAT is the allowable dissolved oxygen supersaturation (expressed as a
*** multiple of DO saturation concentration)."
RCHRES,OX-INIT,OPNID,int,0,5,,,,,,,,,*** RCHRES to which these data apply.
RCHRES,OX-INIT,OPNIDLAST,int,5,10,,,,,,,,,*** RCHRES to which these data apply.
RCHRES,OX-INIT,DOX,float,10,20,,0,0,20,0,0,20,,*** DOX is the initial dissolved oxygen concentration.
RCHRES,OX-INIT,BOD,float,20,30,,0,0,,0,0,,,*** BOD is the initial biochemical oxygen demand.
RCHRES,OX-INIT,SATDO,float,30,40,,10,0.1,20,10,0.1,20,,*** SATDO is the initial dissolved oxygen saturation concentration.
RCHRES,OX-LEN-DELTH,OPNID,int,0,5,,,,,,,,,*** RCHRES to which these data apply.
RCHRES,OX-LEN-DELTH,OPNIDLAST,int,5,10,,,,,,,,,*** RCHRES to which these data apply.
RCHRES,OX-LEN-DELTH,LEN,float,10,20,,,0.01,,,0.01,,,*** LEN is the length of the RCHRES.
RCHRES,OX-LEN-DELTH,DELTH,float,20,30,,,0.00001,,,0.00001,,,*** DELTH is the (energy) drop over the length of the RCHRES.
RCHRES,OX-REAPARM,OPNID,int,0,5,,,,,,,,,*** RCHRES to which these data apply.
RCHRES,OX-REAPARM,OPNIDLAST,int,5,10,,,,,,,,,*** RCHRES to which these data apply.
RCHRES,OX-REAPARM,TCGINV,float,10,20,,1.047,1,2,1.047,1,2,,"*** TCGINV is the temperature correction coefficient for surface gas
*** invasion."
RCHRES,OX-REAPARM,REAK,float,20,30,,,1E-30,,,1E-30,,,"*** REAK is the empirical constant for equation used to calculate the
*** reaeration coefficient."
RCHRES,OX-REAPARM,EXPRED,float,30,40,,0,,0,0,,0,,"*** EXPRED is the exponent to depth used in calculation of the reaeration
*** coefficient."
RCHRES,OX-REAPARM,EXPREV,float,40,50,,0,0,,0,0,,,"*** EXPREV is the exponent to velocity used in calculation of the reaeration
*** coefficient."
RCHRES,OX-TCGINV,OPNID,int,0,5,,,,,,,,,*** RCHRES to which these data apply.
RCHRES,OX-TCGINV,OPNIDLAST,int,5,10,,,,,,,,,*** RCHRES to which these data apply.
RCHRES,OX-TCGINV,TCGINV,float,10,20,,1.047,1,2,1.047,1,2,,"*** TCGINV is the temperature correction coefficient for surface gas
*** invasion."
RCHRES,OX-TSIVOGLOU,OPNID,int,0,5,,,,,,,,,*** RCHRES to which these data apply.
RCHRES,OX-TSIVOGLOU,OPNIDLAST,int,5,10,,,,,,,,,*** RCHRES to which these data apply.
RCHRES,OX-TSIVOGLOU,REAKT,float,10,20,,0.08,0.001,1,0.08,0.001,1,,"*** REAKT is the empirical constant in Tsivoglou's equation for reaeration
*** (escape coefficient)."
RCHRES,OX-TSIVOGLOU,TCGINV,float,20,30,,1.047,1,2,1.047,1,2,,"*** TCGINV is the temperature correction coefficient for surface gas
*** invasion."
RCHRES,PH-INIT,OPNID,int,0,5,,,,,,,,,*** RCHRES to which these data apply.
RCHRES,PH-INIT,OPNIDLAST,int,5,10,,,,,,,,,*** RCHRES to which these data apply.
RCHRES,PH-INIT,TIC,float,10,20,,0,0,,0,0,,,*** TIC is the initial total inorganic carbon.
RCHRES,PH-INIT,CO2,float,20,30,,0,0,,0,0,,,*** CO2 is the initial carbon dioxide (as carbon).
RCHRES,PH-INIT,PH,float,30,40,,7,1,15,7,1,15,,*** PH is the initial pH.
RCHRES,PH-PARM1,OPNID,int,0,5,,,,,,,,,*** RCHRES to which these data apply.
RCHRES,PH-PARM1,OPNIDLAST,int,5,10,,,,,,,,,*** RCHRES to which these data apply.
RCHRES,PH-PARM1,PHCNT,int,10,15,,25,1,100,25,1,100,,*** PHCNT is the maximum number of iterations to pH solution.
RCHRES,PH-PARM1,ALKCON,int,15,20,,1,1,10,1,1,10,,*** ALKCON is the number of the conservative substance which is alkalinity.
RCHRES,PH-PARM2,OPNID,int,0,5,,,,,,,,,*** RCHRES to which these data apply.
RCHRES,PH-PARM2,OPNIDLAST,int,5,10,,,,,,,,,*** RCHRES to which these data apply.
RCHRES,PH-PARM2,CFCINV,float,10,20,,0.913,0.001,1,0.913,0.001,1,,"*** CFCINV is the ratio of carbon dioxide invasion rate to oxygen reaeration
*** rate."
RCHRES,PH-PARM2,BRCO21,float,20,30,,62,0.01,,62,0.01,,,"*** BRCO2(1) is the benthal release of CO2 (as carbon) for aerobic
*** conditions."
RCHRES,PH-PARM2,BRCO22,float,30,40,,62,0.01,,62,0.01,,,"*** BRCO2(2) is the benthal release of CO2 (as carbon) for anaerobic
*** conditions."
RCHRES,PHYTO-PARM,OPNID,int,0,5,,,,,,,,,*** RCHRES to which these data apply.
RCHRES,PHYTO-PARM,OPNIDLAST,int,5,10,,,,,,,,,*** RCHRES to which these data apply.
RCHRES,PHYTO-PARM,SEED,float,10,20,,0,0,,0,0,,,"*** SEED is the minimum concentration of plankton not subject to advection
*** (i. e. at high flow)."
RCHRES,PHYTO-PARM,MXSTAY,float,20,30,,0,0,,0,0,,,"*** MXSTAY is the concentration of plankton not subject to advection at very
*** low flow."
RCHRES,PHYTO-PARM,OREF,float,30,40,,0.0001,0.0001,,0.0001,0.0001,,,"*** OREF is the outflow at which concentration of plankton not subject to
*** advection is midway between SEED and MXSTAY."
RCHRES,PHYTO-PARM,CLALDH,float,40,50,,50,0.01,,50,0.01,,,"*** CLALDH is the chlorophyll ""A"" concentration above which high phytoplankton
*** death rate occurs."
RCHRES,PHYTO-PARM,PHYSET,float,50,60,,0,0,,0,0,,,*** PHYSET is the rate of phytoplankton settling.
RCHRES,PHYTO-PARM,REFSET,float,60,70,,0,0,,0,0,,,*** REFSET is the rate of settling for dead refractory organics.
RCHRES,PLK-AD-FLAGS,OPNID,int,0,5,,,,,,,,,*** RCHRES to which these data apply.
RCHRES,PLK-AD-FLAGS,OPNIDLAST,int,5,10,,,,,,,,,*** RCHRES to which these data apply.
RCHRES,PLK-AD-FLAGS,PLADFG1,int,11,14,,0,-1,999,0,-1,999,,"*** Value of 0 indicates that atmospheric deposition flux of organic N is
*** either absent or is supplied as a direct time series as PLADFX. A value
*** greater than 0 indicates the index number of the MONTH-DATA block to be
*** used to supply atmospheric deposition data. _PNAME PLADFG(1)"
RCHRES,PLK-AD-FLAGS,PLADFG2,int,14,17,,0,-1,999,0,-1,999,,"*** Value of 0 indicates that concentration of organic N in precipitation is
*** either absent or is supplied as a direct time series as PLADCN. A value
*** greater than 0 indicates the index number of the MONTH-DATA block to be
*** used to supply atmospheric deposition data. _PNAME PLADFG(2)"
RCHRES,PLK-AD-FLAGS,PLADFG3,int,18,21,,0,-1,999,0,-1,999,,"*** Value of 0 indicates that atmospheric deposition flux of organic P is
*** either absent or is supplied as a direct time series as PLADFX. A value
*** greater than 0 indicates the index number of the MONTH-DATA block to be
*** used to supply atmospheric deposition data. _PNAME PLADFG(3)"
RCHRES,PLK-AD-FLAGS,PLADFG4,int,21,24,,0,-1,999,0,-1,999,,"*** Value of 0 indicates that concentration of organic P in precipitation is
*** either absent or is supplied as a direct time series as PLADCN. A value
*** greater than 0 indicates the index number of the MONTH-DATA block to be
*** used to supply atmospheric deposition data. _PNAME PLADFG(4)"
RCHRES,PLK-AD-FLAGS,PLADFG5,int,25,28,,0,-1,999,0,-1,999,,"*** Value of 0 indicates that atmospheric deposition flux of organic C is
*** either absent or is supplied as a direct time series as PLADFX. A value
*** greater than 0 indicates the index number of the MONTH-DATA block to be
*** used to supply atmospheric deposition data. _PNAME PLADFG(5)"
RCHRES,PLK-AD-FLAGS,PLADFG6,int,28,31,,0,-1,999,0,-1,999,,"*** Value of 0 indicates that concentration of organic C in precipitation is
*** either absent or is supplied as a direct time series as PLADCN. A value
*** greater than 0 indicates the index number of the MONTH-DATA block to be
*** used to supply atmospheric deposition data. _PNAME PLADFG(6)"
RCHRES,PLNK-FLAGS,OPNID,int,0,5,,,,,,,,,*** RCHRES to which these data apply.
RCHRES,PLNK-FLAGS,OPNIDLAST,int,5,10,,,,,,,,,*** RCHRES to which these data apply.
RCHRES,PLNK-FLAGS,PHYFG,int,10,15,,0,0,1,0,0,1,,*** PHYFG: value of 1 means phytoplankton is simulated.
RCHRES,PLNK-FLAGS,ZOOFG,int,15,20,,0,0,1,0,0,1,,*** ZOOFG: value of 1 means zooplankton are simulated.
RCHRES,PLNK-FLAGS,BALFG,int,20,25,,0,0,2,0,0,2,,"*** BALFG: Value of 1 means a single species of benthic algae is simulated,
*** with growth and respiration rates proportional to phytoplankton - PHYFG
*** must be on. Value of 2 means one to four species of benthic algae are
*** simulated using new kinetics."
RCHRES,PLNK-FLAGS,SDLTFG,int,25,30,,0,0,2,0,0,2,,"*** SDLTFG: Value of 1 means influence of sediment washload on light
*** extinction is simulated based on computed or input sediment concentation. Value of
*** 2 means it is based on linear regression on flow (requires input of
*** BENAL-LIGHT). Value of 0 means no influence is considered. _PNAME
*** SDLTFG"
RCHRES,PLNK-FLAGS,AMRFG,int,30,35,,0,0,1,0,0,1,,"*** AMRFG: value of 1 means ammonia retardation of nitrogen limited growth
*** is enabled."
RCHRES,PLNK-FLAGS,DECFG,int,35,40,,0,0,1,0,0,1,,"*** DECFG: value of 1 means linkage between carbon dioxide and phytoplankton
*** growth is decoupled."
RCHRES,PLNK-FLAGS,NSFG,int,40,45,,0,0,2,0,0,2,,"*** NSFG: value of 1 means ammonia is included as part of available nitrogen
*** supply in nitrogen limited growth calculations. value of 2 means only
*** ammonia."
RCHRES,PLNK-FLAGS,ZFOOD,int,45,50,,2,1,3,2,1,3,,*** ZFOOD is the quality of zooplankton food.
RCHRES,PLNK-FLAGS,BNPFG,int,50,55,,0,0,1,0,0,1,,"*** BNPFG: Value of 0 means benthic algae use ALNPR in PLNK-PARM1 to
*** determine preference between ammonia and nitrate. Value of 1 means it is
*** a function of the current ammonia concentration, based on CAMPR in
*** BENAL-PARM."
RCHRES,PLNK-FLAGS,PHFXFG,int,55,60,,0,0,1,0,0,1,,*** PHFXFG: value of 1 means N-Fixation simulated. PHYFG must be on.
RCHRES,PLNK-INIT,OPNID,int,0,5,,,,,,,,,*** RCHRES to which these data apply.
RCHRES,PLNK-INIT,OPNIDLAST,int,5,10,,,,,,,,,*** RCHRES to which these data apply.
RCHRES,PLNK-INIT,PHYTO,float,10,20,,0.00000096,1E-10,,0.00000096,1E-10,,,"*** PHYTO is the initial value of phytoplankton, as biomass."
RCHRES,PLNK-INIT,ZOO,float,20,30,,0.03,0.000001,,0.03,0.000001,,,*** ZOO is the initial value of zooplankton.
RCHRES,PLNK-INIT,BENAL,float,30,40,,0.00000001,1E-10,,0.00000001,1E-10,,,"*** BENAL is the initial value of benthic algae, as biomass, if only one
*** species is simulated (i. e. BALFG=1 or if BALFG=2 and NUMBAL= 1)."
RCHRES,PLNK-INIT,ORN,float,40,50,,0,0,,0,0,,,*** ORN is the initial value of dead refractory organic nitrogen.
RCHRES,PLNK-INIT,ORP,float,50,60,,0,0,,0,0,,,*** ORP is the initial value of dead refractory organic phosphorus.
RCHRES,PLNK-INIT,ORC,float,60,70,,0,0,,0,0,,,*** ORC is the initial value of dead refractory organic carbon.
RCHRES,PLNK-PARM1,OPNID,int,0,5,,,,,,,,,*** RCHRES to which these data apply.
RCHRES,PLNK-PARM1,OPNIDLAST,int,5,10,,,,,,,,,*** RCHRES to which these data apply.
RCHRES,PLNK-PARM1,RATCLP,float,10,20,,0.6,0.01,,0.6,0.01,,,"*** RATCLP is the ratio of chlorophyll ""A"" content of biomass to phosphorus
*** content."
RCHRES,PLNK-PARM1,NONREF,float,20,30,,0.5,0.01,1,0.5,0.01,1,,*** NONREF is the nonrefractory fraction of algae and zooplankton biomass.
RCHRES,PLNK-PARM1,LITSED,float,30,40,,0,0,,0,0,,,"*** LITSED is the multiplication factor to total sediment concentration to
*** determine sediment contribution to light extinction if SDLTFG=1."
RCHRES,PLNK-PARM1,ALNPR,float,40,50,,1,0.01,1,1,0.01,1,,"*** ALNPR is the fraction of nitrogen requirements for phytoplankton growth
*** satisfied by nitrate. It is also used for benthic algae if BALFG > 0 and
*** BNPRFG= 1."
RCHRES,PLNK-PARM1,EXTB,float,50,60,,,0.001,,,0.001,,,*** EXTB is the base extinction coefficient for light.
RCHRES,PLNK-PARM1,MALGR,float,60,70,,0.3,0.001,,0.3,0.001,,,*** MALGR is the maximal unit algal growth rate for phytoplankton.
RCHRES,PLNK-PARM1,PARADF,float,70,80,,1,0,1,1,0,1,,"*** PARADF is the fraction of incoming solar radiation that is photosynthetically
*** active."
RCHRES,PLNK-PARM2,OPNID,int,0,5,,,,,,,,,*** RCHRES to which these data apply.
RCHRES,PLNK-PARM2,OPNIDLAST,int,5,10,,,,,,,,,*** RCHRES to which these data apply.
RCHRES,PLNK-PARM2,CMMLT,float,10,20,,0.033,0.000001,,0.033,0.000001,,,"*** CMMLT is the Michaelis-Menten constant for light limited growth for
*** phytoplankton."
RCHRES,PLNK-PARM2,CMMN,float,20,30,,0.045,0.000001,,0.045,0.000001,,,"*** CMMN is the nitrate Michaelis-Menten constant for nitrogen limited
*** growth for phytoplankton."
RCHRES,PLNK-PARM2,CMMNP,float,30,40,,0.0284,0.000001,,0.0284,0.000001,,,"*** CMMNP is the nitrate Michaelis-Menten constant for phosphorus limited
*** growth for phytoplankton."
RCHRES,PLNK-PARM2,CMMP,float,40,50,,0.015,0.000001,,0.015,0.000001,,,"*** CMMP is the phosphate Michaelis-Menten constant for phosphorus limited
*** growth for phytoplankton."
RCHRES,PLNK-PARM2,TALGRH,float,50,60,,35,10,100,95,50,212,,*** TALGRH is the temperature above which phytoplankton growth ceases.
RCHRES,PLNK-PARM2,TALGRL,float,60,70,,6.1,-84,100,43,-120,212,,*** TALGRL is the temperature below which phytoplankton growth ceases.
RCHRES,PLNK-PARM2,TALGRM,float,70,80,,25,0,100,77,32,212,,*** TALGRM is the temperature below which phytoplankton growth is retarded.
RCHRES,PLNK-PARM3,OPNID,int,0,5,,,,,,,,,*** RCHRES to which these data apply.
RCHRES,PLNK-PARM3,OPNIDLAST,int,5,10,,,,,,,,,*** RCHRES to which these data apply.
RCHRES,PLNK-PARM3,ALR20,float,10,20,,0.004,0.000001,,0.004,0.000001,,,"*** ALR20 is the phytoplankton unit respiration rate at 20 degrees
*** C."
RCHRES,PLNK-PARM3,ALDH,float,20,30,,0.01,0.000001,,0.01,0.000001,,,*** ALDH is the high phytoplankton unit death rate.
RCHRES,PLNK-PARM3,ALDL,float,30,40,,0.001,0.000001,,0.001,0.000001,,,*** ALDL is the low phytoplankton unit death rate.
RCHRES,PLNK-PARM3,OXALD,float,40,50,,0.03,0.000001,,0.03,0.000001,,,"*** OXALD is the increment to phytoplankton unit death rate due to anaerobic
*** conditions."
RCHRES,PLNK-PARM3,NALDH,float,50,60,,0,0,,0,0,,,"*** NALDH is the inorganic nitrogen concentration below which high
*** phytoplankton death rate occurs (as nitrogen)."
RCHRES,PLNK-PARM3,PALDH,float,60,70,,0,0,,0,0,,,"*** PALDH is the inorganic phosphorus concentration below which high
*** phytoplankton death rate occurs (as phosphorus)."
RCHRES,PLNK-PARM4,OPNID,int,0,5,,,,,,,,,*** RCHRES to which these data apply.
RCHRES,PLNK-PARM4,OPNIDLAST,int,5,10,,,,,,,,,*** RCHRES to which these data apply.
RCHRES,PLNK-PARM4,NMINGR,float,10,20,,0.001,0.000001,,0.001,0.000001,,,*** NMINGR is the minimum nitrate concentration for algae growth
RCHRES,PLNK-PARM4,PMINGR,float,20,30,,0.001,0.000001,,0.001,0.000001,,,*** PMINGR is the minimum phosphate concentration for algae growth
RCHRES,PLNK-PARM4,CMINGR,float,30,40,,0.001,0.000001,,0.001,0.000001,,,*** CMINGR is the minimum CO2-C concentration for algae growth
RCHRES,PLNK-PARM4,LMINGR,float,40,50,,0.001,0.000001,,0.001,0.000001,,,*** LMINGR is the minimum light intensity for algae growth
RCHRES,PLNK-PARM4,NMINC,float,50,60,,0.001,1E-10,,0.001,1E-10,,,"*** NMINC is the minimum inorganic nitrogen concentration allowed to remain
*** after nutrient uptake"
RCHRES,PLNK-PARM4,PHMXFX,float,60,70,,10,0,,10,0,,,"*** PHMXFX is the concentration of available inorganic nitrogen in the water
*** column (TAM + NO3 + NO2) above which nitrogen-fixation by algae is
*** suppressed. If the concentration is greater than PHMXFX, fixation does
*** not occur. Used if PHFXFG = 1."
RCHRES,PLNK-PARM4,PHFXAD,float,70,80,,10,0,,10,0,,,"*** PHFXAD is fractional adjustment to algal growth when N fixation is
*** active. Used if PHFXFG = 1."
RCHRES,PRINT-INFO,OPNID,int,0,5,,,,,,,,,*** RCHRES to which these data apply.
RCHRES,PRINT-INFO,OPNIDLAST,int,5,10,,,,,,,,,*** RCHRES to which these data apply.
RCHRES,PRINT-INFO,HYDRPR,int,10,15,,4,2,6,4,2,6,,*** Printout level for section HYDR.
RCHRES,PRINT-INFO,ADCAPR,int,15,20,,4,2,6,4,2,6,,*** Printout level for section ADCALC.
RCHRES,PRINT-INFO,CONSPR,int,20,25,,4,2,6,4,2,6,,*** Printout level for section CONS.
RCHRES,PRINT-INFO,HEATPR,int,25,30,,4,2,6,4,2,6,,*** Printout level for section HTRCH.
RCHRES,PRINT-INFO,SEDPR,int,30,35,,4,2,6,4,2,6,,*** Printout level for section SEDTRN.
RCHRES,PRINT-INFO,GQLPR,int,35,40,,4,2,6,4,2,6,,*** Printout level for section GQUAL.
RCHRES,PRINT-INFO,OXRXPR,int,40,45,,4,2,6,4,2,6,,*** Printout level for section OXRX.
RCHRES,PRINT-INFO,NUTRPR,int,45,50,,4,2,6,4,2,6,,*** Printout level for section NUTRX.
RCHRES,PRINT-INFO,PLNKPR,int,50,55,,4,2,6,4,2,6,,*** Printout level for section PLANK.
RCHRES,PRINT-INFO,PHCBPR,int,55,60,,4,2,6,4,2,6,,*** Printout level for sections PHCARB and ACIDPH.
RCHRES,PRINT-INFO,PIVLPR,int,60,65,,1,1,1440,1,1,1440,,"*** A value need only be supplied for PIVL if one or more sections have a
*** printout level of 2. For those sections, printout will occur every PIVL
*** intervals (that is, every PDELT=PIVL*DELT mins). PIVL must be chosen
*** such that there are an integer no. of PDELT periods in a day."
RCHRES,PRINT-INFO,PYREND,int,65,70,,9,1,12,9,1,12,,"*** PYREND is the calendar month which will terminate the year for printout
*** purposes. Thus, the annual summary can reflect the situation over the
*** past water year or the past calendar year, etc."
RCHRES,SAND-PM,OPNID,int,0,5,,,,,,,,,*** RCHRES to which these data apply.
RCHRES,SAND-PM,OPNIDLAST,int,5,10,,,,,,,,,*** RCHRES to which these data apply.
RCHRES,SAND-PM,D,float,10,20,,,0.025,2500,,0.001,100,,"*** D is the effective diameter of the transported sand particles. Note that
*** the transport formulae do not actually use D (they use DB50, supplied in
*** Table-type HYDR-PARM2). D is included here for consistency with the
*** input data supplied for cohesive sediment."
RCHRES,SAND-PM,W,float,20,30,,,0.5,12500,,0.02,500,,*** W is the fall velocity of transported sand particles in still water.
RCHRES,SAND-PM,RHO,float,30,40,,2.65,1,4,2.65,1,4,,*** RHO is the density of the sand particles.
RCHRES,SAND-PM,KSAND,float,40,50,,0,0,,0,0,,,"*** KSAND is the coefficient in the ""old"" HSPF sandload input power function
*** formula."
RCHRES,SAND-PM,EXPSND,float,50,60,,0,0,,0,0,,,"*** EXPSND is the exponent in the ""old"" HSPF sandload input power function
*** formula."
RCHRES,SANDFG,OPNID,int,0,5,,,,,,,,,*** RCHRES to which these data apply.
RCHRES,SANDFG,OPNIDLAST,int,5,10,,,,,,,,,*** RCHRES to which these data apply.
RCHRES,SANDFG,SANDFG,int,10,15,,3,1,3,3,1,3,,"*** SANDFG indicates the method that will be used for sandload simulation; 1
*** means Toffaleti method, 2 means Colby method, and 3 means the ""old"" HSPF
*** input power function method."
RCHRES,SCOUR-PARMS,OPNID,int,0,5,,,,,,,,,*** RCHRES to which these data apply.
RCHRES,SCOUR-PARMS,OPNIDLAST,int,5,10,,,,,,,,,*** RCHRES to which these data apply.
RCHRES,SCOUR-PARMS,SCRVEL,float,10,20,,3.05,0.01,,10,0.01,,,"*** SCRVEL is the velocity above which effects of scouring on benthal
*** release rates are considered."
RCHRES,SCOUR-PARMS,SCRMUL,float,20,30,,2,1,,2,1,,,*** SCRMUL is the multiplier to increase benthal releases during scouring.
RCHRES,SED-GENPARM,OPNID,int,0,5,,,,,,,,,*** RCHRES to which these data apply.
RCHRES,SED-GENPARM,OPNIDLAST,int,5,10,,,,,,,,,*** RCHRES to which these data apply.
RCHRES,SED-GENPARM,BEDWID,float,10,20,,,0.3,,,1,,,"*** BEDWID is the width of the cross-section over which HSPF will assume bed
*** sediment is deposited regardless of stage, top-width, etc. It is used to
*** estimate the depth of bed sediment."
RCHRES,SED-GENPARM,BEDWRN,float,20,30,,30.5,0.003,,100,0.001,,,"*** BEDWRN is the bed depth which, if exceeded (eg, through deposition) will
*** cause a warning message to be printed."
RCHRES,SED-GENPARM,POR,float,30,40,,0.5,0.1,0.9,0.5,0.1,0.9,,"*** POR is the porosity of the bed (volume voids/total volume). It is used
*** to estimate bed depth."
RCHRES,SED-HYDPARM,OPNID,int,0,5,,,,,,,,,*** RCHRES to which these data apply.
RCHRES,SED-HYDPARM,OPNIDLAST,int,5,10,,,,,,,,,*** RCHRES to which these data apply.
RCHRES,SED-HYDPARM,LEN,float,10,20,,,0.016,,,0.01,,,*** LEN is the length of the RCHRES.
RCHRES,SED-HYDPARM,DELTH,float,20,30,,0,0,,0,0,,,"*** DELTH is the drop in water elevation from the upstream to the downstream
*** extremities of the RCHRES. (It is used if section OXRX is active and
*** reaeration is being computed using the Tsivoglou-Wallace equation; or if
*** section SEDTRN is active and sandload transport capacity is being
*** computed using either the Toffaleti or Colby method. )"
RCHRES,SED-HYDPARM,DB50,float,30,40,,0.25,0.0025,2500,0.01,0.0001,100,,"*** DB50 is the median diameter of the bed sediment (assumed constant
*** throughout the run). This value is used to calculate the bed shear
*** stress if the RCHRES is a lake, or calculate the rate of sand transport
*** if the Colby or Toffaleti methods are used."
RCHRES,SHADE-PARM,OPNID,int,0,5,,,,,,,,,*** RCHRES to which these data apply.
RCHRES,SHADE-PARM,OPNIDLAST,int,5,10,,,,,,,,,*** RCHRES to which these data apply.
RCHRES,SHADE-PARM,SHADFG,float,10,20,,0,0,1,0,0,1,,*** SHADFG specifies that the SHADE module is being used.
RCHRES,SHADE-PARM,TOPFL,float,20,30,,41,30,99,41,30,99,,"*** TOPFL is the unit number of the topographic data file for this RCHRES.
*** It contains location information and topographic data for each Stream
*** Sample Point (SSP) in the RCHRES."
RCHRES,SHADE-PARM,VEGFL,float,30,40,,42,30,99,42,30,99,,"*** VEGFL is the unit number of the vegetative data file for this RCHRES. It
*** contains vegetation shading characteristics data for each Stream Sample
*** Point (SSP) in the RCHRES."
RCHRES,SHADE-PARM,NSSP,float,40,50,,0,0,250,0,0,250,,"*** NSSP is the number of Stream Sample Points (SSPs) defined for the
*** RCHRES. Topographic and vegetative characteristics are defined at each
*** SSP."
RCHRES,SHADE-PARM,LATDEG,float,50,60,,40,-55,55,40,-55,55,,*** LATDEG is the latitude of the RCHRES (degrees).
RCHRES,SHADE-PARM,LONDEG,float,60,70,,-90,-180,180,-90,-180,180,,*** LONDEG is the longitude of the RCHRES (degrees).
RCHRES,SHADE-PARM,LONSTD,float,70,80,,-90,-180,180,-90,-180,180,,*** LONSTD is the longitude of the center of the local time zone.
RCHRES,SILT-CLAY-PM,OPNID,int,0,5,,,,,,,,,*** RCHRES to which these data apply.
RCHRES,SILT-CLAY-PM,OPNIDLAST,int,5,10,,,,,,,,,*** RCHRES to which these data apply.
RCHRES,SILT-CLAY-PM,D,float,10,20,,0,0,0.07,0,0,0.03,,*** D is the effective diameter of the particles.
RCHRES,SILT-CLAY-PM,W,float,20,30,,0,0,5,0,0,0.2,,*** W is the fall velocity of the particles in still water.
RCHRES,SILT-CLAY-PM,RHO,float,30,40,,2.65,2,4,2.65,2,4,,*** RHO is the density of the particles.
RCHRES,SILT-CLAY-PM,TAUCD,float,40,50,,10000000000,1E-10,,10000000000,1E-10,,,"*** TAUCD is the critical bed shear stress for deposition. Above this
*** stress, there will be no deposition; as the stress drops below this
*** value to zero, deposition will gradually increase to the value implied
*** by the fall velocity in still water."
RCHRES,SILT-CLAY-PM,TAUCS,float,50,60,,10000000000,1E-10,,10000000000,1E-10,,,"*** TAUCS is the critical bed shear stress for scour. Below this value,
*** there will be no scour; above it, scour will steadily increase. In
*** general TAUCD should be less than or equal to TAUCS."
RCHRES,SILT-CLAY-PM,M,float,60,70,,0,0,,0,0,,,*** M is the erodibility coefficient of the sediment.
RCHRES,SSED-INIT,OPNID,int,0,5,,,,,,,,,*** RCHRES to which these data apply.
RCHRES,SSED-INIT,OPNIDLAST,int,5,10,,,,,,,,,*** RCHRES to which these data apply.
RCHRES,SSED-INIT,SSED1,float,10,20,,0,0,,0,0,,,*** The initial concentration (in suspension) of sand.
RCHRES,SSED-INIT,SSED2,float,20,30,,0,0,,0,0,,,*** The initial concentration (in suspension) of silt.
RCHRES,SSED-INIT,SSED3,float,30,40,,0,0,,0,0,,,*** The initial concentration (in suspension) of clay.
RCHRES,SURF-EXPOSED,OPNID,int,0,5,,,,,,,,,*** RCHRES to which these data apply.
RCHRES,SURF-EXPOSED,OPNIDLAST,int,5,10,,,,,,,,,*** RCHRES to which these data apply.
RCHRES,SURF-EXPOSED,CFSAEX,float,10,20,,1,0.001,1,1,0.001,1,,"*** CFSAEX is a factor used to adjust the input solar radiation to make it
*** applicable to the RCHRES; for example, to account for shading of the
*** surface by trees or buildings."
RCHRES,WEIR-PARM,OPNID,int,0,5,,,,,,,,,*** RCHRES to which these data apply.
RCHRES,WEIR-PARM,OPNIDLAST,int,5,10,,,,,,,,,*** RCHRES to which these data apply.
RCHRES,WEIR-PARM,WNODE1,string,11,15,,,,,,,,,*** Starting node id for this weir.
RCHRES,WEIR-PARM,WNODE2,string,16,20,,,,,,,,,*** Ending node id for this weir.
RCHRES,WEIR-PARM,WTYPE,string,22,30,,,,,,,,,"*** Weir type: transver(se), sideflow, v-notch, or trapez(oidal)"
RCHRES,WEIR-PARM,WOFF,float,30,40,,0,0.001,100,0,0.001,100,,*** Amt weir crest is offset above the invert of inlet node.
RCHRES,WEIR-PARM,WCD,float,40,50,,0,0,,0,0,,,*** weir dicharge coefficient.
RCHRES,WEIR-PARM,WFLAP,string,51,55,,,,,,,,,*** Flap gate present: yes or no
RCHRES,WEIR-PARM,WEC,float,55,60,,0,0,,0,0,,,*** Number of end contractions for tranv or trapez weir.
RCHRES,WEIR-PARM,WCD2,float,60,70,,0,0,,0,0,,,*** Discharge coeff for triangular ends of trapez weir.
RCHRES,WEIR-XS,OPNID,int,0,5,,,,,,,,,*** RCHRES to which these data apply.
RCHRES,WEIR-XS,OPNIDLAST,int,5,10,,,,,,,,,*** RCHRES to which these data apply.
RCHRES,WEIR-XS,WSHAPE,string,18,30,,,,,,,,,"*** Type of cross-section: rect_open, triangular, trapezoidal."
RCHRES,WEIR-XS,GEOM1,float,30,40,,0,0,,0,0,,,*** GEOM1 is the first geometry parameter.
RCHRES,WEIR-XS,GEOM2,float,40,50,,0,0,,0,0,,,*** GEOM2 is the first geometry parameter.
RCHRES,WEIR-XS,GEOM3,float,50,60,,0,0,,0,0,,,*** GEOM3 is the first geometry parameter.
RCHRES,WEIR-XS,GEOM4,float,60,70,,0,0,,0,0,,,*** GEOM4 is the first geometry parameter.
RCHRES,ZOO-PARM1,OPNID,int,0,5,,,,,,,,,*** RCHRES to which these data apply.
RCHRES,ZOO-PARM1,OPNIDLAST,int,5,10,,,,,,,,,*** RCHRES to which these data apply.
RCHRES,ZOO-PARM1,MZOEAT,float,10,20,,0.055,0.001,,0.055,0.001,,,*** MZOEAT is the maximum zooplankton unit ingestion rate.
RCHRES,ZOO-PARM1,ZFIL20,float,20,30,,,0.001,,,0.001,,,*** ZFIL20 is the zooplankton filtering rate at 20 degrees C.
RCHRES,ZOO-PARM1,ZRES20,float,30,40,,0.0015,0.000001,,0.0015,0.000001,,,*** ZRES20 is the zooplankton unit respiration rate at 20 degrees C.
RCHRES,ZOO-PARM1,ZD,float,40,50,,0.0001,0.000001,,0.0001,0.000001,,,*** ZD is the natural zooplankton unit death rate.
RCHRES,ZOO-PARM1,OXZD,float,50,60,,0.03,0.000001,,0.03,0.000001,,,"*** OXZD is the increment to unit zooplankton death rate due to anaerobic
*** conditions."
RCHRES,ZOO-PARM2,OPNID,int,0,5,,,,,,,,,*** RCHRES to which these data apply.
RCHRES,ZOO-PARM2,OPNIDLAST,int,5,10,,,,,,,,,*** RCHRES to which these data apply.
RCHRES,ZOO-PARM2,TCZFIL,float,10,20,,1.17,1,2,1.17,1,2,,*** TCZFIL is the temperature correction coefficient for filtering.
RCHRES,ZOO-PARM2,TCZRES,float,20,30,,1.07,1,2,1.07,1,2,,*** TCZRES is the temperature correction coefficient for respiration.
RCHRES,ZOO-PARM2,ZEXDEL,float,30,40,,0.7,0.001,1,0.7,0.001,1,,"*** ZEXDEL is the fraction of nonrefractory zooplankton excretion which is
*** immediately decomposed when ingestion rate > MZOEAT."
RCHRES,ZOO-PARM2,ZOMASS,float,40,50,,0.0003,0.000001,1,0.0003,0.000001,1,,*** ZOMASS is the average weight of a zooplankton organism.
REPORT,REPORT-CON,OPNID,int,0,5,,,,,,,,,*** REPORT operations to which these data apply.
REPORT,REPORT-CON,OPNIDLAST,int,5,10,,,,,,,,,*** REPORT operations to which these data apply.
REPORT,REPORT-CON,CONID,string,10,30,,,,,,,,,*** CONID is a 20-character name for each constituent.
REPORT,REPORT-CON,TRAN,string,31,35,SUM,,,,,,,"['SUM', 'AVER', 'MAX', 'MIN', 'LAST']","*** TRAN is the ""transformation code"" used to aggregate data from the basic
*** interval (internal time step) to the REPORT interval. Valid values are:
*** SUM, AVER, MAX, MIN, and LAST."
REPORT,REPORT-CON,SIGD,int,35,40,,5,2,5,5,2,5,,*** SIGD is the number of significant digits for reporting.
REPORT,REPORT-CON,DECPLA,int,40,45,,2,0,3,2,0,3,,*** DECPLA is the number of decimal places for reporting.
REPORT,REPORT-FLAGS,OPNID,int,0,5,,,,,,,,,*** REPORT operations to which these data apply.
REPORT,REPORT-FLAGS,OPNIDLAST,int,5,10,,,,,,,,,*** REPORT operations to which these data apply.
REPORT,REPORT-FLAGS,REPTFL,int,10,15,,30,10,99,30,10,99,,*** REPTFL is the file unit number for the report output file
REPORT,REPORT-FLAGS,NCON,int,15,20,,1,1,50,1,1,50,,"*** NCON is the number of constituents (i.e. timeseries per source) to be
*** entered in report. Note that, for example, the concentration and loading
*** of the same substance count as separate constituents for this purpose."
REPORT,REPORT-FLAGS,NSRC,int,20,25,,1,1,99,1,1,99,,"*** NSRC is the number of sources (e. g. land segments, point sources,
*** atmospheric deposition to reach) to be entered in report."
REPORT,REPORT-FLAGS,FORMFG,int,25,30,,1,0,99,1,0,99,,"*** FORMFG specifies the format for the report: 0 - database records; 1 -
*** unit-area loading table; 2 - total loading table; 3 - general summary
*** table; 10+ - user-defined format (requires input format file whose unit
*** number in the FILES block equals FORMFG)."
REPORT,REPORT-FLAGS,CWID,int,30,35,,10,-2,20,10,-2,20,,"*** CWID is the column width for the reported tables: 8-20. -1 means write
*** tab-delimited file. -2 means write comma-delimited file."
REPORT,REPORT-FLAGS,PWID,int,35,40,,80,20,1000,80,20,1000,,"*** PWID is the page width in characters, used only for the general flux
*** table format (FORMFG=3)."
REPORT,REPORT-FLAGS,PLIN,int,40,45,,40,5,,40,5,,,"*** PLIN is the page length in lines. Not used for user-defined format
*** (FORMFG >= 4)."
REPORT,REPORT-FLAGS,PCODE,int,45,50,,5,3,5,5,3,5,,"*** PCODE is the print interval code for the report: 3 - daily; 4 - monthly;
*** 5 - annual."
REPORT,REPORT-FLAGS,PYREND,int,50,55,,9,1,12,9,1,12,,*** PYREND is the month ending the print year for the report.
REPORT,REPORT-SRC,OPNID,int,0,5,,,,,,,,,*** REPORT operations to which these data apply.
REPORT,REPORT-SRC,OPNIDLAST,int,5,10,,,,,,,,,*** REPORT operations to which these data apply.
REPORT,REPORT-SRC,SRCID1,string,10,30,,,,,,,,,*** SRCID is the 20-character name for a source.
REPORT,REPORT-SUMM,OPNID,int,0,5,,,,,,,,,*** REPORT operations to which these data apply.
REPORT,REPORT-SUMM,OPNIDLAST,int,5,10,,,,,,,,,*** REPORT operations to which these data apply.
REPORT,REPORT-SUMM,SRCHED,string,10,30,,,,,,,,,*** SRCHED is the header used to mark the summary over all sources.
REPORT,REPORT-SUMM,SRCTRN,string,30,34,SUM,,,,,,,"['SUM', 'AVER', 'MAX', 'MIN', 'LAST', 'PCT']","*** SRCTRN is the ""transformation code"" used to aggregate data across all
*** sources. Valid values are: SUM, AVER, MAX, MIN, LAST, and PCT."
REPORT,REPORT-SUMM,TIMHED,string,34,54,,,,,,,,,"*** TIMHED is the header used to mark the summary over the REPORT time
*** intervals."
REPORT,REPORT-SUMM,TIMTRN,string,54,58,SUM,,,,,,,"['SUM', 'AVER', 'MAX', 'MIN', 'LAST']","*** TIMTRN is the ""transformation code"" used to aggregate data from the
*** REPORT intervals to their summary. This value is independent of TRAN in
*** REPORT-CON, which is used to aggregate from the run interval to the
*** REPORT interval. Valid values are: SUM, AVER, MAX, MIN, and LAST."
REPORT,REPORT-SUMM,STTRFG,int,58,63,,2,1,2,2,1,2,,"*** STTRFG indicates how to compute the double-summary value (over all
*** sources and over all REPORT intervals). If 1, then SRCTRN is applied to
*** the time summaries for each source. If 2, then TIMTRN is applied to the
*** source summaries for each REPORT interval."
REPORT,REPORT-TITLE,OPNID,int,0,5,,,,,,,,,*** REPORT operations to which these data apply.
REPORT,REPORT-TITLE,OPNIDLAST,int,5,10,,,,,,,,,*** REPORT operations to which these data apply.
REPORT,REPORT-TITLE,TITLE,string,10,70,,,,,,,,,"*** TITLE is the title of the report, to appear at the top of each
*** page."
SCHEMATIC,,SVOL,string,0,6,,,,,,,,,
SCHEMATIC,,SVOLNO,int,6,10,,,1,,,1,,,
SCHEMATIC,,AFACTR,float,28,38,,1,,,1,,,,
SCHEMATIC,,TVOL,string,43,49,,,,,,,,,
SCHEMATIC,,TVOLNO,string,49,53,,,,,,,,,
SCHEMATIC,,MLNO,int,56,60,,,,,,,,,
SCHEMATIC,,TMEMSB1,string,71,73,1,,,,,,,,
SCHEMATIC,,TMEMSB2,string,73,75,1,,,,,,,,
SPEC-ACTIONS,ACTION,OPTYP,string,2,8,,,,,,,,,
SPEC-ACTIONS,ACTION,RANGE1,string,8,11,,,,,,,,,
SPEC-ACTIONS,ACTION,RANGE2,string,11,15,,,,,,,,,
SPEC-ACTIONS,ACTION,DC,string,15,17,,,,,,,,,
SPEC-ACTIONS,ACTION,DS,string,17,20,,,,,,,,,
SPEC-ACTIONS,ACTION,YR,string,20,24,,,,,,,,,
SPEC-ACTIONS,ACTION,MO,string,25,27,,,,,,,,,
SPEC-ACTIONS,ACTION,DA,string,28,30,,,,,,,,,
SPEC-ACTIONS,ACTION,HR,string,31,33,,,,,,,,,
SPEC-ACTIONS,ACTION,MN,string,34,36,,,,,,,,,
SPEC-ACTIONS,ACTION,D,string,36,38,,2,,,2,,,,
SPEC-ACTIONS,ACTION,T,string,38,40,,3,,,3,,,,
SPEC-ACTIONS,ACTION,VARI,string,42,48,,,,,,,,,
SPEC-ACTIONS,ACTION,S1,string,48,51,,,,,,,,,
SPEC-ACTIONS,ACTION,S2,string,51,54,,,,,,,,,
SPEC-ACTIONS,ACTION,S3,string,54,57,,,,,,,,,
SPEC-ACTIONS,ACTION,AC,string,57,60,,,,,,,,,
SPEC-ACTIONS,ACTION,VALUE,string,60,70,,0,,,0,,,,
SPEC-ACTIONS,ACTION,TC,string,71,73,,,,,,,,,
SPEC-ACTIONS,ACTION,TS,string,74,77,,,,,,,,,
SPEC-ACTIONS,ACTION,NUM,string,77,80,,,,,,,,,
SPEC-ACTIONS,ACTION,condition,int,80,90,,,,,,,,,
SPEC-ACTIONS,DISTRB,KWRD,string,2,8,,,,,,,,,
SPEC-ACTIONS,DISTRB,DSIND,int,8,11,,,,,,,,,
SPEC-ACTIONS,DISTRB,CNT,int,12,15,,,,,,,,,
SPEC-ACTIONS,DISTRB,CTCODE,string,16,18,,,,,,,,,
SPEC-ACTIONS,DISTRB,TSTEP,int,19,22,,,,,,,,,
SPEC-ACTIONS,DISTRB,CDEFFG,string,23,28,,,,,,,,,
SPEC-ACTIONS,DISTRB,FRACT01,float,30,35,,,,,,,,,
SPEC-ACTIONS,DISTRB,FRACT02,float,35,40,,,,,,,,,
SPEC-ACTIONS,DISTRB,FRACT03,float,40,45,,,,,,,,,
SPEC-ACTIONS,DISTRB,FRACT04,float,45,50,,,,,,,,,
SPEC-ACTIONS,DISTRB,FRACT05,float,50,55,,,,,,,,,
SPEC-ACTIONS,DISTRB,FRACT06,float,55,60,,,,,,,,,
SPEC-ACTIONS,DISTRB,FRACT07,float,60,65,,,,,,,,,
SPEC-ACTIONS,DISTRB,FRACT08,float,65,70,,,,,,,,,
SPEC-ACTIONS,DISTRB,FRACT09,float,70,75,,,,,,,,,
SPEC-ACTIONS,DISTRB,FRACT10,float,75,80,,,,,,,,,
SPEC-ACTIONS,UVNAME,KWRD,string,2,8,,,,,,,,,
SPEC-ACTIONS,UVNAME,UNAME,string,10,16,,,,,,,,,
SPEC-ACTIONS,UVNAME,CNT,int,16,19,,,,,,,,,
SPEC-ACTIONS,UVNAME,VNAME,string,20,26,,,,,,,,,
SPEC-ACTIONS,UVNAME,CSUB1,string,26,29,,,,,,,,,
SPEC-ACTIONS,UVNAME,CSUB2,string,29,32,,,,,,,,,
SPEC-ACTIONS,UVNAME,CSUB3,string,32,35,,,,,,,,,
SPEC-ACTIONS,UVNAME,FRAC,float,36,41,,,,,,,,,
SPEC-ACTIONS,UVNAME,ACTCD,string,42,46,,,,,,,,,
SPEC-ACTIONS,UVQUAN,KWRD,string,2,8,,,,,,,,,
SPEC-ACTIONS,UVQUAN,UVQUAN,string,9,15,,,,,,,,,
SPEC-ACTIONS,UVQUAN,OPTYP,string,16,22,,,,,,,,,
SPEC-ACTIONS,UVQUAN,OPTNO,int,23,26,,,,,,,,,
SPEC-ACTIONS,UVQUAN,VNAME,string,27,33,,,,,,,,,
SPEC-ACTIONS,UVQUAN,CSUB1,string,33,36,,,,,,,,,
SPEC-ACTIONS,UVQUAN,CSUB2,string,36,39,,,,,,,,,
SPEC-ACTIONS,UVQUAN,CSUB3,string,39,42,,,,,,,,,
SPEC-ACTIONS,UVQUAN,TYPCODE,int,42,44,,,,,,,,,
SPEC-ACTIONS,UVQUAN,UVQMUL,float,44,54,,,,,,,,,
SPEC-ACTIONS,UVQUAN,CTCODE1,string,55,57,,,,,,,,,
SPEC-ACTIONS,UVQUAN,TSTEP1,int,57,60,,,,,,,,,
SPEC-ACTIONS,UVQUAN,CTCODE2,string,61,63,,,,,,,,,
SPEC-ACTIONS,UVQUAN,TSTEP2,int,63,66,,,,,,,,,
SPEC-ACTIONS,UVQUAN,CTRAN,string,67,71,,,,,,,,,
SPEC-ACTIONS,conditions,cond_id,int,0,10,,,,,,,,,
SPEC-ACTIONS,conditions,parent_id,int,10,20,,,,,,,,,
SPEC-ACTIONS,conditions,sibling_id,int,20,30,,,,,,,,,
SPEC-ACTIONS,conditions,condition,int,30,1000,,,,,,,,,
