HSPF_BLOCK,HSPF_TABLE,HSPF_TABLE_EXT,HDF_TABLE,TEMPLATE,HSPF_MANUAL_SORT_ORDER,TABLE_HEADER,TABLE_HELP
BMPRAC,ACID-FLAG,ACID-FLAG,/BMPRAC/ACID/FLAGS,GEN-INFO,410,"*** BMPRAC  Num       Monthly variable flags
*** x -  x Chem ACI1 ACI2 ACI3 ACI4 ACI5 ACI6 ACI7",*** Acid mine drainage components flags.
BMPRAC,ACID-FRAC,ACID-FRAC,/BMPRAC/ACID/PARAMETERS,GEN-INFO,411,"    BMPRAC***                        Removal fractions
*** x -  x      ACI1      ACI2      ACI3      ACI4      ACI5      ACI6      ACI7",*** Removal fractions for acid mine drainage chemicals
BMPRAC,ADSNUT-FRAC,ADSNUT-FRAC,/BMPRAC/ADSNUT/PARAMETERS,GEN-INFO,405,"***                             Removal fractions
*** BMPRAC              Ammonia                     Phosphate
*** x -  x      Sand      Silt      Clay      Sand      Silt      Clay",*** Removal fractions for adsorbed nutrients.
BMPRAC,BINARY-INFO,BINARY-INFO,/BMPRAC/GENERAL/BINOUT,GEN-INFO,390,"*** BMPRAC  Binary Output level flags
*** x -  x FLOW CONS HEAT  SED   GQ  OXY  NUT PLNK   PH PIVL  PYR","*** Table of binary output level flags for BMPRAC. HSPF permits the user
*** to vary the output level (maximum frequency) for the various active
*** sections of an operation. 2 means every PIVL intervals, 3 means
*** every day, 4 means every month, 5 means every year, 6 means never."
BMPRAC,CONS-FLAG,CONS-FLAG,/BMPRAC/CONS/FLAGS,GEN-INFO,393,"*** BMPRAC            Monthly variable flags
*** x -  x  C1F  C2F  C3F  C4F  C5F  C6F  C7F  C8F  C9F C10F",*** Conservative constituent flags.
BMPRAC,CONS-FRAC,CONS-FRAC,/BMPRAC/CONS/PARAMETERS,GEN-INFO,394,"*** BMPRAC        Name           Units  Removal fraction
*** x -  x<-------CONID------>  <CQTYID>    CONFRC",*** Name and removal fraction for one conservative substance.
BMPRAC,DNUT-FRAC,DNUT-FRAC,/BMPRAC/DNUT/PARAMETERS,GEN-INFO,404,"*** BMPRAC               Removal fractions
*** x -  x       NO3       TAM       NO2       PO4",*** Removal fractions for dissolved nutrients.
BMPRAC,FLOW-FLAG,FLOW-FLAG,/BMPRAC/FLOW/FLAGS,GEN-INFO,391,"*** BMPRAC Monthly variable flag
*** x -  x VOLF",*** Flow flags.
BMPRAC,FLOW-FRAC,FLOW-FRAC,/BMPRAC/FLOW/FLAGS,GEN-INFO,392,"*** BMPRAC Removal fraction
*** x -  x    VOLFRC",*** Removal fraction for flow.
BMPRAC,GEN-INFO,GEN-INFO,/BMPRAC/GENERAL/INFO,,389,"***              Name           BMP             Unit Systems   Printer
*** BMPRAC                     Type NCON  NGQ      t-series  Engl Metr
*** x -  x<------------------>                      in  out",*** General information for BMPRAC.
BMPRAC,GQ-FLAG,GQ-FLAG,/BMPRAC/GQ/FLAGS,GEN-INFO,399,"***                   Monthly variable flags
*** BMPRAC<------Qual 1------><------Qual 2------><------Qual 3------>
*** x -  x Soln Sand Silt Clay Soln Sand Silt Clay Soln Sand Silt Clay",*** General constituent (qual) flags.
BMPRAC,GQ-FRAC,GQ-FRAC,/BMPRAC/GQ/PARAMETERS,GEN-INFO,400,"    BMPRAC***     Name           Units            Removal fractions
*** x -  x<-------GQID------->  <GQTYID>      Soln      Sand      Silt      Clay",*** Name and removal fraction for one generalized quality constituent.
BMPRAC,HEAT-FLAG,HEAT-FLAG,/BMPRAC/HEAT/FLAGS,GEN-INFO,395,"*** BMPRAC Monthly variable flag
*** x -  x  HTF",*** Heat flags.
BMPRAC,HEAT-FRAC,HEAT-FRAC,/BMPRAC/HEAT/PARAMETERS,GEN-INFO,396,"*** BMPRAC Removal fraction
*** x -  x     HTFRC",*** Removal fraction for heat.
BMPRAC,NUT-FLAG,NUT-FLAG,/BMPRAC/NUT/FLAGS,GEN-INFO,403,"***                  Monthly variable flags
*** BMPRAC<-----Solution-----><---Ads-NH4---><---Ads-PO4--->
*** x -  x  NO3  TAM  NO2  PO4 Sand Silt Clay Sand Silt Clay",*** Nutrient flags.
BMPRAC,OXY-FLAG,OXY-FLAG,/BMPRAC/OXY/FLAGS,GEN-INFO,401,"*** BMPRAC  Monthly variable flags
*** x -  x DOXF BODF",*** Oxygen components flags.
BMPRAC,OXY-FRAC,OXY-FRAC,/BMPRAC/OXY/PARAMETERS,GEN-INFO,402,"*** BMPRAC   Removal fractions
*** x -  x       DOX       BOD",*** Removal fractions for oxygen components.
BMPRAC,PH-FLAG,PH-FLAG,/BMPRAC/PH/FLAGS,GEN-INFO,408,"*** BMPRAC  Monthly variable flags
*** x -  x  TIC  CO2",*** Inorganic carbon components flags.
BMPRAC,PH-FRAC,PH-FRAC,/BMPRAC/PH/PARAMETERS,GEN-INFO,409,"*** BMPRAC    Removal fractions
*** x -  x       TIC       CO2",*** Removal fractions for inorganic carbon components.
BMPRAC,PLANK-FLAG,PLANK-FLAG,/BMPRAC/PLANK/FLAGS,GEN-INFO,406,"*** BMPRAC  Monthly variable flags
*** x -  x Phyt  Zoo  ORN  ORP  ORC",*** Plankton components flags.
BMPRAC,PLANK-FRAC,PLANK-FRAC,/BMPRAC/PLANK/PARAMETERS,GEN-INFO,407,"*** BMPRAC                  Removal Fractions
*** x -  x      Phyt       Zoo       ORN       ORP       ORC",*** Removal fractions for plankton components.
BMPRAC,PRINT-INFO,PRINT-INFO,/BMPRAC/GENERAL/PRINT,GEN-INFO,388,"*** BMPRAC  Printout level flags
*** x -  x FLOW CONS HEAT  SED   GQ  OXY  NUT PLNK   PH PIVL  PYR","*** Table of printout level flags for BMPRAC. HSPF permits the user to
*** vary the printout level (maximum frequency) for the various active
*** sections of an operation. 2 means every PIVL intervals, 3 means
*** every day, 4 means every month, 5 means every year, 6 means never."
BMPRAC,SED-FLAG,SED-FLAG,/BMPRAC/SED/FLAGS,GEN-INFO,397,"*** BMPRAC Monthly variable flags
*** x -  x Sand Silt Clay",*** Sediment flags.
BMPRAC,SED-FRAC,SED-FRAC,/BMPRAC/SED/PARAMETERS,GEN-INFO,398,"*** BMPRAC         Removal fractions
*** x -  x      sand      silt      clay",*** Removal fractions for sediment.
CATEGORY,,,/CATEGORY,,428,Ac <no> <category name-> ***,"*** The CATEGORIES block associates a category name with a number for use
*** in keeping track of categories in a simulation."
COPY,TIMESERIES,TIMESERIES,/COPY/COPY/PARAMETERS,,371,"  Copy-opn ***
*** x -  x  NPT  NMN",*** Number of time series to be copied using COPY Operation.
DISPLY,DISPLY-INFO1,DISPLY-INFO1,/DISPLY/DISPLY/INFO,,376,"    DISPLY<----------Title-------->***        <-short-span->
*** x -  x                                    <---disply--->  <annual summary ->
*** x -  x                               TRAN PIVL DIG1 FIL1  PYR DIG2 FIL2 YRND","*** This table contains most of the information necessary to generate data
*** displays."
DISPLY,DISPLY-INFO2,DISPLY-INFO2,/DISPLY/DISPLY/INFO,DISPLY-INFO1,377,"*** DISPLY Convert DegC to F    Display negative data
*** x -  x      Mult       Add    THRSH1    THRSH2","*** Additional optional information for module DISPLY. This table is
*** usually not supplied."
DURANL,DURATIONS,DURATIONS,/DURANL/DURANL/PARAMETERS,GEN-DURDATA,380,"*** DURANL   <---Durations-------->
*** x -  x    1    2    3    4    5",*** Table of durations to be used in the duration analysis.
DURANL,GEN-DURDATA,GEN-DURDATA,/DURANL/DURANL/PARAMETERS,,378,"    DURANL<-----------------title----------------> NDUR NLEV PRFG***P- LCNU LCOU
*** x -  x                                                        UNIT",*** General information for durational analysis.
DURANL,LCONC,LCONC,/DURANL/DURANL/PARAMETERS,GEN-DURDATA,382,"    DURANL ***
*** x -  x       LC1       LC2       LC3       LC4       LC5       LC6       LC7
*** x -  x       LC8       LC9      LC10","*** Lethal concentrations to be used in the duration analysis. Repeats for
*** each lethal concentration curve-LCNUM times. If no lethal analysis is
*** being done, this table may be omitted."
DURANL,LEVELS,LEVELS,/DURANL/DURANL/PARAMETERS,GEN-DURDATA,381,"    DURANL ***
*** x -  x    2    3    4    5    6    7    8    9   10   11   12   13   14   15
*** x -  x   16   17   18   19   20   21",*** Levels to be used in the duration analysis.
DURANL,SEASON,SEASON,/DURANL/DURANL/PARAMETERS,GEN-DURDATA,379,"*** DURANL         Start               End
*** x -  x         mo da hr mn         mo da hr mn",*** Information for seasonal duration analysis.
EXT SOURCES,,,/CONTROL/EXT_SOURCES,,418,"***<-Volume-> <Member> SsysSgap<--Mult-->Tran <-Target vols> <-Grp> <-Member->
Ac <Name>***x <Name> x tem strg<-factor->strg <Name>   x   x        <Name> x x","*** In the EXTERNAL SOURCES block the user specifies those time series
*** which are to be supplied to operations in a RUN from sources external
*** to it."
EXT TARGETS,,,/CONTROL/EXT_TARGETS,,422,"***<-Volume-> <-Grp> <-Member-><--Mult-->Tran <-Volume-> <Member> Tsys Agg Amd
Ac <Name>***x        <Name> x x<-factor->strg <Name>   x <Name>qf  tem stg stg","*** In the EXTERNAL TARGETS block the user specifies those time series
*** which will be output from the operations in a RUN."
FILES,,,/FILES/FILES,,2,Ac <type>  <fun>***<------------fname---------------------------------------->,"*** The FILES block contains the names of input and output files used by
*** the program during the run."
FTABLES,FTABLE,FTABLE,/FTABLES/FT,,417,,
GENER,COEFFS,COEFFS,/GENER/INFO,OPCODE,385,"    GENER***      K1        K2        K3        K4        K5        K6        K7
*** x -  x",*** Coefficients in generating power function.
GENER,NTERMS,NTERMS,/GENER/INFO,OPCODE,384,"*** GENER NTERMS
*** x -  x",*** Number of terms in power series.
GENER,OPCODE,OPCODE,/GENER/OPCODE,,383,"*** GENER   OP-
*** x -  x CODE  NTS",*** Operation code and number of members for time series generation.
GENER,PARM,PARM,/GENER/GENER/INFO,OPCODE,386,"*** GENER          K
*** x -  x",*** Constant for GENER operation.
GLOBAL,,,/CONTROL/GLOBAL,,1,,
IMPLND,ACTIVITY,ACTIVITY,/IMPLND/GENERAL/ACTIVITY,,213,"*** <ILS >               Active Sections
*** x -  x ATMP SNOW IWAT  SLD  IWG IQAL",*** Active sections of IMPLND.
IMPLND,ATEMP-DAT,ATEMP-DAT,/IMPLND/ATEMP/PARAMETERS,,217,"*** <ILS >     ELDAT    AIRTEMP
*** x -  x      (m)    (deg C)",*** Data for section ATEMP.
IMPLND,BINARY-INFO,BINARY-INFO,/IMPLND/GENERAL/BINOUT,ACTIVITY,215,"*** <ILS > **** Binary-Output-flags **** PIVL  PYR
*** x -  x ATMP SNOW IWAT  SLD  IWG IQAL *********","*** Binary Output information of IMPLND. HSPF permits the user to vary
*** the output level (maximum frequency) for the various active sections
*** of an operation. 2 means every PIVL intervals, 3 means every day,
*** 4 means every month, 5 means every year, 6 means never."
IMPLND,GEN-INFO,GEN-INFO,/IMPLND/GENERAL/INFO,ACTIVITY,216,"***             Name             Unit-systems   Printer BinaryOut
*** <ILS >                           t-series Engl Metr Engl Metr
*** x -  x                            in  out",*** General information for IMPLND.
IMPLND,ICE-FLAG,ICE-FLAG,/IMPLND/SNOW/FLAGS,,218,"*** <ILS > Ice-
*** x -  x flag",*** Flag to simulate ice formation.
IMPLND,IQL-AD-FLAGS,IQL-AD-FLAGS,/IMPLND/IQUAL/FLAGS,QUAL-PROPS,243,"***                        Atmospheric Deposition Flags
*** <ILS >  QUAL1  QUAL2  QUAL3  QUAL4  QUAL5  QUAL6  QUAL7  QUAL8  QUAL9 QUAL10
*** x -  x <F><C> <F><C> <F><C> <F><C> <F><C> <F><C> <F><C> <F><C> <F><C> <F><C>",*** Quality constituent atmospheric deposition flags.
IMPLND,IWAT-PARM1,IWAT-PARM1,/IMPLND/IWATER/PARAMETERS,IWAT-PARM2,225,"*** <ILS >        Flags
*** x -  x CSNO RTOP  VRS  VNN RTLI",*** First group of IWATER parameters (flags).
IMPLND,IWAT-PARM2,IWAT-PARM2,/IMPLND/IWATER/PARAMETERS,,226,"*** <ILS >      LSUR     SLSUR      NSUR     RETSC
*** x -  x       (m)                          (mm)",*** Second group of IWATER parameters.
IMPLND,IWAT-PARM3,IWAT-PARM3,/IMPLND/IWATER/PARAMETERS,IWAT-PARM2,227,"*** <ILS >    PETMAX    PETMIN
*** x -  x   (deg C)   (deg C)",*** Third group of IWATER parameters.
IMPLND,IWAT-STATE1,IWAT-STATE1,/IMPLND/IWATER/STATES,IWAT-PARM2,235,"*** <ILS >  IWATER state variables (mm)
*** x -  x      RETS      SURS",*** This table is used to specify the inital water storages.
IMPLND,IWT-INIT,IWT-INIT,/IMPLND/IWTGAS/STATES,,241,"*** <ILS >     SOTMP     SODOX     SOCO2
*** x -  x   (deg C)    (mg/l)  (mg C/l)","*** Initial conditions for section IWTGAS.  The values given in this table
*** do not affect anything in the simulation beyond the start of the first
*** interval of the run.  Therefore, in most runs, this table should be
*** omitted."
IMPLND,IWT-PARM1,IWT-PARM1,/IMPLND/IWTGAS/PARAMETERS,,236,"*** <ILS >  Flags for section IWTGAS
*** x -  x WTFV CSNO",*** Flags for section IWTGAS (IMPLND).
IMPLND,IWT-PARM2,IWT-PARM2,/IMPLND/IWTGAS/PARAMETERS,,237,"***         Second group of IWTGAS parms
*** <ILS >      ELEV      AWTF      BWTF
*** x -  x       (m)   (deg C) (deg C/C)",*** Second group of IWTGAS parameters (IMPLND).
IMPLND,LAT-FACTOR,LAT-FACTOR,/IMPLND/IQUAL/PARAMETERS,QUAL-PROPS,238,"*** <ILS >  Sediment   Surface
*** x -  x    SDLFAC    SLIFAC",*** Lateral inflow weighting factors for IWGTAS and IQUAL
IMPLND,LAT-FACTOR,LAT-FACTOR,/IMPLND/IWTGAS/PARAMETERS,,237,"*** <ILS >  Sediment   Surface
*** x -  x    SDLFAC    SLIFAC",*** Lateral inflow weighting factors for IWGTAS and IQUAL
IMPLND,MON-ACCUM,MON-ACCUM1,/IMPLND/IQUAL/MONTHLY/ACQOP1,QUAL-PROPS,247,"*** <ILS >  Value at start of each month for accum rate of QUALOF (qty/ha.day)
*** x -  x  JAN  FEB  MAR  APR  MAY  JUN  JUL  AUG  SEP  OCT  NOV  DEC","*** Monthly values of accumulation rate of QUALOF at start of each month.
*** This table is only required if VQOFG in Table-type QUAL-PROPS is 1.
*** and is repeated for each quality constituent."
IMPLND,MON-ACCUM,MON-ACCUM10,/IMPLND/IQUAL/MONTHLY/ACQOP10,QUAL-PROPS,247,"*** <ILS >  Value at start of each month for accum rate of QUALOF (qty/ha.day)
*** x -  x  JAN  FEB  MAR  APR  MAY  JUN  JUL  AUG  SEP  OCT  NOV  DEC","*** Monthly values of accumulation rate of QUALOF at start of each month.
*** This table is only required if VQOFG in Table-type QUAL-PROPS is 1.
*** and is repeated for each quality constituent."
IMPLND,MON-ACCUM,MON-ACCUM2,/IMPLND/IQUAL/MONTHLY/ACQOP2,QUAL-PROPS,247,"*** <ILS >  Value at start of each month for accum rate of QUALOF (qty/ha.day)
*** x -  x  JAN  FEB  MAR  APR  MAY  JUN  JUL  AUG  SEP  OCT  NOV  DEC","*** Monthly values of accumulation rate of QUALOF at start of each month.
*** This table is only required if VQOFG in Table-type QUAL-PROPS is 1.
*** and is repeated for each quality constituent."
IMPLND,MON-ACCUM,MON-ACCUM3,/IMPLND/IQUAL/MONTHLY/ACQOP3,QUAL-PROPS,247,"*** <ILS >  Value at start of each month for accum rate of QUALOF (qty/ha.day)
*** x -  x  JAN  FEB  MAR  APR  MAY  JUN  JUL  AUG  SEP  OCT  NOV  DEC","*** Monthly values of accumulation rate of QUALOF at start of each month.
*** This table is only required if VQOFG in Table-type QUAL-PROPS is 1.
*** and is repeated for each quality constituent."
IMPLND,MON-ACCUM,MON-ACCUM4,/IMPLND/IQUAL/MONTHLY/ACQOP4,QUAL-PROPS,247,"*** <ILS >  Value at start of each month for accum rate of QUALOF (qty/ha.day)
*** x -  x  JAN  FEB  MAR  APR  MAY  JUN  JUL  AUG  SEP  OCT  NOV  DEC","*** Monthly values of accumulation rate of QUALOF at start of each month.
*** This table is only required if VQOFG in Table-type QUAL-PROPS is 1.
*** and is repeated for each quality constituent."
IMPLND,MON-ACCUM,MON-ACCUM5,/IMPLND/IQUAL/MONTHLY/ACQOP5,QUAL-PROPS,247,"*** <ILS >  Value at start of each month for accum rate of QUALOF (qty/ha.day)
*** x -  x  JAN  FEB  MAR  APR  MAY  JUN  JUL  AUG  SEP  OCT  NOV  DEC","*** Monthly values of accumulation rate of QUALOF at start of each month.
*** This table is only required if VQOFG in Table-type QUAL-PROPS is 1.
*** and is repeated for each quality constituent."
IMPLND,MON-ACCUM,MON-ACCUM6,/IMPLND/IQUAL/MONTHLY/ACQOP6,QUAL-PROPS,247,"*** <ILS >  Value at start of each month for accum rate of QUALOF (qty/ha.day)
*** x -  x  JAN  FEB  MAR  APR  MAY  JUN  JUL  AUG  SEP  OCT  NOV  DEC","*** Monthly values of accumulation rate of QUALOF at start of each month.
*** This table is only required if VQOFG in Table-type QUAL-PROPS is 1.
*** and is repeated for each quality constituent."
IMPLND,MON-ACCUM,MON-ACCUM7,/IMPLND/IQUAL/MONTHLY/ACQOP7,QUAL-PROPS,247,"*** <ILS >  Value at start of each month for accum rate of QUALOF (qty/ha.day)
*** x -  x  JAN  FEB  MAR  APR  MAY  JUN  JUL  AUG  SEP  OCT  NOV  DEC","*** Monthly values of accumulation rate of QUALOF at start of each month.
*** This table is only required if VQOFG in Table-type QUAL-PROPS is 1.
*** and is repeated for each quality constituent."
IMPLND,MON-ACCUM,MON-ACCUM8,/IMPLND/IQUAL/MONTHLY/ACQOP8,QUAL-PROPS,247,"*** <ILS >  Value at start of each month for accum rate of QUALOF (qty/ha.day)
*** x -  x  JAN  FEB  MAR  APR  MAY  JUN  JUL  AUG  SEP  OCT  NOV  DEC","*** Monthly values of accumulation rate of QUALOF at start of each month.
*** This table is only required if VQOFG in Table-type QUAL-PROPS is 1.
*** and is repeated for each quality constituent."
IMPLND,MON-ACCUM,MON-ACCUM9,/IMPLND/IQUAL/MONTHLY/ACQOP9,QUAL-PROPS,247,"*** <ILS >  Value at start of each month for accum rate of QUALOF (qty/ha.day)
*** x -  x  JAN  FEB  MAR  APR  MAY  JUN  JUL  AUG  SEP  OCT  NOV  DEC","*** Monthly values of accumulation rate of QUALOF at start of each month.
*** This table is only required if VQOFG in Table-type QUAL-PROPS is 1.
*** and is repeated for each quality constituent."
IMPLND,MON-AWTF,MON-AWTF,/IMPLND/IWTGAS/MONTHLY/AWTF,QUAL-PROPS,239,"*** <ILS >  Value of AWTF at start of each month (deg C)
*** x -  x  JAN  FEB  MAR  APR  MAY  JUN  JUL  AUG  SEP  OCT  NOV  DEC","*** Monthly values of AWTF (intercept of surface water temperature
*** regression equation) at start of each month. This table is only
*** required if WTFVFG in Table-type IWT-PARM1 is 1."
IMPLND,MON-BWTF,MON-BWTF,/IMPLND/IWTGAS/MONTHLY/BWTF,QUAL-PROPS,240,"*** <ILS >  Value of BWTF at start of each month (deg C/C)
*** x -  x  JAN  FEB  MAR  APR  MAY  JUN  JUL  AUG  SEP  OCT  NOV  DEC","*** Monthly values of BWTF (slope of surface water temperature regression
*** equation) at start of each month. This table is only required if
*** WTFVFG in Table-type IWT-PARM1 is 1."
IMPLND,MON-MANNING,MON-MANNING,/IMPLND/IWATER/MONTHLY/NSUR,IWAT-PARM2,229,"*** <ILS >  Manning's n at start of each month
*** x -  x  JAN  FEB  MAR  APR  MAY  JUN  JUL  AUG  SEP  OCT  NOV  DEC","*** Values of Manning's n for the overland flow plane at start of ea
*** month.  This table is only required if VNNFG in Table-type IWAT-PARM1
*** is 1."
IMPLND,MON-MELT-FAC,MON-MELT-FAC,/IMPLND/SNOW/MONTHLY/KMELT,,222,"*** <ILS >  Degree-day snowmelt factor at start of each month (mm/d.C)
*** x -  x  JAN  FEB  MAR  APR  MAY  JUN  JUL  AUG  SEP  OCT  NOV  DEC","*** Monthly values of degree-day snowmelt factor at start of each month.
*** This table is only required if VKMFG in Table-type SNOW-FLAGS is 1."
IMPLND,MON-POTFW,MON-POTFW1,/IMPLND/IQUAL/MONTHLY/POTFW1,QUAL-PROPS,246,"*** <ILS >  Value at start of each month for washoff potency factor (qty/tonn)
*** x -  x  JAN  FEB  MAR  APR  MAY  JUN  JUL  AUG  SEP  OCT  NOV  DEC","*** Monthly values of washoff potency factor at start of each month. This
*** table is only required if VPFWFG in Table-type QUAL-PROPS is 1. and is
*** repeated for each quality constituent."
IMPLND,MON-POTFW,MON-POTFW10,/IMPLND/IQUAL/MONTHLY/POTFW10,QUAL-PROPS,246,"*** <ILS >  Value at start of each month for washoff potency factor (qty/tonn)
*** x -  x  JAN  FEB  MAR  APR  MAY  JUN  JUL  AUG  SEP  OCT  NOV  DEC","*** Monthly values of washoff potency factor at start of each month. This
*** table is only required if VPFWFG in Table-type QUAL-PROPS is 1. and is
*** repeated for each quality constituent."
IMPLND,MON-POTFW,MON-POTFW2,/IMPLND/IQUAL/MONTHLY/POTFW2,QUAL-PROPS,246,"*** <ILS >  Value at start of each month for washoff potency factor (qty/tonn)
*** x -  x  JAN  FEB  MAR  APR  MAY  JUN  JUL  AUG  SEP  OCT  NOV  DEC","*** Monthly values of washoff potency factor at start of each month. This
*** table is only required if VPFWFG in Table-type QUAL-PROPS is 1. and is
*** repeated for each quality constituent."
IMPLND,MON-POTFW,MON-POTFW3,/IMPLND/IQUAL/MONTHLY/POTFW3,QUAL-PROPS,246,"*** <ILS >  Value at start of each month for washoff potency factor (qty/tonn)
*** x -  x  JAN  FEB  MAR  APR  MAY  JUN  JUL  AUG  SEP  OCT  NOV  DEC","*** Monthly values of washoff potency factor at start of each month. This
*** table is only required if VPFWFG in Table-type QUAL-PROPS is 1. and is
*** repeated for each quality constituent."
IMPLND,MON-POTFW,MON-POTFW4,/IMPLND/IQUAL/MONTHLY/POTFW4,QUAL-PROPS,246,"*** <ILS >  Value at start of each month for washoff potency factor (qty/tonn)
*** x -  x  JAN  FEB  MAR  APR  MAY  JUN  JUL  AUG  SEP  OCT  NOV  DEC","*** Monthly values of washoff potency factor at start of each month. This
*** table is only required if VPFWFG in Table-type QUAL-PROPS is 1. and is
*** repeated for each quality constituent."
IMPLND,MON-POTFW,MON-POTFW5,/IMPLND/IQUAL/MONTHLY/POTFW5,QUAL-PROPS,246,"*** <ILS >  Value at start of each month for washoff potency factor (qty/tonn)
*** x -  x  JAN  FEB  MAR  APR  MAY  JUN  JUL  AUG  SEP  OCT  NOV  DEC","*** Monthly values of washoff potency factor at start of each month. This
*** table is only required if VPFWFG in Table-type QUAL-PROPS is 1. and is
*** repeated for each quality constituent."
IMPLND,MON-POTFW,MON-POTFW6,/IMPLND/IQUAL/MONTHLY/POTFW6,QUAL-PROPS,246,"*** <ILS >  Value at start of each month for washoff potency factor (qty/tonn)
*** x -  x  JAN  FEB  MAR  APR  MAY  JUN  JUL  AUG  SEP  OCT  NOV  DEC","*** Monthly values of washoff potency factor at start of each month. This
*** table is only required if VPFWFG in Table-type QUAL-PROPS is 1. and is
*** repeated for each quality constituent."
IMPLND,MON-POTFW,MON-POTFW7,/IMPLND/IQUAL/MONTHLY/POTFW7,QUAL-PROPS,246,"*** <ILS >  Value at start of each month for washoff potency factor (qty/tonn)
*** x -  x  JAN  FEB  MAR  APR  MAY  JUN  JUL  AUG  SEP  OCT  NOV  DEC","*** Monthly values of washoff potency factor at start of each month. This
*** table is only required if VPFWFG in Table-type QUAL-PROPS is 1. and is
*** repeated for each quality constituent."
IMPLND,MON-POTFW,MON-POTFW8,/IMPLND/IQUAL/MONTHLY/POTFW8,QUAL-PROPS,246,"*** <ILS >  Value at start of each month for washoff potency factor (qty/tonn)
*** x -  x  JAN  FEB  MAR  APR  MAY  JUN  JUL  AUG  SEP  OCT  NOV  DEC","*** Monthly values of washoff potency factor at start of each month. This
*** table is only required if VPFWFG in Table-type QUAL-PROPS is 1. and is
*** repeated for each quality constituent."
IMPLND,MON-POTFW,MON-POTFW9,/IMPLND/IQUAL/MONTHLY/POTFW9,QUAL-PROPS,246,"*** <ILS >  Value at start of each month for washoff potency factor (qty/tonn)
*** x -  x  JAN  FEB  MAR  APR  MAY  JUN  JUL  AUG  SEP  OCT  NOV  DEC","*** Monthly values of washoff potency factor at start of each month. This
*** table is only required if VPFWFG in Table-type QUAL-PROPS is 1. and is
*** repeated for each quality constituent."
IMPLND,MON-REMOV,MON-REMOV,/IMPLND/SOLIDS/MONTHLY/REMSDP,SLD-PARM2,233,"*** <ILS >  Monthly solids unit removal rate (/day)
*** x -  x  JAN  FEB  MAR  APR  MAY  JUN  JUL  AUG  SEP  OCT  NOV  DEC","*** Monthly values of solids unit removal rate. This table is only
*** required if VRSDFG in Table-type SLD-PARM1 is 1."
IMPLND,MON-RETN,MON-RETN,/IMPLND/IWATER/MONTHLY/RETSC,IWAT-PARM2,228,"*** <ILS >  Retention storage capacity at start of each month (mm)
*** x -  x  JAN  FEB  MAR  APR  MAY  JUN  JUL  AUG  SEP  OCT  NOV  DEC","*** Monthly Values of retention storage capacity at start of each mo This
*** table is only required if VRSFG in Table-type IWAT-PARM1 is"
IMPLND,MON-SACCUM,MON-SACCUM,/IMPLND/SOLIDS/MONTHLY/ACCSDP,SLD-PARM2,232,"*** <ILS >  Monthly values for solids accumulation (tonnes/ha.day)
*** x -  x  JAN  FEB  MAR  APR  MAY  JUN  JUL  AUG  SEP  OCT  NOV  DEC","*** Monthly values for solids accumulation rate. This table is only
*** required if VASDFG in Table-type SLD-PARM1 is 1."
IMPLND,MON-SQOLIM,MON-SQOLIM1,/IMPLND/IQUAL/MONTHLY/SQOLIM1,QUAL-PROPS,248,"*** <ILS >  Value at start of month for limiting storage of QUALOF (qty/ha)
*** x -  x  JAN  FEB  MAR  APR  MAY  JUN  JUL  AUG  SEP  OCT  NOV  DEC","*** Monthly values limiting storage of QUALOF at start of each month. This
*** table is only required if VQOFG in Table-type QUAL-PROPS is 1. and is
*** repeated for each quality constituent."
IMPLND,MON-SQOLIM,MON-SQOLIM10,/IMPLND/IQUAL/MONTHLY/SQOLIM10,QUAL-PROPS,248,"*** <ILS >  Value at start of month for limiting storage of QUALOF (qty/ha)
*** x -  x  JAN  FEB  MAR  APR  MAY  JUN  JUL  AUG  SEP  OCT  NOV  DEC","*** Monthly values limiting storage of QUALOF at start of each month. This
*** table is only required if VQOFG in Table-type QUAL-PROPS is 1. and is
*** repeated for each quality constituent."
IMPLND,MON-SQOLIM,MON-SQOLIM2,/IMPLND/IQUAL/MONTHLY/SQOLIM2,QUAL-PROPS,248,"*** <ILS >  Value at start of month for limiting storage of QUALOF (qty/ha)
*** x -  x  JAN  FEB  MAR  APR  MAY  JUN  JUL  AUG  SEP  OCT  NOV  DEC","*** Monthly values limiting storage of QUALOF at start of each month. This
*** table is only required if VQOFG in Table-type QUAL-PROPS is 1. and is
*** repeated for each quality constituent."
IMPLND,MON-SQOLIM,MON-SQOLIM3,/IMPLND/IQUAL/MONTHLY/SQOLIM3,QUAL-PROPS,248,"*** <ILS >  Value at start of month for limiting storage of QUALOF (qty/ha)
*** x -  x  JAN  FEB  MAR  APR  MAY  JUN  JUL  AUG  SEP  OCT  NOV  DEC","*** Monthly values limiting storage of QUALOF at start of each month. This
*** table is only required if VQOFG in Table-type QUAL-PROPS is 1. and is
*** repeated for each quality constituent."
IMPLND,MON-SQOLIM,MON-SQOLIM4,/IMPLND/IQUAL/MONTHLY/SQOLIM4,QUAL-PROPS,248,"*** <ILS >  Value at start of month for limiting storage of QUALOF (qty/ha)
*** x -  x  JAN  FEB  MAR  APR  MAY  JUN  JUL  AUG  SEP  OCT  NOV  DEC","*** Monthly values limiting storage of QUALOF at start of each month. This
*** table is only required if VQOFG in Table-type QUAL-PROPS is 1. and is
*** repeated for each quality constituent."
IMPLND,MON-SQOLIM,MON-SQOLIM5,/IMPLND/IQUAL/MONTHLY/SQOLIM5,QUAL-PROPS,248,"*** <ILS >  Value at start of month for limiting storage of QUALOF (qty/ha)
*** x -  x  JAN  FEB  MAR  APR  MAY  JUN  JUL  AUG  SEP  OCT  NOV  DEC","*** Monthly values limiting storage of QUALOF at start of each month. This
*** table is only required if VQOFG in Table-type QUAL-PROPS is 1. and is
*** repeated for each quality constituent."
IMPLND,MON-SQOLIM,MON-SQOLIM6,/IMPLND/IQUAL/MONTHLY/SQOLIM6,QUAL-PROPS,248,"*** <ILS >  Value at start of month for limiting storage of QUALOF (qty/ha)
*** x -  x  JAN  FEB  MAR  APR  MAY  JUN  JUL  AUG  SEP  OCT  NOV  DEC","*** Monthly values limiting storage of QUALOF at start of each month. This
*** table is only required if VQOFG in Table-type QUAL-PROPS is 1. and is
*** repeated for each quality constituent."
IMPLND,MON-SQOLIM,MON-SQOLIM7,/IMPLND/IQUAL/MONTHLY/SQOLIM7,QUAL-PROPS,248,"*** <ILS >  Value at start of month for limiting storage of QUALOF (qty/ha)
*** x -  x  JAN  FEB  MAR  APR  MAY  JUN  JUL  AUG  SEP  OCT  NOV  DEC","*** Monthly values limiting storage of QUALOF at start of each month. This
*** table is only required if VQOFG in Table-type QUAL-PROPS is 1. and is
*** repeated for each quality constituent."
IMPLND,MON-SQOLIM,MON-SQOLIM8,/IMPLND/IQUAL/MONTHLY/SQOLIM8,QUAL-PROPS,248,"*** <ILS >  Value at start of month for limiting storage of QUALOF (qty/ha)
*** x -  x  JAN  FEB  MAR  APR  MAY  JUN  JUL  AUG  SEP  OCT  NOV  DEC","*** Monthly values limiting storage of QUALOF at start of each month. This
*** table is only required if VQOFG in Table-type QUAL-PROPS is 1. and is
*** repeated for each quality constituent."
IMPLND,MON-SQOLIM,MON-SQOLIM9,/IMPLND/IQUAL/MONTHLY/SQOLIM9,QUAL-PROPS,248,"*** <ILS >  Value at start of month for limiting storage of QUALOF (qty/ha)
*** x -  x  JAN  FEB  MAR  APR  MAY  JUN  JUL  AUG  SEP  OCT  NOV  DEC","*** Monthly values limiting storage of QUALOF at start of each month. This
*** table is only required if VQOFG in Table-type QUAL-PROPS is 1. and is
*** repeated for each quality constituent."
IMPLND,NQUALS,NQUALS,/IMPLND/IQUAL/PARAMETERS,QUAL-PROPS,242,"*** <ILS >
*** x -  xNQUAL","*** The total number of quality constituents simulated in Section IQUAL is
*** indicated in this table."
IMPLND,PRINT-INFO,PRINT-INFO,/IMPLND/GENERAL/PRINT,,214,"*** <ILS > ******** Print-flags ******** PIVL  PYR
*** x -  x ATMP SNOW IWAT  SLD  IWG IQAL *********","*** Printout information of IMPLND. HSPF permits the user to vary the
*** printout level (maximum frequency) for the various active sections of
*** an operation. 2 means every PIVL intervals, 3 means every day, 4
*** means every month, 5 means every year, 6 means never."
IMPLND,QUAL-INPUT,QUAL-INPUT1,/IMPLND/IQUAL/IQUAL1/PARAMETERS,QUAL-PROPS,245,"***         Storage on surface and nonseasonal parameters
***            SQO    POTFW   ACQOP  SQOLIM   WSQOP
*** <ILS >  qty/ha qty/tonn    qty/  qty/ha   mm/hr
*** x -  x                  ha.day","*** Storage on surface and nonseasonal parameters for IQUAL (IMPLND) This
*** table is repeated for each quality constituent."
IMPLND,QUAL-INPUT,QUAL-INPUT10,/IMPLND/IQUAL/IQUAL10/PARAMETERS,QUAL-PROPS,245,"***         Storage on surface and nonseasonal parameters
***            SQO    POTFW   ACQOP  SQOLIM   WSQOP
*** <ILS >  qty/ha qty/tonn    qty/  qty/ha   mm/hr
*** x -  x                  ha.day","*** Storage on surface and nonseasonal parameters for IQUAL (IMPLND) This
*** table is repeated for each quality constituent."
IMPLND,QUAL-INPUT,QUAL-INPUT2,/IMPLND/IQUAL/IQUAL2/PARAMETERS,QUAL-PROPS,245,"***         Storage on surface and nonseasonal parameters
***            SQO    POTFW   ACQOP  SQOLIM   WSQOP
*** <ILS >  qty/ha qty/tonn    qty/  qty/ha   mm/hr
*** x -  x                  ha.day","*** Storage on surface and nonseasonal parameters for IQUAL (IMPLND) This
*** table is repeated for each quality constituent."
IMPLND,QUAL-INPUT,QUAL-INPUT3,/IMPLND/IQUAL/IQUAL3/PARAMETERS,QUAL-PROPS,245,"***         Storage on surface and nonseasonal parameters
***            SQO    POTFW   ACQOP  SQOLIM   WSQOP
*** <ILS >  qty/ha qty/tonn    qty/  qty/ha   mm/hr
*** x -  x                  ha.day","*** Storage on surface and nonseasonal parameters for IQUAL (IMPLND) This
*** table is repeated for each quality constituent."
IMPLND,QUAL-INPUT,QUAL-INPUT4,/IMPLND/IQUAL/IQUAL4/PARAMETERS,QUAL-PROPS,245,"***         Storage on surface and nonseasonal parameters
***            SQO    POTFW   ACQOP  SQOLIM   WSQOP
*** <ILS >  qty/ha qty/tonn    qty/  qty/ha   mm/hr
*** x -  x                  ha.day","*** Storage on surface and nonseasonal parameters for IQUAL (IMPLND) This
*** table is repeated for each quality constituent."
IMPLND,QUAL-INPUT,QUAL-INPUT5,/IMPLND/IQUAL/IQUAL5/PARAMETERS,QUAL-PROPS,245,"***         Storage on surface and nonseasonal parameters
***            SQO    POTFW   ACQOP  SQOLIM   WSQOP
*** <ILS >  qty/ha qty/tonn    qty/  qty/ha   mm/hr
*** x -  x                  ha.day","*** Storage on surface and nonseasonal parameters for IQUAL (IMPLND) This
*** table is repeated for each quality constituent."
IMPLND,QUAL-INPUT,QUAL-INPUT6,/IMPLND/IQUAL/IQUAL6/PARAMETERS,QUAL-PROPS,245,"***         Storage on surface and nonseasonal parameters
***            SQO    POTFW   ACQOP  SQOLIM   WSQOP
*** <ILS >  qty/ha qty/tonn    qty/  qty/ha   mm/hr
*** x -  x                  ha.day","*** Storage on surface and nonseasonal parameters for IQUAL (IMPLND) This
*** table is repeated for each quality constituent."
IMPLND,QUAL-INPUT,QUAL-INPUT7,/IMPLND/IQUAL/IQUAL7/PARAMETERS,QUAL-PROPS,245,"***         Storage on surface and nonseasonal parameters
***            SQO    POTFW   ACQOP  SQOLIM   WSQOP
*** <ILS >  qty/ha qty/tonn    qty/  qty/ha   mm/hr
*** x -  x                  ha.day","*** Storage on surface and nonseasonal parameters for IQUAL (IMPLND) This
*** table is repeated for each quality constituent."
IMPLND,QUAL-INPUT,QUAL-INPUT8,/IMPLND/IQUAL/IQUAL8/PARAMETERS,QUAL-PROPS,245,"***         Storage on surface and nonseasonal parameters
***            SQO    POTFW   ACQOP  SQOLIM   WSQOP
*** <ILS >  qty/ha qty/tonn    qty/  qty/ha   mm/hr
*** x -  x                  ha.day","*** Storage on surface and nonseasonal parameters for IQUAL (IMPLND) This
*** table is repeated for each quality constituent."
IMPLND,QUAL-INPUT,QUAL-INPUT9,/IMPLND/IQUAL/IQUAL9/PARAMETERS,QUAL-PROPS,245,"***         Storage on surface and nonseasonal parameters
***            SQO    POTFW   ACQOP  SQOLIM   WSQOP
*** <ILS >  qty/ha qty/tonn    qty/  qty/ha   mm/hr
*** x -  x                  ha.day","*** Storage on surface and nonseasonal parameters for IQUAL (IMPLND) This
*** table is repeated for each quality constituent."
IMPLND,QUAL-PROPS,QUAL-PROPS1,/IMPLND/IQUAL/IQUAL1/FLAGS,,244,"*** <ILS >    Identifiers and Flags
*** x -  x      QUALID    QTID  QSD VPFW  QSO  VQO","*** Identifiers and flags for a quality constituent in IQUAL. This table
*** is repeated for each quality constituent."
IMPLND,QUAL-PROPS,QUAL-PROPS10,/IMPLND/IQUAL/IQUAL10/FLAGS,,244,"*** <ILS >    Identifiers and Flags
*** x -  x      QUALID    QTID  QSD VPFW  QSO  VQO","*** Identifiers and flags for a quality constituent in IQUAL. This table
*** is repeated for each quality constituent."
IMPLND,QUAL-PROPS,QUAL-PROPS2,/IMPLND/IQUAL/IQUAL2/FLAGS,,244,"*** <ILS >    Identifiers and Flags
*** x -  x      QUALID    QTID  QSD VPFW  QSO  VQO","*** Identifiers and flags for a quality constituent in IQUAL. This table
*** is repeated for each quality constituent."
IMPLND,QUAL-PROPS,QUAL-PROPS3,/IMPLND/IQUAL/IQUAL3/FLAGS,,244,"*** <ILS >    Identifiers and Flags
*** x -  x      QUALID    QTID  QSD VPFW  QSO  VQO","*** Identifiers and flags for a quality constituent in IQUAL. This table
*** is repeated for each quality constituent."
IMPLND,QUAL-PROPS,QUAL-PROPS4,/IMPLND/IQUAL/IQUAL4/FLAGS,,244,"*** <ILS >    Identifiers and Flags
*** x -  x      QUALID    QTID  QSD VPFW  QSO  VQO","*** Identifiers and flags for a quality constituent in IQUAL. This table
*** is repeated for each quality constituent."
IMPLND,QUAL-PROPS,QUAL-PROPS5,/IMPLND/IQUAL/IQUAL5/FLAGS,,244,"*** <ILS >    Identifiers and Flags
*** x -  x      QUALID    QTID  QSD VPFW  QSO  VQO","*** Identifiers and flags for a quality constituent in IQUAL. This table
*** is repeated for each quality constituent."
IMPLND,QUAL-PROPS,QUAL-PROPS6,/IMPLND/IQUAL/IQUAL6/FLAGS,,244,"*** <ILS >    Identifiers and Flags
*** x -  x      QUALID    QTID  QSD VPFW  QSO  VQO","*** Identifiers and flags for a quality constituent in IQUAL. This table
*** is repeated for each quality constituent."
IMPLND,QUAL-PROPS,QUAL-PROPS7,/IMPLND/IQUAL/IQUAL7/FLAGS,,244,"*** <ILS >    Identifiers and Flags
*** x -  x      QUALID    QTID  QSD VPFW  QSO  VQO","*** Identifiers and flags for a quality constituent in IQUAL. This table
*** is repeated for each quality constituent."
IMPLND,QUAL-PROPS,QUAL-PROPS8,/IMPLND/IQUAL/IQUAL8/FLAGS,,244,"*** <ILS >    Identifiers and Flags
*** x -  x      QUALID    QTID  QSD VPFW  QSO  VQO","*** Identifiers and flags for a quality constituent in IQUAL. This table
*** is repeated for each quality constituent."
IMPLND,QUAL-PROPS,QUAL-PROPS9,/IMPLND/IQUAL/IQUAL9/FLAGS,,244,"*** <ILS >    Identifiers and Flags
*** x -  x      QUALID    QTID  QSD VPFW  QSO  VQO","*** Identifiers and flags for a quality constituent in IQUAL. This table
*** is repeated for each quality constituent."
IMPLND,SLD-PARM1,SLD-PARM1,/IMPLND/SOLIDS/PARAMETERS,SLD-PARM2,230,"*** <ILS >     Flags
*** x -  x VASD VRSD SDOP",*** First group of SOLIDS parameters (IMPLND).
IMPLND,SLD-PARM2,SLD-PARM2,/IMPLND/SOLIDS/PARAMETERS,,231,"***             KEIM      JEIM    ACCSDP    REMSDP
*** <ILS >                         tne/      /day
*** x -  x                        ha.day",*** Second group of SOLIDS parameters (IMPLND).
IMPLND,SLD-STOR,SLD-STOR,/IMPLND/SOLIDS/PARAMETERS,SLD-PARM2,234,"*** <ILS >  Solids storage (tonne/ha)
*** x -  x",*** Initial storage of solids (IMPLND).
IMPLND,SNOW-FLAGS,SNOW-FLAGS,/IMPLND/SNOW/FLAGS,,219,"*** <ILS >
*** x -  x SNOP  VKM ",*** Snow flags.
IMPLND,SNOW-INIT1,SNOW-INIT1,/IMPLND/SNOW/STATES,,223,"*** <ILS > Pack-snow  Pack-ice Pack-watr    RDENPF      DULL    PAKTMP
*** x -  x      (mm)      (mm)      (mm)                       (deg C)",*** First group of initial values for SNOW simulation.
IMPLND,SNOW-INIT2,SNOW-INIT2,/IMPLND/SNOW/STATES,,224,"*** <ILS >    COVINX    XLNMLT    SKYCLR
*** x -  x      (mm)      (mm)",*** Second group of initial values for SNOW simulation.
IMPLND,SNOW-PARM1,SNOW-PARM1,/IMPLND/SNOW/PARAMETERS,,220,"*** <ILS >       LAT     MELEV     SHADE    SNOWCF    COVIND     KMELT     TBASE
*** x -  x   degrees       (m)                          (mm)  (mm/d.C)       (C)",*** First group of SNOW parameters.
IMPLND,SNOW-PARM2,SNOW-PARM2,/IMPLND/SNOW/PARAMETERS,,221,"*** <ILS >     RDCSN     TSNOW    SNOEVP    CCFACT    MWATER    MGMELT
*** x -  x             (deg C)                                (mm/day)",*** Second group of SNOW parameters.
MASS-LINK,MASS-LINK,MASS-LINK,/CONTROL/MASS_LINKS,,421,"***<-Volume-> <-Grp> <-Member-><--Mult--> Tran<-Target vols> <-Grp> <-Member->
Ac <Name>***         <Name> x x<-factor-> strg<Name>                <Name> x x","*** In the MASS-LINK block the user specifies those time series
*** connections which will be combined with the linkages in the SCHEMATIC
*** block to generate a set of time series connections in the NETWORK
*** block."
MONTH-DATA,MONTH-DATA,MONTH-DATA,/MONTH-DATA/MONTH-DATA,,427,Ac***<text------>   <i> <????>,*** The MONTH-DATA block.
MUTSIN,MUTSINFO,MUTSINFO,/MUTSIN/MUTSIN/INFO,,387,"*** MUTSIN  MFL  NPT  NMN  NLI MSFG
*** x -  x",*** Information about time series to be copied.
NETWORK,,,/CONTROL/LINKS,,419,"***<-Volume-> <-Grp> <-Member-><--Mult-->Tran <-Target vols> <-Grp> <-Member->
Ac <Name>***x        <Name> x x<-factor->strg <Name>   x   x        <Name> x x","*** In the NETWORK block the user specifies those time series which will
*** be passed between operations via the internal scratch pad."
OPN SEQUENCE,,,/CONTROL/OP_SEQUENCE,,3,,
PERLND,ACTIVITY,ACTIVITY,/PERLND/GENERAL/ACTIVITY,,4,"*** <PLS >               Active Sections                               ***
*** x -  x ATMP SNOW PWAT  SED  PST  PWG PQAL MSTL PEST NITR PHOS TRAC ***",*** Active sections of PERLND.
PERLND,ATEMP-DAT,ATEMP-DAT,/PERLND/ATEMP/PARAMETERS,,8,"*** <PLS >     ELDAT    AIRTEMP
*** x -  x       (m)    (deg C)",*** Data for section ATEMP.
PERLND,BINARY-INFO,BINARY-INFO,/PERLND/GENERAL/BINOUT,,6,"*** <PLS >               Binary Output Flags                           PIVL  PYR
*** x -  x ATMP SNOW PWAT  SED  PST  PWG PQAL MSTL PEST NITR PHOS TRAC","*** HSPF permits the user to vary the output level (maximum frequency)
*** for the various active sections of an operation: 2 means every PIVL
*** intervals, 3 means every day, 4 means every month, 5 means every
*** year, 6 means never."
PERLND,CROP-DATES,CROP-DATES,/PERLND/PWATER/PARAMETERS,,32,"***                Crop planting and harvesting dates
*** <PLS >         PLANT1   HARV1    PLANT2   HARV2    PLANT3   HARV3
*** x -  x NCRP      M  D    M  D      M  D    M  D      M  D    M  D","*** These crop dates are used to determine daily plant uptake targets from
*** monthly fractions when the yield-based algorithm is being used
*** (NUPTFG=1 in Table-type NIT-FLAGS and/or PUPTFG=1 in Table-type PHOS-
*** PLAGS).  They are also used to specify crop irrigation seasons if
*** IRRGFG=2 in Table-type PWAT-PARM1."
PERLND,CROP-SEASPM,CROP-SEASPM,/PERLND/PWATER/CROP_STAGES,,34,"*** <PLS >    CRAWD1    CRAWD2    CRAWD3    CRAWD4    CRRDPI    CRRDPF
*** x -  x                                              (cm)      (cm)","*** Each crop season specified in Table-type CROP-DATES is divided into
*** four stages for the purpose of determining irrigation demand when
*** IRRGFG=2 in Table-type PWAT-PARM2, and VAWDFG=2 and/or VCRDFG=2 in
*** Table-type IRRIG-PARM1.  These values are specified for the two
*** parameters AWD and CRDEP as they change during the crop season."
PERLND,CROP-STAGES,CROP-STAGES,/PERLND/PWATER/CROP_STAGES,,33,"*** <PLS > Fractions of crop season for each stage
*** x -  x    CRPST1    CRPST2    CRPST3    CRPST4","*** Each crop season specified in Table-type CROP-DATES is divided into
*** four stages for the purpose of determining irrigation demand when
*** IRRGFG=2 in Table-type PWAT-PARM2, and VAWDFG=2 and/or VCRDFG=2 in
*** Table-type IRRIG-PARM1.  These fractions, rounded to the nearest day,
*** specify the duration of each stage."
PERLND,GEN-INFO,GEN-INFO,/PERLND/GENERAL/INFO,,7,"***             Name                  Unit-systems   Printer BinaryOut
*** <PLS >                                t-series Engl Metr Engl Metr
*** x -  x                                 in  out",*** General information for pervious land segment.
PERLND,ICE-FLAG,ICE-FLAG,/PERLND/SNOW/FLAGS,,9,"*** <PLS > Ice-
*** x -  x flag",*** Flag to simulate ice formation.
PERLND,IRRIG-PARM1,IRRIG-PARM1,/PERLND/PWATER/PARAMETERS,,30,"*** <PLS >  Counters and Flags
*** x -  x NSKD SZON VCRD VAWD IROP",*** First group of PWATER Irrigation Parameters (flags).
PERLND,IRRIG-PARM2,IRRIG-PARM2,/PERLND/PWATER/PARAMETERS,,31,"*** <PLS >  IRAREA   IREFF    ARZI   WILTP  FLDCAP   CRDEP   IRAWD  CAPRIS
*** x -  x    (ha)                 (cm/cm) (cm/cm)    (cm)            (cm)",*** Second group of PWATER Irrigation Parameters.
PERLND,IRRIG-SCHED,IRRIG-SCHED,/PERLND/PWATER/PARAMETERS,,40,"***       <---------Application---------->     <---------Application---------->
*** <PLS ><-----date------> IRDU    IRRATE     <-----date------> IRDU    IRRATE
*** x -  x yyyy mm dd hh mm  min     mm/hr      yyyy mm dd hh mm   hr     mm/hr",*** Schedule of applications when IRRGFG=3 in Table-type PWAT-PARM1.
PERLND,IRRIG-SOURCE,IRRIG-SOURCE,/PERLND/PWATER/PARAMETERS,,41,"*** <PLS ><-----External-----><---Groundwater----><-----------RCHRES----------->
*** x -  x    XPRIOR     XFRAC    GPRIOR     GFRAC    RPRIOR     RFRAC    IRCHNO",*** Irrigation source priorities and fractions.
PERLND,IRRIG-TARGET,IRRIG-TARGET,/PERLND/PWATER/PARAMETERS,,42,"*** <PLS >      Irrigation Application Target Fractions
*** x -  x  Intercep   Surface     Upper     Lower Active GW",*** Irrigation target fractions.
PERLND,LAT-FACTOR,LAT-FACTOR,/PERLND/PQUAL/PARAMETERS,,60,"*** <PLS >  Sediment   Surface Interflow Active GW
*** x -  x    SDLFAC    SLIFAC    ILIFAC    ALIFAC",*** Lateral inflow weighting factors for PWGTAS and PQUAL
PERLND,LAT-FACTOR,LAT-FACTOR,/PERLND/PWTGAS/PARAMETERS,,60,"*** <PLS >  Sediment   Surface Interflow Active GW
*** x -  x    SDLFAC    SLIFAC    ILIFAC    ALIFAC",*** Lateral inflow weighting factors for PWGTAS and PQUAL
PERLND,MON-ACCUM,MON-ACCUM1,/PERLND/PQUAL1/MONTHLY/ACQOP,,73,"*** <PLS >  Value at start of each month for accum rate of QUALOF (qty/ha.day)
*** x -  x  JAN  FEB  MAR  APR  MAY  JUN  JUL  AUG  SEP  OCT  NOV  DEC","*** Monthly values of accumulation rate of QUALOF at start of each month.
*** This table is only required if VQOFG in Table-type QUAL-PROPS is 1.
*** This table should be repeated for each quality constituent."
PERLND,MON-ACCUM,MON-ACCUM10,/PERLND/PQUAL10/MONTHLY/ACQOP,,73,"*** <PLS >  Value at start of each month for accum rate of QUALOF (qty/ha.day)
*** x -  x  JAN  FEB  MAR  APR  MAY  JUN  JUL  AUG  SEP  OCT  NOV  DEC","*** Monthly values of accumulation rate of QUALOF at start of each month.
*** This table is only required if VQOFG in Table-type QUAL-PROPS is 1.
*** This table should be repeated for each quality constituent."
PERLND,MON-ACCUM,MON-ACCUM2,/PERLND/PQUAL2/MONTHLY/ACQOP,,73,"*** <PLS >  Value at start of each month for accum rate of QUALOF (qty/ha.day)
*** x -  x  JAN  FEB  MAR  APR  MAY  JUN  JUL  AUG  SEP  OCT  NOV  DEC","*** Monthly values of accumulation rate of QUALOF at start of each month.
*** This table is only required if VQOFG in Table-type QUAL-PROPS is 1.
*** This table should be repeated for each quality constituent."
PERLND,MON-ACCUM,MON-ACCUM3,/PERLND/PQUAL3/MONTHLY/ACQOP,,73,"*** <PLS >  Value at start of each month for accum rate of QUALOF (qty/ha.day)
*** x -  x  JAN  FEB  MAR  APR  MAY  JUN  JUL  AUG  SEP  OCT  NOV  DEC","*** Monthly values of accumulation rate of QUALOF at start of each month.
*** This table is only required if VQOFG in Table-type QUAL-PROPS is 1.
*** This table should be repeated for each quality constituent."
PERLND,MON-ACCUM,MON-ACCUM4,/PERLND/PQUAL4/MONTHLY/ACQOP,,73,"*** <PLS >  Value at start of each month for accum rate of QUALOF (qty/ha.day)
*** x -  x  JAN  FEB  MAR  APR  MAY  JUN  JUL  AUG  SEP  OCT  NOV  DEC","*** Monthly values of accumulation rate of QUALOF at start of each month.
*** This table is only required if VQOFG in Table-type QUAL-PROPS is 1.
*** This table should be repeated for each quality constituent."
PERLND,MON-ACCUM,MON-ACCUM5,/PERLND/PQUAL5/MONTHLY/ACQOP,,73,"*** <PLS >  Value at start of each month for accum rate of QUALOF (qty/ha.day)
*** x -  x  JAN  FEB  MAR  APR  MAY  JUN  JUL  AUG  SEP  OCT  NOV  DEC","*** Monthly values of accumulation rate of QUALOF at start of each month.
*** This table is only required if VQOFG in Table-type QUAL-PROPS is 1.
*** This table should be repeated for each quality constituent."
PERLND,MON-ACCUM,MON-ACCUM6,/PERLND/PQUAL6/MONTHLY/ACQOP,,73,"*** <PLS >  Value at start of each month for accum rate of QUALOF (qty/ha.day)
*** x -  x  JAN  FEB  MAR  APR  MAY  JUN  JUL  AUG  SEP  OCT  NOV  DEC","*** Monthly values of accumulation rate of QUALOF at start of each month.
*** This table is only required if VQOFG in Table-type QUAL-PROPS is 1.
*** This table should be repeated for each quality constituent."
PERLND,MON-ACCUM,MON-ACCUM7,/PERLND/PQUAL7/MONTHLY/ACQOP,,73,"*** <PLS >  Value at start of each month for accum rate of QUALOF (qty/ha.day)
*** x -  x  JAN  FEB  MAR  APR  MAY  JUN  JUL  AUG  SEP  OCT  NOV  DEC","*** Monthly values of accumulation rate of QUALOF at start of each month.
*** This table is only required if VQOFG in Table-type QUAL-PROPS is 1.
*** This table should be repeated for each quality constituent."
PERLND,MON-ACCUM,MON-ACCUM8,/PERLND/PQUAL8/MONTHLY/ACQOP,,73,"*** <PLS >  Value at start of each month for accum rate of QUALOF (qty/ha.day)
*** x -  x  JAN  FEB  MAR  APR  MAY  JUN  JUL  AUG  SEP  OCT  NOV  DEC","*** Monthly values of accumulation rate of QUALOF at start of each month.
*** This table is only required if VQOFG in Table-type QUAL-PROPS is 1.
*** This table should be repeated for each quality constituent."
PERLND,MON-ACCUM,MON-ACCUM9,/PERLND/PQUAL9/MONTHLY/ACQOP,,73,"*** <PLS >  Value at start of each month for accum rate of QUALOF (qty/ha.day)
*** x -  x  JAN  FEB  MAR  APR  MAY  JUN  JUL  AUG  SEP  OCT  NOV  DEC","*** Monthly values of accumulation rate of QUALOF at start of each month.
*** This table is only required if VQOFG in Table-type QUAL-PROPS is 1.
*** This table should be repeated for each quality constituent."
PERLND,MON-ASLT,MON-ASLT,/PERLND/PSTEMP/MONTHLY/ASLT,,51,"*** <PLS >  Value of ASLT at start of each month (deg C)
*** x -  x  JAN  FEB  MAR  APR  MAY  JUN  JUL  AUG  SEP  OCT  NOV  DEC","*** Monthly values of surface layer temperature at start of each month.
*** This table is only required if SLTVFG in Table-type PSTEMP-PARM1 is 1."
PERLND,MON-BSLT,MON-BSLT,/PERLND/PSTEMP/MONTHLY/BSLT,,52,"*** <PLS >  Value of BSLT at start of each month (deg C/C)
*** x -  x  JAN  FEB  MAR  APR  MAY  JUN  JUL  AUG  SEP  OCT  NOV  DEC","*** Monthly values of the slope of the surface layer temperature
*** regression equation at the start of each month. This table is only
*** required if SLTVFG in Table-type PSTEMP-PARM1 is 1."
PERLND,MON-COVER,MON-COVER,/PERLND/SEDMNT/MONTHLY/COVER,,46,"*** <PLS >  Monthly values for erosion related cover
*** x -  x  JAN  FEB  MAR  APR  MAY  JUN  JUL  AUG  SEP  OCT  NOV  DEC","*** Monthly erosion related cover values. This table is only required if
*** CRVFG in Table-type SED-PARM1 is 1. If required, this table must be
*** repeated for each canopy layer if NCANPY > 1 in table PWAT-PARM1."
PERLND,MON-GRND-CONC,MON-GRND-CONC1,/PERLND/PQUAL1/MONTHLY/AOQC,,76,"*** <PLS >  Value at start of month for conc of QUAL in groundwater (qty/l)
*** x -  x  JAN  FEB  MAR  APR  MAY  JUN  JUL  AUG  SEP  OCT  NOV  DEC","*** Monthly values of conc of QUAL in groundwater at start of each month.
*** This table is only required if VAQCFG in Table-type QUAL-PROPS is 1.
*** This table should be repeated for each quality constituent."
PERLND,MON-GRND-CONC,MON-GRND-CONC10,/PERLND/PQUAL10/MONTHLY/AOQC,,76,"*** <PLS >  Value at start of month for conc of QUAL in groundwater (qty/l)
*** x -  x  JAN  FEB  MAR  APR  MAY  JUN  JUL  AUG  SEP  OCT  NOV  DEC","*** Monthly values of conc of QUAL in groundwater at start of each month.
*** This table is only required if VAQCFG in Table-type QUAL-PROPS is 1.
*** This table should be repeated for each quality constituent."
PERLND,MON-GRND-CONC,MON-GRND-CONC2,/PERLND/PQUAL2/MONTHLY/AOQC,,76,"*** <PLS >  Value at start of month for conc of QUAL in groundwater (qty/l)
*** x -  x  JAN  FEB  MAR  APR  MAY  JUN  JUL  AUG  SEP  OCT  NOV  DEC","*** Monthly values of conc of QUAL in groundwater at start of each month.
*** This table is only required if VAQCFG in Table-type QUAL-PROPS is 1.
*** This table should be repeated for each quality constituent."
PERLND,MON-GRND-CONC,MON-GRND-CONC3,/PERLND/PQUAL3/MONTHLY/AOQC,,76,"*** <PLS >  Value at start of month for conc of QUAL in groundwater (qty/l)
*** x -  x  JAN  FEB  MAR  APR  MAY  JUN  JUL  AUG  SEP  OCT  NOV  DEC","*** Monthly values of conc of QUAL in groundwater at start of each month.
*** This table is only required if VAQCFG in Table-type QUAL-PROPS is 1.
*** This table should be repeated for each quality constituent."
PERLND,MON-GRND-CONC,MON-GRND-CONC4,/PERLND/PQUAL4/MONTHLY/AOQC,,76,"*** <PLS >  Value at start of month for conc of QUAL in groundwater (qty/l)
*** x -  x  JAN  FEB  MAR  APR  MAY  JUN  JUL  AUG  SEP  OCT  NOV  DEC","*** Monthly values of conc of QUAL in groundwater at start of each month.
*** This table is only required if VAQCFG in Table-type QUAL-PROPS is 1.
*** This table should be repeated for each quality constituent."
PERLND,MON-GRND-CONC,MON-GRND-CONC5,/PERLND/PQUAL5/MONTHLY/AOQC,,76,"*** <PLS >  Value at start of month for conc of QUAL in groundwater (qty/l)
*** x -  x  JAN  FEB  MAR  APR  MAY  JUN  JUL  AUG  SEP  OCT  NOV  DEC","*** Monthly values of conc of QUAL in groundwater at start of each month.
*** This table is only required if VAQCFG in Table-type QUAL-PROPS is 1.
*** This table should be repeated for each quality constituent."
PERLND,MON-GRND-CONC,MON-GRND-CONC6,/PERLND/PQUAL6/MONTHLY/AOQC,,76,"*** <PLS >  Value at start of month for conc of QUAL in groundwater (qty/l)
*** x -  x  JAN  FEB  MAR  APR  MAY  JUN  JUL  AUG  SEP  OCT  NOV  DEC","*** Monthly values of conc of QUAL in groundwater at start of each month.
*** This table is only required if VAQCFG in Table-type QUAL-PROPS is 1.
*** This table should be repeated for each quality constituent."
PERLND,MON-GRND-CONC,MON-GRND-CONC7,/PERLND/PQUAL7/MONTHLY/AOQC,,76,"*** <PLS >  Value at start of month for conc of QUAL in groundwater (qty/l)
*** x -  x  JAN  FEB  MAR  APR  MAY  JUN  JUL  AUG  SEP  OCT  NOV  DEC","*** Monthly values of conc of QUAL in groundwater at start of each month.
*** This table is only required if VAQCFG in Table-type QUAL-PROPS is 1.
*** This table should be repeated for each quality constituent."
PERLND,MON-GRND-CONC,MON-GRND-CONC8,/PERLND/PQUAL8/MONTHLY/AOQC,,76,"*** <PLS >  Value at start of month for conc of QUAL in groundwater (qty/l)
*** x -  x  JAN  FEB  MAR  APR  MAY  JUN  JUL  AUG  SEP  OCT  NOV  DEC","*** Monthly values of conc of QUAL in groundwater at start of each month.
*** This table is only required if VAQCFG in Table-type QUAL-PROPS is 1.
*** This table should be repeated for each quality constituent."
PERLND,MON-GRND-CONC,MON-GRND-CONC9,/PERLND/PQUAL9/MONTHLY/AOQC,,76,"*** <PLS >  Value at start of month for conc of QUAL in groundwater (qty/l)
*** x -  x  JAN  FEB  MAR  APR  MAY  JUN  JUL  AUG  SEP  OCT  NOV  DEC","*** Monthly values of conc of QUAL in groundwater at start of each month.
*** This table is only required if VAQCFG in Table-type QUAL-PROPS is 1.
*** This table should be repeated for each quality constituent."
PERLND,MON-GRNDCO2,MON-GRNDCO2,/PERLND/PWTGAS/MONTHLY/ACO2P,,64,"*** <PLS >Value at start of each month for groundwater CO2 conc. (mg C/l)
*** x -  x  JAN  FEB  MAR  APR  MAY  JUN  JUL  AUG  SEP  OCT  NOV  DEC","*** Monthly values of groundwater CO2 concentration at start of each This
*** table is only required if GCVFG in Table-type PWT-PARM1 is 1."
PERLND,MON-GRNDDOX,MON-GRNDDOX,/PERLND/PWTGAS/MONTHLY/ADOXP,,63,"*** <PLS >Value at start of each month for groundwater DO concentration (mg/l)
*** x -  x  JAN  FEB  MAR  APR  MAY  JUN  JUL  AUG  SEP  OCT  NOV  DEC","*** Monthly values of groundwater DO concentration at start of each month.
*** This table is only required if GDVFG in Table-type PWT-PARM1 is 1."
PERLND,MON-IFLW-CONC,MON-IFLW-CONC1,/PERLND/PQUAL1/MONTHLY/IOQC,,75,"*** <PLS >  Conc of QUAL in interflow outflow for each month (qty/l)
*** x -  x  JAN  FEB  MAR  APR  MAY  JUN  JUL  AUG  SEP  OCT  NOV  DEC","*** Monthly values of conc of QUAL in interflow outflow at start of month.
*** This table is only required if VIQCFG in Table-type QUAL-PROPS is 1.
*** This table should be repeated for each quality constituent."
PERLND,MON-IFLW-CONC,MON-IFLW-CONC10,/PERLND/PQUAL10/MONTHLY/IOQC,,75,"*** <PLS >  Conc of QUAL in interflow outflow for each month (qty/l)
*** x -  x  JAN  FEB  MAR  APR  MAY  JUN  JUL  AUG  SEP  OCT  NOV  DEC","*** Monthly values of conc of QUAL in interflow outflow at start of month.
*** This table is only required if VIQCFG in Table-type QUAL-PROPS is 1.
*** This table should be repeated for each quality constituent."
PERLND,MON-IFLW-CONC,MON-IFLW-CONC2,/PERLND/PQUAL2/MONTHLY/IOQC,,75,"*** <PLS >  Conc of QUAL in interflow outflow for each month (qty/l)
*** x -  x  JAN  FEB  MAR  APR  MAY  JUN  JUL  AUG  SEP  OCT  NOV  DEC","*** Monthly values of conc of QUAL in interflow outflow at start of month.
*** This table is only required if VIQCFG in Table-type QUAL-PROPS is 1.
*** This table should be repeated for each quality constituent."
PERLND,MON-IFLW-CONC,MON-IFLW-CONC3,/PERLND/PQUAL3/MONTHLY/IOQC,,75,"*** <PLS >  Conc of QUAL in interflow outflow for each month (qty/l)
*** x -  x  JAN  FEB  MAR  APR  MAY  JUN  JUL  AUG  SEP  OCT  NOV  DEC","*** Monthly values of conc of QUAL in interflow outflow at start of month.
*** This table is only required if VIQCFG in Table-type QUAL-PROPS is 1.
*** This table should be repeated for each quality constituent."
PERLND,MON-IFLW-CONC,MON-IFLW-CONC4,/PERLND/PQUAL4/MONTHLY/IOQC,,75,"*** <PLS >  Conc of QUAL in interflow outflow for each month (qty/l)
*** x -  x  JAN  FEB  MAR  APR  MAY  JUN  JUL  AUG  SEP  OCT  NOV  DEC","*** Monthly values of conc of QUAL in interflow outflow at start of month.
*** This table is only required if VIQCFG in Table-type QUAL-PROPS is 1.
*** This table should be repeated for each quality constituent."
PERLND,MON-IFLW-CONC,MON-IFLW-CONC5,/PERLND/PQUAL5/MONTHLY/IOQC,,75,"*** <PLS >  Conc of QUAL in interflow outflow for each month (qty/l)
*** x -  x  JAN  FEB  MAR  APR  MAY  JUN  JUL  AUG  SEP  OCT  NOV  DEC","*** Monthly values of conc of QUAL in interflow outflow at start of month.
*** This table is only required if VIQCFG in Table-type QUAL-PROPS is 1.
*** This table should be repeated for each quality constituent."
PERLND,MON-IFLW-CONC,MON-IFLW-CONC6,/PERLND/PQUAL6/MONTHLY/IOQC,,75,"*** <PLS >  Conc of QUAL in interflow outflow for each month (qty/l)
*** x -  x  JAN  FEB  MAR  APR  MAY  JUN  JUL  AUG  SEP  OCT  NOV  DEC","*** Monthly values of conc of QUAL in interflow outflow at start of month.
*** This table is only required if VIQCFG in Table-type QUAL-PROPS is 1.
*** This table should be repeated for each quality constituent."
PERLND,MON-IFLW-CONC,MON-IFLW-CONC7,/PERLND/PQUAL7/MONTHLY/IOQC,,75,"*** <PLS >  Conc of QUAL in interflow outflow for each month (qty/l)
*** x -  x  JAN  FEB  MAR  APR  MAY  JUN  JUL  AUG  SEP  OCT  NOV  DEC","*** Monthly values of conc of QUAL in interflow outflow at start of month.
*** This table is only required if VIQCFG in Table-type QUAL-PROPS is 1.
*** This table should be repeated for each quality constituent."
PERLND,MON-IFLW-CONC,MON-IFLW-CONC8,/PERLND/PQUAL8/MONTHLY/IOQC,,75,"*** <PLS >  Conc of QUAL in interflow outflow for each month (qty/l)
*** x -  x  JAN  FEB  MAR  APR  MAY  JUN  JUL  AUG  SEP  OCT  NOV  DEC","*** Monthly values of conc of QUAL in interflow outflow at start of month.
*** This table is only required if VIQCFG in Table-type QUAL-PROPS is 1.
*** This table should be repeated for each quality constituent."
PERLND,MON-IFLW-CONC,MON-IFLW-CONC9,/PERLND/PQUAL9/MONTHLY/IOQC,,75,"*** <PLS >  Conc of QUAL in interflow outflow for each month (qty/l)
*** x -  x  JAN  FEB  MAR  APR  MAY  JUN  JUL  AUG  SEP  OCT  NOV  DEC","*** Monthly values of conc of QUAL in interflow outflow at start of month.
*** This table is only required if VIQCFG in Table-type QUAL-PROPS is 1.
*** This table should be repeated for each quality constituent."
PERLND,MON-IFWCO2,MON-IFWCO2,/PERLND/PWTGAS/MONTHLY/ICO2P,,62,"*** <PLS > Value at start of each month for interflow CO2 conc. (mg C/l)
*** x -  x  JAN  FEB  MAR  APR  MAY  JUN  JUL  AUG  SEP  OCT  NOV  DEC","*** Monthly values of interflow CO2 concentration at start of each month.
*** This table is only required if ICVFG in Table-type PWT-PARM1 is 1."
PERLND,MON-IFWDOX,MON-IFWDOX,/PERLND/PWTGAS/MONTHLY/IDOXP,,61,"*** <PLS > Value at start of each month for interflow DO concentration (mg/l)
*** x -  x  JAN  FEB  MAR  APR  MAY  JUN  JUL  AUG  SEP  OCT  NOV  DEC","*** Monthly values of interflow DO concentration at start of each month.
*** This table is only required if IDVFG in Table-type PWT-PARM1 is 1."
PERLND,MON-INTERCEP,MON-INTERCEP,/PERLND/PWATER/MONTHLY/CEPSC,,23,"*** <PLS >  Interception storage capacity at start of each month (mm)
*** x -  x  JAN  FEB  MAR  APR  MAY  JUN  JUL  AUG  SEP  OCT  NOV  DEC","*** Monthly values of interception storage capacity at start of each
*** month. This table is only required if VCSFG is 1 in Table-type PWAT-
*** PARM1. If required, this table must be repeated for each canopy layer
*** if NCANPY > 1 in table PWAT-PARM1."
PERLND,MON-INTERFLW,MON-INTERFLW,/PERLND/PWATER/MONTHLY/INTFW,,26,"*** <PLS >  Interflow inflow parameter for start of each month
*** x -  x  JAN  FEB  MAR  APR  MAY  JUN  JUL  AUG  SEP  OCT  NOV  DEC","*** Monthly values of interflow inflow parameter at start of each month.
*** This table is only required if VIFWFG in Table-type PWAT-PARM1 is 1."
PERLND,MON-IRC,MON-IRC,/PERLND/PWATER/MONTHLY/IRC,,27,"*** <PLS >  Interflow recession constant at start of each month (/day)
*** x -  x  JAN  FEB  MAR  APR  MAY  JUN  JUL  AUG  SEP  OCT  NOV  DEC","*** Monthly values of interflow recession constant at start of each This
*** table is only required if VIRCFG in Table-type PWAT-PARM1 i"
PERLND,MON-IRR-AWD,MON-IRR-AWD,/PERLND/PWATER/MONTHLY/IRAWD,,39,"*** <PLS > Allowable Water Depletion at start of each month
*** x -  x  JAN  FEB  MAR  APR  MAY  JUN  JUL  AUG  SEP  OCT  NOV  DEC","*** Monthly values of allowable water depletion at start of each month.
*** This table is only required if VAWDFG=1 in Table-type IRRIG-PARM1."
PERLND,MON-IRR-CRDP,MON-IRR-CRDP,/PERLND/PWATER/MONTHLY/CRDEP,,38,"*** <PLS > Crop root depth at start of each month (mm)
*** x -  x  JAN  FEB  MAR  APR  MAY  JUN  JUL  AUG  SEP  OCT  NOV  DEC","*** Monthly values of crop root depth at start of each month.  This table
*** is only required if VCRDFG=1 in Table-type IRRIG-PARM1."
PERLND,MON-LGTP1,MON-LGTP1,/PERLND/PSTEMP/MONTHLY/LGTP1,,55,"*** <PLS >  Value of LGTP1 at start of each month in Deg C (TSOPFG=1)
*** x -  x  JAN  FEB  MAR  APR  MAY  JUN  JUL  AUG  SEP  OCT  NOV  DEC","*** Monthly values of the smoothing factor in lower layer/groundwater
*** temperature at the start of each month. This table is only required if
*** LGTVFG in Table-type PSTEMP-PARM1 is 1."
PERLND,MON-LGTP2,MON-LGTP2,/PERLND/PSTEMP/MONTHLY/LGTP2,,56,"*** <PLS >  Value of LGTP2 at start of each month (deg C) (TSOPFG=0)
*** x -  x  JAN  FEB  MAR  APR  MAY  JUN  JUL  AUG  SEP  OCT  NOV  DEC","*** Monthly values of the mean difference between lower layer/ground soil
*** temperature and air temperature at the start of each month. This table
*** is only required if LGTVFG in Table-type PSTEMP-PARM1 is 1 and TSOPFG
*** is 0."
PERLND,MON-LZETPARM,MON-LZETPARM,/PERLND/PWATER/MONTHLY/LZETP,,28,"*** <PLS >  Lower zone evapotransp   parm at start of each month
*** x -  x  JAN  FEB  MAR  APR  MAY  JUN  JUL  AUG  SEP  OCT  NOV  DEC","*** Monthly values of lower zone E-T parameters at start of each mon. This
*** table is only required if VLEFG in Table-type PWAT-PARM1 is 1 or 3."
PERLND,MON-MANNING,MON-MANNING,/PERLND/PWATER/MONTHLY/NSUR,,25,"*** <PLS >  Manning's n at start of each month
*** x -  x  JAN  FEB  MAR  APR  MAY  JUN  JUL  AUG  SEP  OCT  NOV  DEC","*** Monthly values of Manning's n at start of each month. This table is
*** only required if VNNFG in Table-type PWAT-PARM1 is 1"
PERLND,MON-MELT-FAC,MON-MELT-FAC,/PERLND/SNOW/MONTHLY/KMELT,,13,"*** <PLS >  Degree-day snowmelt factor at start of each month (mm/d.C)
*** x -  x  JAN  FEB  MAR  APR  MAY  JUN  JUL  AUG  SEP  OCT  NOV  DEC","*** Monthly values of degree-day snowmelt factor at start of each month.
*** This table is only required if VKMFG in Table-type SNOW-FLAGS is 1."
PERLND,MON-NITAGUTF,MON-NITAGUTFgroundwater,/PERLND/NITR/MONTHLY/ANUTF/GROUNDWATER,,169,"*** <PLS >  Monthly above-ground fractions for plant uptake
*** x -  x  JAN  FEB  MAR  APR  MAY  JUN  JUL  AUG  SEP  OCT  NOV  DEC","*** This table specifies monthly fractions of plant uptake from the soil
*** layer that goes to above-ground plant storage.  The table is used if
*** plant uptake varies monthly (VNUTFG=1 in Table-type NIT-FLAGS) and
*** above-ground compartments are being simulated (ALPNFG=1 in Table-type
*** NIT-FLAGS)."
PERLND,MON-NITAGUTF,MON-NITAGUTFlower,/PERLND/NITR/MONTHLY/ANUTF/LOWER,,168,"*** <PLS >  Monthly above-ground fractions for plant uptake
*** x -  x  JAN  FEB  MAR  APR  MAY  JUN  JUL  AUG  SEP  OCT  NOV  DEC","*** This table specifies monthly fractions of plant uptake from the soil
*** layer that goes to above-ground plant storage.  The table is used if
*** plant uptake varies monthly (VNUTFG=1 in Table-type NIT-FLAGS) and
*** above-ground compartments are being simulated (ALPNFG=1 in Table-type
*** NIT-FLAGS)."
PERLND,MON-NITAGUTF,MON-NITAGUTFsurface,/PERLND/NITR/MONTHLY/ANUTF/SURFACE,,166,"*** <PLS >  Monthly above-ground fractions for plant uptake
*** x -  x  JAN  FEB  MAR  APR  MAY  JUN  JUL  AUG  SEP  OCT  NOV  DEC","*** This table specifies monthly fractions of plant uptake from the soil
*** layer that goes to above-ground plant storage.  The table is used if
*** plant uptake varies monthly (VNUTFG=1 in Table-type NIT-FLAGS) and
*** above-ground compartments are being simulated (ALPNFG=1 in Table-type
*** NIT-FLAGS)."
PERLND,MON-NITAGUTF,MON-NITAGUTFupper,/PERLND/NITR/MONTHLY/ANUTF/UPPER,,167,"*** <PLS >  Monthly above-ground fractions for plant uptake
*** x -  x  JAN  FEB  MAR  APR  MAY  JUN  JUL  AUG  SEP  OCT  NOV  DEC","*** This table specifies monthly fractions of plant uptake from the soil
*** layer that goes to above-ground plant storage.  The table is used if
*** plant uptake varies monthly (VNUTFG=1 in Table-type NIT-FLAGS) and
*** above-ground compartments are being simulated (ALPNFG=1 in Table-type
*** NIT-FLAGS)."
PERLND,MON-NITIMAM,MON-NITIMAMgroundwater,/PERLND/NITR/MONTHLY/KIMAM/GROUNDWATER,,158,"*** <PLS >  Maximum immobilization rate for ammonia (mg/l/day)
*** x -  x  JAN  FEB  MAR  APR  MAY  JUN  JUL  AUG  SEP  OCT  NOV  DEC","*** Monthly values of maximum immobilization rate for ammonia.  This table
*** is required if the plant uptake parameters vary throughout the year
*** (VNUTFG=1 in Table-type NIT-FLAGS) and saturation kinetics are being
*** used (NUPTFG= 2 or -2 in Table-type NIT-FLAGS).  If NUPTFG is 2, the
*** table repeats for each soil layer."
PERLND,MON-NITIMAM,MON-NITIMAMlower,/PERLND/NITR/MONTHLY/KIMAM/LOWER,,157,"*** <PLS >  Maximum immobilization rate for ammonia (mg/l/day)
*** x -  x  JAN  FEB  MAR  APR  MAY  JUN  JUL  AUG  SEP  OCT  NOV  DEC","*** Monthly values of maximum immobilization rate for ammonia.  This table
*** is required if the plant uptake parameters vary throughout the year
*** (VNUTFG=1 in Table-type NIT-FLAGS) and saturation kinetics are being
*** used (NUPTFG= 2 or -2 in Table-type NIT-FLAGS).  If NUPTFG is 2, the
*** table repeats for each soil layer."
PERLND,MON-NITIMAM,MON-NITIMAMsurface,/PERLND/NITR/MONTHLY/KIMAM/SURFACE,,155,"*** <PLS >  Maximum immobilization rate for ammonia (mg/l/day)
*** x -  x  JAN  FEB  MAR  APR  MAY  JUN  JUL  AUG  SEP  OCT  NOV  DEC","*** Monthly values of maximum immobilization rate for ammonia.  This table
*** is required if the plant uptake parameters vary throughout the year
*** (VNUTFG=1 in Table-type NIT-FLAGS) and saturation kinetics are being
*** used (NUPTFG= 2 or -2 in Table-type NIT-FLAGS).  If NUPTFG is 2, the
*** table repeats for each soil layer."
PERLND,MON-NITIMAM,MON-NITIMAMupper,/PERLND/NITR/MONTHLY/KIMAM/UPPER,,156,"*** <PLS >  Maximum immobilization rate for ammonia (mg/l/day)
*** x -  x  JAN  FEB  MAR  APR  MAY  JUN  JUL  AUG  SEP  OCT  NOV  DEC","*** Monthly values of maximum immobilization rate for ammonia.  This table
*** is required if the plant uptake parameters vary throughout the year
*** (VNUTFG=1 in Table-type NIT-FLAGS) and saturation kinetics are being
*** used (NUPTFG= 2 or -2 in Table-type NIT-FLAGS).  If NUPTFG is 2, the
*** table repeats for each soil layer."
PERLND,MON-NITIMNI,MON-NITIMNIgroundwater,/PERLND/NITR/MONTHLY/KIMNI/GROUNDWATER,,154,"*** <PLS >  Maximum immobilization rate for nitrate (mg/l/day)
*** x -  x  JAN  FEB  MAR  APR  MAY  JUN  JUL  AUG  SEP  OCT  NOV  DEC","*** Monthly values of maximum immobilization rate for nitrate.  This table
*** is required if the plant uptake parameters vary throughout the year
*** (VNUTFG=1 in Table-type NIT-FLAGS) and saturation kinetics are being
*** used (NUPTFG= 2 or -2 in Table-type NIT-FLAGS).  If NUPTFG is 2, the
*** table repeats for each soil layer."
PERLND,MON-NITIMNI,MON-NITIMNIlower,/PERLND/NITR/MONTHLY/KIMNI/LOWER,,153,"*** <PLS >  Maximum immobilization rate for nitrate (mg/l/day)
*** x -  x  JAN  FEB  MAR  APR  MAY  JUN  JUL  AUG  SEP  OCT  NOV  DEC","*** Monthly values of maximum immobilization rate for nitrate.  This table
*** is required if the plant uptake parameters vary throughout the year
*** (VNUTFG=1 in Table-type NIT-FLAGS) and saturation kinetics are being
*** used (NUPTFG= 2 or -2 in Table-type NIT-FLAGS).  If NUPTFG is 2, the
*** table repeats for each soil layer."
PERLND,MON-NITIMNI,MON-NITIMNIsurface,/PERLND/NITR/MONTHLY/KIMNI/SURFACE,,151,"*** <PLS >  Maximum immobilization rate for nitrate (mg/l/day)
*** x -  x  JAN  FEB  MAR  APR  MAY  JUN  JUL  AUG  SEP  OCT  NOV  DEC","*** Monthly values of maximum immobilization rate for nitrate.  This table
*** is required if the plant uptake parameters vary throughout the year
*** (VNUTFG=1 in Table-type NIT-FLAGS) and saturation kinetics are being
*** used (NUPTFG= 2 or -2 in Table-type NIT-FLAGS).  If NUPTFG is 2, the
*** table repeats for each soil layer."
PERLND,MON-NITIMNI,MON-NITIMNIupper,/PERLND/NITR/MONTHLY/KIMNI/UPPER,,152,"*** <PLS >  Maximum immobilization rate for nitrate (mg/l/day)
*** x -  x  JAN  FEB  MAR  APR  MAY  JUN  JUL  AUG  SEP  OCT  NOV  DEC","*** Monthly values of maximum immobilization rate for nitrate.  This table
*** is required if the plant uptake parameters vary throughout the year
*** (VNUTFG=1 in Table-type NIT-FLAGS) and saturation kinetics are being
*** used (NUPTFG= 2 or -2 in Table-type NIT-FLAGS).  If NUPTFG is 2, the
*** table repeats for each soil layer."
PERLND,MON-NITUPAM,MON-NITUPAMgroundwater,/PERLND/NITR/MONTHLY/KUPAM/GROUNDWATER,,150,"*** <PLS >  Maximum plant uptake rate for ammonia (mg/l/day)
*** x -  x  JAN  FEB  MAR  APR  MAY  JUN  JUL  AUG  SEP  OCT  NOV  DEC","*** Monthly values of maximum plant uptake rate for ammonia.  This table
*** is required if the plant uptake parameters vary throughout the year
*** (VNUTFG=1 in Table-type NIT-FLAGS) and saturation kinetics are being
*** used (NUPTFG= 2 or -2 in Table-type NIT-FLAGS).  If NUPTFG is 2, the
*** table repeats for each soil layer."
PERLND,MON-NITUPAM,MON-NITUPAMlower,/PERLND/NITR/MONTHLY/KUPAM/LOWER,,149,"*** <PLS >  Maximum plant uptake rate for ammonia (mg/l/day)
*** x -  x  JAN  FEB  MAR  APR  MAY  JUN  JUL  AUG  SEP  OCT  NOV  DEC","*** Monthly values of maximum plant uptake rate for ammonia.  This table
*** is required if the plant uptake parameters vary throughout the year
*** (VNUTFG=1 in Table-type NIT-FLAGS) and saturation kinetics are being
*** used (NUPTFG= 2 or -2 in Table-type NIT-FLAGS).  If NUPTFG is 2, the
*** table repeats for each soil layer."
PERLND,MON-NITUPAM,MON-NITUPAMsurface,/PERLND/NITR/MONTHLY/KUPAM/SURFACE,,147,"*** <PLS >  Maximum plant uptake rate for ammonia (mg/l/day)
*** x -  x  JAN  FEB  MAR  APR  MAY  JUN  JUL  AUG  SEP  OCT  NOV  DEC","*** Monthly values of maximum plant uptake rate for ammonia.  This table
*** is required if the plant uptake parameters vary throughout the year
*** (VNUTFG=1 in Table-type NIT-FLAGS) and saturation kinetics are being
*** used (NUPTFG= 2 or -2 in Table-type NIT-FLAGS).  If NUPTFG is 2, the
*** table repeats for each soil layer."
PERLND,MON-NITUPAM,MON-NITUPAMupper,/PERLND/NITR/MONTHLY/KUPAM/UPPER,,148,"*** <PLS >  Maximum plant uptake rate for ammonia (mg/l/day)
*** x -  x  JAN  FEB  MAR  APR  MAY  JUN  JUL  AUG  SEP  OCT  NOV  DEC","*** Monthly values of maximum plant uptake rate for ammonia.  This table
*** is required if the plant uptake parameters vary throughout the year
*** (VNUTFG=1 in Table-type NIT-FLAGS) and saturation kinetics are being
*** used (NUPTFG= 2 or -2 in Table-type NIT-FLAGS).  If NUPTFG is 2, the
*** table repeats for each soil layer."
PERLND,MON-NITUPNI,MON-NITUPNIgroundwater,/PERLND/NITR/MONTHLY/KUPNI/GROUNDWATER,,146,"*** <PLS >  Maximum plant uptake rate for nitrate (mg/l/day)
*** x -  x  JAN  FEB  MAR  APR  MAY  JUN  JUL  AUG  SEP  OCT  NOV  DEC","*** Monthly values of maximum plant uptake rate for nitrate.  This table
*** is required if the plant uptake parameters vary throughout the year
*** (VNUTFG=1 in Table-type NIT-FLAGS) and saturation kinetics are being
*** used (NUPTFG= 2 or -2 in Table-type NIT-FLAGS).  If NUPTFG is 2, the
*** table repeats for each soil layer."
PERLND,MON-NITUPNI,MON-NITUPNIlower,/PERLND/NITR/MONTHLY/KUPNI/LOWER,,145,"*** <PLS >  Maximum plant uptake rate for nitrate (mg/l/day)
*** x -  x  JAN  FEB  MAR  APR  MAY  JUN  JUL  AUG  SEP  OCT  NOV  DEC","*** Monthly values of maximum plant uptake rate for nitrate.  This table
*** is required if the plant uptake parameters vary throughout the year
*** (VNUTFG=1 in Table-type NIT-FLAGS) and saturation kinetics are being
*** used (NUPTFG= 2 or -2 in Table-type NIT-FLAGS).  If NUPTFG is 2, the
*** table repeats for each soil layer."
PERLND,MON-NITUPNI,MON-NITUPNIsurface,/PERLND/NITR/MONTHLY/KUPNI/SURFACE,,143,"*** <PLS >  Maximum plant uptake rate for nitrate (mg/l/day)
*** x -  x  JAN  FEB  MAR  APR  MAY  JUN  JUL  AUG  SEP  OCT  NOV  DEC","*** Monthly values of maximum plant uptake rate for nitrate.  This table
*** is required if the plant uptake parameters vary throughout the year
*** (VNUTFG=1 in Table-type NIT-FLAGS) and saturation kinetics are being
*** used (NUPTFG= 2 or -2 in Table-type NIT-FLAGS).  If NUPTFG is 2, the
*** table repeats for each soil layer."
PERLND,MON-NITUPNI,MON-NITUPNIupper,/PERLND/NITR/MONTHLY/KUPNI/UPPER,,144,"*** <PLS >  Maximum plant uptake rate for nitrate (mg/l/day)
*** x -  x  JAN  FEB  MAR  APR  MAY  JUN  JUL  AUG  SEP  OCT  NOV  DEC","*** Monthly values of maximum plant uptake rate for nitrate.  This table
*** is required if the plant uptake parameters vary throughout the year
*** (VNUTFG=1 in Table-type NIT-FLAGS) and saturation kinetics are being
*** used (NUPTFG= 2 or -2 in Table-type NIT-FLAGS).  If NUPTFG is 2, the
*** table repeats for each soil layer."
PERLND,MON-NITUPT,MON-NITUPTgroundwater,/PERLND/NITR/MONTHLY/KPLN/GROUNDWATER,,128,"*** <PLS >  Plant uptake parm for nitrogen in soil layer (/day)
*** x -  x  JAN  FEB  MAR  APR  MAY  JUN  JUL  AUG  SEP  OCT  NOV  DEC","*** Monthly values of plant uptake reaction rate parameters for nitrogen
*** This entire table is supplied four times; first for the surface layer,
*** second for the upper layer, third for the lower layer and fourth for
*** the active groundwater layer. If omitted default values will be
*** supplied. This table is required if the plant uptake parameters vary
*** throughout the year (VNUTFG=1 in Table-type NIT-FLAGS) and first-order
*** reaction rates are being used (NUPTFG=0 in Table-type NIT-FLAGS)."
PERLND,MON-NITUPT,MON-NITUPTlower,/PERLND/NITR/MONTHLY/KPLN/LOWER,,127,"*** <PLS >  Plant uptake parm for nitrogen in soil layer (/day)
*** x -  x  JAN  FEB  MAR  APR  MAY  JUN  JUL  AUG  SEP  OCT  NOV  DEC","*** Monthly values of plant uptake reaction rate parameters for nitrogen
*** This entire table is supplied four times; first for the surface layer,
*** second for the upper layer, third for the lower layer and fourth for
*** the active groundwater layer. If omitted default values will be
*** supplied. This table is required if the plant uptake parameters vary
*** throughout the year (VNUTFG=1 in Table-type NIT-FLAGS) and first-order
*** reaction rates are being used (NUPTFG=0 in Table-type NIT-FLAGS)."
PERLND,MON-NITUPT,MON-NITUPTsurface,/PERLND/NITR/MONTHLY/KPLN/SURFACE,,125,"*** <PLS >  Plant uptake parm for nitrogen in soil layer (/day)
*** x -  x  JAN  FEB  MAR  APR  MAY  JUN  JUL  AUG  SEP  OCT  NOV  DEC","*** Monthly values of plant uptake reaction rate parameters for nitrogen
*** This entire table is supplied four times; first for the surface layer,
*** second for the upper layer, third for the lower layer and fourth for
*** the active groundwater layer. If omitted default values will be
*** supplied. This table is required if the plant uptake parameters vary
*** throughout the year (VNUTFG=1 in Table-type NIT-FLAGS) and first-order
*** reaction rates are being used (NUPTFG=0 in Table-type NIT-FLAGS)."
PERLND,MON-NITUPT,MON-NITUPTupper,/PERLND/NITR/MONTHLY/KPLN/UPPER,,126,"*** <PLS >  Plant uptake parm for nitrogen in soil layer (/day)
*** x -  x  JAN  FEB  MAR  APR  MAY  JUN  JUL  AUG  SEP  OCT  NOV  DEC","*** Monthly values of plant uptake reaction rate parameters for nitrogen
*** This entire table is supplied four times; first for the surface layer,
*** second for the upper layer, third for the lower layer and fourth for
*** the active groundwater layer. If omitted default values will be
*** supplied. This table is required if the plant uptake parameters vary
*** throughout the year (VNUTFG=1 in Table-type NIT-FLAGS) and first-order
*** reaction rates are being used (NUPTFG=0 in Table-type NIT-FLAGS)."
PERLND,MON-NPRETAG,MON-NPRETAG,/PERLND/NITR/MONTHLY/AGKPRN,,171,"*** <PLS >  Monthly return rates for above-ground plant nitrogen (/day)
*** x -  x  JAN  FEB  MAR  APR  MAY  JUN  JUL  AUG  SEP  OCT  NOV  DEC","*** This table specifies monthly first-order return rates for above-ground
*** plant nitrogen to the litter layer.  The table is used if ALPNFG= 1
*** and VNPRFG=1 in Table-type NIT-FLAGS."
PERLND,MON-NPRETBG,MON-NPRETBGgroundwater,/PERLND/NITR/MONTHLY/KPRBN/GROUNDWATER,,163,"*** <PLS >  Monthly return rates for below-ground plant nitrogen (/day)
*** x -  x  JAN  FEB  MAR  APR  MAY  JUN  JUL  AUG  SEP  OCT  NOV  DEC","*** This table specifies monthly first-order return rates for below-ground
*** plant nitrogen to each soil layer in the form of particulate organic
*** N.  The table is used if VNPRFG=1 in Table-type NIT-FLAGS.  It is
*** repeated four times, once for each soil layer."
PERLND,MON-NPRETBG,MON-NPRETBGlower,/PERLND/NITR/MONTHLY/KPRBN/LOWER,,162,"*** <PLS >  Monthly return rates for below-ground plant nitrogen (/day)
*** x -  x  JAN  FEB  MAR  APR  MAY  JUN  JUL  AUG  SEP  OCT  NOV  DEC","*** This table specifies monthly first-order return rates for below-ground
*** plant nitrogen to each soil layer in the form of particulate organic
*** N.  The table is used if VNPRFG=1 in Table-type NIT-FLAGS.  It is
*** repeated four times, once for each soil layer."
PERLND,MON-NPRETBG,MON-NPRETBGsurface,/PERLND/NITR/MONTHLY/KPRBN/SURFACE,,160,"*** <PLS >  Monthly return rates for below-ground plant nitrogen (/day)
*** x -  x  JAN  FEB  MAR  APR  MAY  JUN  JUL  AUG  SEP  OCT  NOV  DEC","*** This table specifies monthly first-order return rates for below-ground
*** plant nitrogen to each soil layer in the form of particulate organic
*** N.  The table is used if VNPRFG=1 in Table-type NIT-FLAGS.  It is
*** repeated four times, once for each soil layer."
PERLND,MON-NPRETBG,MON-NPRETBGupper,/PERLND/NITR/MONTHLY/KPRBN/UPPER,,161,"*** <PLS >  Monthly return rates for below-ground plant nitrogen (/day)
*** x -  x  JAN  FEB  MAR  APR  MAY  JUN  JUL  AUG  SEP  OCT  NOV  DEC","*** This table specifies monthly first-order return rates for below-ground
*** plant nitrogen to each soil layer in the form of particulate organic
*** N.  The table is used if VNPRFG=1 in Table-type NIT-FLAGS.  It is
*** repeated four times, once for each soil layer."
PERLND,MON-NPRETFBG,MON-NPRETFBG,/PERLND/NITR/MONTHLY/BGNPRF,,164,"*** <PLS >  Monthly refractory fractions for below-ground plant N return
*** x -  x  JAN  FEB  MAR  APR  MAY  JUN  JUL  AUG  SEP  OCT  NOV  DEC","*** This table specifies monthly refractory fractions for below-ground
*** plant nitrogen return.  The table is used if plant return rates vary
*** monthly (VNPRFG=1 in Table-type NIT-FLAGS)."
PERLND,MON-NPRETFLI,MON-NPRETFLI,/PERLND/NITR/MONTHLY/LINPRF,,174,"*** <PLS >  Monthly refractory fractions for litter N return
*** x -  x  JAN  FEB  MAR  APR  MAY  JUN  JUL  AUG  SEP  OCT  NOV  DEC","*** This table specifies monthly refractory fractions for litter nitrogen
*** return.  The table is used if plant return rates vary monthly
*** (VNPRFG=1 in Table-type NIT-FLAGS) and above-ground compartments are
*** being simulated (ALPNFG=1 in Table-type NIT-FLAGS)."
PERLND,MON-NPRETLI,MON-NPRETLIsurface,/PERLND/NITR/MONTHLY/NPRETLI/SURFACE,,172,"*** <PLS >  Monthly return rates for litter compartment nitrogen (/day)
*** x -  x  JAN  FEB  MAR  APR  MAY  JUN  JUL  AUG  SEP  OCT  NOV  DEC","*** This table specifies monthly first-order return rates for litter layer
*** nitrogen to the soil layer.  The table is used if ALPNFG= 1 and
*** VNPRFG=1 in Table-type NIT-FLAGS.  It is repeated twice, for the
*** surface and upper soil layers only."
PERLND,MON-NPRETLI,MON-NPRETLIupper,/PERLND/NITR/MONTHLY/NPRETLI/UPPER,,173,"*** <PLS >  Monthly return rates for litter compartment nitrogen (/day)
*** x -  x  JAN  FEB  MAR  APR  MAY  JUN  JUL  AUG  SEP  OCT  NOV  DEC","*** This table specifies monthly first-order return rates for litter layer
*** nitrogen to the soil layer.  The table is used if ALPNFG= 1 and
*** VNPRFG=1 in Table-type NIT-FLAGS.  It is repeated twice, for the
*** surface and upper soil layers only."
PERLND,MON-NUPT-FR1,MON-NUPT-FR1,/PERLND/NITR/MONTHLY/TNU,,130,"*** <PLS >  Monthly fractions of total annual N uptake
*** x -  x  JAN  FEB  MAR  APR  MAY  JUN  JUL  AUG  SEP  OCT  NOV  DEC","*** Fractions of the total annual nitrogen uptake target applied to each
*** month.  This table is required when yield-based plant uptake is being
*** used (NUPTFG=1 in Table-type NIT-FLAGS)."
PERLND,MON-NUPT-FR2,MON-NUPT-FR2groundwater,/PERLND/NITR/MONTHLY/LNU/GROUNDWATER,,134,"*** <PLS >  Monthly fractions of N uptake from soil layer
*** x -  x  JAN  FEB  MAR  APR  MAY  JUN  JUL  AUG  SEP  OCT  NOV  DEC","*** Fractions of the monthly nitrogen uptake target taken from each soil
*** layer.  This table appears four times (once each for the surface,
*** upper, lower, and active groundwater layers) and is required when
*** yield-based plant uptake is being used (NUPTFG=1 in Table-type NIT-
*** FLAGS).  The sum of the four fractions for a month must be unity.  The
*** actual monthly N uptake target for a soil layer is the total annual
*** target (NUPTGT in Table-type NIT-YIELD) times the monthly fraction (in
*** Table-type MON-NUPT-FR1) times the layer fraction for the month."
PERLND,MON-NUPT-FR2,MON-NUPT-FR2lower,/PERLND/NITR/MONTHLY/LNU/LOWER,,133,"*** <PLS >  Monthly fractions of N uptake from soil layer
*** x -  x  JAN  FEB  MAR  APR  MAY  JUN  JUL  AUG  SEP  OCT  NOV  DEC","*** Fractions of the monthly nitrogen uptake target taken from each soil
*** layer.  This table appears four times (once each for the surface,
*** upper, lower, and active groundwater layers) and is required when
*** yield-based plant uptake is being used (NUPTFG=1 in Table-type NIT-
*** FLAGS).  The sum of the four fractions for a month must be unity.  The
*** actual monthly N uptake target for a soil layer is the total annual
*** target (NUPTGT in Table-type NIT-YIELD) times the monthly fraction (in
*** Table-type MON-NUPT-FR1) times the layer fraction for the month."
PERLND,MON-NUPT-FR2,MON-NUPT-FR2surface,/PERLND/NITR/MONTHLY/LNU/SURFACE,,131,"*** <PLS >  Monthly fractions of N uptake from soil layer
*** x -  x  JAN  FEB  MAR  APR  MAY  JUN  JUL  AUG  SEP  OCT  NOV  DEC","*** Fractions of the monthly nitrogen uptake target taken from each soil
*** layer.  This table appears four times (once each for the surface,
*** upper, lower, and active groundwater layers) and is required when
*** yield-based plant uptake is being used (NUPTFG=1 in Table-type NIT-
*** FLAGS).  The sum of the four fractions for a month must be unity.  The
*** actual monthly N uptake target for a soil layer is the total annual
*** target (NUPTGT in Table-type NIT-YIELD) times the monthly fraction (in
*** Table-type MON-NUPT-FR1) times the layer fraction for the month."
PERLND,MON-NUPT-FR2,MON-NUPT-FR2upper,/PERLND/NITR/MONTHLY/LNU/UPPER,,132,"*** <PLS >  Monthly fractions of N uptake from soil layer
*** x -  x  JAN  FEB  MAR  APR  MAY  JUN  JUL  AUG  SEP  OCT  NOV  DEC","*** Fractions of the monthly nitrogen uptake target taken from each soil
*** layer.  This table appears four times (once each for the surface,
*** upper, lower, and active groundwater layers) and is required when
*** yield-based plant uptake is being used (NUPTFG=1 in Table-type NIT-
*** FLAGS).  The sum of the four fractions for a month must be unity.  The
*** actual monthly N uptake target for a soil layer is the total annual
*** target (NUPTGT in Table-type NIT-YIELD) times the monthly fraction (in
*** Table-type MON-NUPT-FR1) times the layer fraction for the month."
PERLND,MON-NVSI,MON-NVSI,/PERLND/SEDMNT/MONTHLY/NVSI,,47,"*** <PLS >  Monthly net vertical sediment input (kg/ha.day)
*** x -  x  JAN  FEB  MAR  APR  MAY  JUN  JUL  AUG  SEP  OCT  NOV  DEC","*** Monthly net vertical sediment input. This table is only required if
*** VSIVFG in Table-type SED-PARM1 is 1."
PERLND,MON-PHOSUPT,MON-PHOSUPTgroundwater,/PERLND/PHOS/MONTHLY/KPLP/GROUNDWATER,,196,"*** <PLS > Monthly phosphorus uptake parameters for soil layer (/day)
*** x -  x  JAN  FEB  MAR  APR  MAY  JUN  JUL  AUG  SEP  OCT  NOV  DEC","*** Monthly values of first-order plant phosphorus uptake reaction rate
*** parameters.  This table is required if VPUTFG=1 and PUPTFG=0 in Table-
*** type PHOS-FLAGS.  The entire table is supplied four times; first for
*** the surface layer, second for the upper layer, third for the lower
*** layer and fourth for the active groundwater layer.  If omitted,
*** default values will be supplied."
PERLND,MON-PHOSUPT,MON-PHOSUPTlower,/PERLND/PHOS/MONTHLY/KPLP/LOWER,,195,"*** <PLS > Monthly phosphorus uptake parameters for soil layer (/day)
*** x -  x  JAN  FEB  MAR  APR  MAY  JUN  JUL  AUG  SEP  OCT  NOV  DEC","*** Monthly values of first-order plant phosphorus uptake reaction rate
*** parameters.  This table is required if VPUTFG=1 and PUPTFG=0 in Table-
*** type PHOS-FLAGS.  The entire table is supplied four times; first for
*** the surface layer, second for the upper layer, third for the lower
*** layer and fourth for the active groundwater layer.  If omitted,
*** default values will be supplied."
PERLND,MON-PHOSUPT,MON-PHOSUPTsurface,/PERLND/PHOS/MONTHLY/KPLP/SURFACE,,193,"*** <PLS > Monthly phosphorus uptake parameters for soil layer (/day)
*** x -  x  JAN  FEB  MAR  APR  MAY  JUN  JUL  AUG  SEP  OCT  NOV  DEC","*** Monthly values of first-order plant phosphorus uptake reaction rate
*** parameters.  This table is required if VPUTFG=1 and PUPTFG=0 in Table-
*** type PHOS-FLAGS.  The entire table is supplied four times; first for
*** the surface layer, second for the upper layer, third for the lower
*** layer and fourth for the active groundwater layer.  If omitted,
*** default values will be supplied."
PERLND,MON-PHOSUPT,MON-PHOSUPTupper,/PERLND/PHOS/MONTHLY/KPLP/UPPER,,194,"*** <PLS > Monthly phosphorus uptake parameters for soil layer (/day)
*** x -  x  JAN  FEB  MAR  APR  MAY  JUN  JUL  AUG  SEP  OCT  NOV  DEC","*** Monthly values of first-order plant phosphorus uptake reaction rate
*** parameters.  This table is required if VPUTFG=1 and PUPTFG=0 in Table-
*** type PHOS-FLAGS.  The entire table is supplied four times; first for
*** the surface layer, second for the upper layer, third for the lower
*** layer and fourth for the active groundwater layer.  If omitted,
*** default values will be supplied."
PERLND,MON-POTFS,MON-POTFS1,/PERLND/PQUAL1/MONTHLY/POTFS,,72,"*** <PLS >  Value at start of each month for scour potency factor (qty/tonne)
*** x -  x  JAN  FEB  MAR  APR  MAY  JUN  JUL  AUG  SEP  OCT  NOV  DEC","*** Monthly values of scour potency factor at start of each month. This
*** table is only required if VPFSFG in Table-type QUAL-PROPS is 1. This
*** table should be repeated for each quality constituent."
PERLND,MON-POTFS,MON-POTFS10,/PERLND/PQUAL10/MONTHLY/POTFS,,72,"*** <PLS >  Value at start of each month for scour potency factor (qty/tonne)
*** x -  x  JAN  FEB  MAR  APR  MAY  JUN  JUL  AUG  SEP  OCT  NOV  DEC","*** Monthly values of scour potency factor at start of each month. This
*** table is only required if VPFSFG in Table-type QUAL-PROPS is 1. This
*** table should be repeated for each quality constituent."
PERLND,MON-POTFS,MON-POTFS2,/PERLND/PQUAL2/MONTHLY/POTFS,,72,"*** <PLS >  Value at start of each month for scour potency factor (qty/tonne)
*** x -  x  JAN  FEB  MAR  APR  MAY  JUN  JUL  AUG  SEP  OCT  NOV  DEC","*** Monthly values of scour potency factor at start of each month. This
*** table is only required if VPFSFG in Table-type QUAL-PROPS is 1. This
*** table should be repeated for each quality constituent."
PERLND,MON-POTFS,MON-POTFS3,/PERLND/PQUAL3/MONTHLY/POTFS,,72,"*** <PLS >  Value at start of each month for scour potency factor (qty/tonne)
*** x -  x  JAN  FEB  MAR  APR  MAY  JUN  JUL  AUG  SEP  OCT  NOV  DEC","*** Monthly values of scour potency factor at start of each month. This
*** table is only required if VPFSFG in Table-type QUAL-PROPS is 1. This
*** table should be repeated for each quality constituent."
PERLND,MON-POTFS,MON-POTFS4,/PERLND/PQUAL4/MONTHLY/POTFS,,72,"*** <PLS >  Value at start of each month for scour potency factor (qty/tonne)
*** x -  x  JAN  FEB  MAR  APR  MAY  JUN  JUL  AUG  SEP  OCT  NOV  DEC","*** Monthly values of scour potency factor at start of each month. This
*** table is only required if VPFSFG in Table-type QUAL-PROPS is 1. This
*** table should be repeated for each quality constituent."
PERLND,MON-POTFS,MON-POTFS5,/PERLND/PQUAL5/MONTHLY/POTFS,,72,"*** <PLS >  Value at start of each month for scour potency factor (qty/tonne)
*** x -  x  JAN  FEB  MAR  APR  MAY  JUN  JUL  AUG  SEP  OCT  NOV  DEC","*** Monthly values of scour potency factor at start of each month. This
*** table is only required if VPFSFG in Table-type QUAL-PROPS is 1. This
*** table should be repeated for each quality constituent."
PERLND,MON-POTFS,MON-POTFS6,/PERLND/PQUAL6/MONTHLY/POTFS,,72,"*** <PLS >  Value at start of each month for scour potency factor (qty/tonne)
*** x -  x  JAN  FEB  MAR  APR  MAY  JUN  JUL  AUG  SEP  OCT  NOV  DEC","*** Monthly values of scour potency factor at start of each month. This
*** table is only required if VPFSFG in Table-type QUAL-PROPS is 1. This
*** table should be repeated for each quality constituent."
PERLND,MON-POTFS,MON-POTFS7,/PERLND/PQUAL7/MONTHLY/POTFS,,72,"*** <PLS >  Value at start of each month for scour potency factor (qty/tonne)
*** x -  x  JAN  FEB  MAR  APR  MAY  JUN  JUL  AUG  SEP  OCT  NOV  DEC","*** Monthly values of scour potency factor at start of each month. This
*** table is only required if VPFSFG in Table-type QUAL-PROPS is 1. This
*** table should be repeated for each quality constituent."
PERLND,MON-POTFS,MON-POTFS8,/PERLND/PQUAL8/MONTHLY/POTFS,,72,"*** <PLS >  Value at start of each month for scour potency factor (qty/tonne)
*** x -  x  JAN  FEB  MAR  APR  MAY  JUN  JUL  AUG  SEP  OCT  NOV  DEC","*** Monthly values of scour potency factor at start of each month. This
*** table is only required if VPFSFG in Table-type QUAL-PROPS is 1. This
*** table should be repeated for each quality constituent."
PERLND,MON-POTFS,MON-POTFS9,/PERLND/PQUAL9/MONTHLY/POTFS,,72,"*** <PLS >  Value at start of each month for scour potency factor (qty/tonne)
*** x -  x  JAN  FEB  MAR  APR  MAY  JUN  JUL  AUG  SEP  OCT  NOV  DEC","*** Monthly values of scour potency factor at start of each month. This
*** table is only required if VPFSFG in Table-type QUAL-PROPS is 1. This
*** table should be repeated for each quality constituent."
PERLND,MON-POTFW,MON-POTFW1,/PERLND/PQUAL1/MONTHLY/POTFW,,71,"*** <PLS >  Value at start of each month for washoff potency factor (qty/tonn)
*** x -  x  JAN  FEB  MAR  APR  MAY  JUN  JUL  AUG  SEP  OCT  NOV  DEC","*** Monthly values of washoff potency factor at start of each month. This
*** table is only required if VPFWFG in Table-type QUAL-PROPS is 1. This
*** table should be repeated for each quality constituent."
PERLND,MON-POTFW,MON-POTFW10,/PERLND/PQUAL10/MONTHLY/POTFW,,71,"*** <PLS >  Value at start of each month for washoff potency factor (qty/tonn)
*** x -  x  JAN  FEB  MAR  APR  MAY  JUN  JUL  AUG  SEP  OCT  NOV  DEC","*** Monthly values of washoff potency factor at start of each month. This
*** table is only required if VPFWFG in Table-type QUAL-PROPS is 1. This
*** table should be repeated for each quality constituent."
PERLND,MON-POTFW,MON-POTFW2,/PERLND/PQUAL2/MONTHLY/POTFW,,71,"*** <PLS >  Value at start of each month for washoff potency factor (qty/tonn)
*** x -  x  JAN  FEB  MAR  APR  MAY  JUN  JUL  AUG  SEP  OCT  NOV  DEC","*** Monthly values of washoff potency factor at start of each month. This
*** table is only required if VPFWFG in Table-type QUAL-PROPS is 1. This
*** table should be repeated for each quality constituent."
PERLND,MON-POTFW,MON-POTFW3,/PERLND/PQUAL3/MONTHLY/POTFW,,71,"*** <PLS >  Value at start of each month for washoff potency factor (qty/tonn)
*** x -  x  JAN  FEB  MAR  APR  MAY  JUN  JUL  AUG  SEP  OCT  NOV  DEC","*** Monthly values of washoff potency factor at start of each month. This
*** table is only required if VPFWFG in Table-type QUAL-PROPS is 1. This
*** table should be repeated for each quality constituent."
PERLND,MON-POTFW,MON-POTFW4,/PERLND/PQUAL4/MONTHLY/POTFW,,71,"*** <PLS >  Value at start of each month for washoff potency factor (qty/tonn)
*** x -  x  JAN  FEB  MAR  APR  MAY  JUN  JUL  AUG  SEP  OCT  NOV  DEC","*** Monthly values of washoff potency factor at start of each month. This
*** table is only required if VPFWFG in Table-type QUAL-PROPS is 1. This
*** table should be repeated for each quality constituent."
PERLND,MON-POTFW,MON-POTFW5,/PERLND/PQUAL5/MONTHLY/POTFW,,71,"*** <PLS >  Value at start of each month for washoff potency factor (qty/tonn)
*** x -  x  JAN  FEB  MAR  APR  MAY  JUN  JUL  AUG  SEP  OCT  NOV  DEC","*** Monthly values of washoff potency factor at start of each month. This
*** table is only required if VPFWFG in Table-type QUAL-PROPS is 1. This
*** table should be repeated for each quality constituent."
PERLND,MON-POTFW,MON-POTFW6,/PERLND/PQUAL6/MONTHLY/POTFW,,71,"*** <PLS >  Value at start of each month for washoff potency factor (qty/tonn)
*** x -  x  JAN  FEB  MAR  APR  MAY  JUN  JUL  AUG  SEP  OCT  NOV  DEC","*** Monthly values of washoff potency factor at start of each month. This
*** table is only required if VPFWFG in Table-type QUAL-PROPS is 1. This
*** table should be repeated for each quality constituent."
PERLND,MON-POTFW,MON-POTFW7,/PERLND/PQUAL7/MONTHLY/POTFW,,71,"*** <PLS >  Value at start of each month for washoff potency factor (qty/tonn)
*** x -  x  JAN  FEB  MAR  APR  MAY  JUN  JUL  AUG  SEP  OCT  NOV  DEC","*** Monthly values of washoff potency factor at start of each month. This
*** table is only required if VPFWFG in Table-type QUAL-PROPS is 1. This
*** table should be repeated for each quality constituent."
PERLND,MON-POTFW,MON-POTFW8,/PERLND/PQUAL8/MONTHLY/POTFW,,71,"*** <PLS >  Value at start of each month for washoff potency factor (qty/tonn)
*** x -  x  JAN  FEB  MAR  APR  MAY  JUN  JUL  AUG  SEP  OCT  NOV  DEC","*** Monthly values of washoff potency factor at start of each month. This
*** table is only required if VPFWFG in Table-type QUAL-PROPS is 1. This
*** table should be repeated for each quality constituent."
PERLND,MON-POTFW,MON-POTFW9,/PERLND/PQUAL9/MONTHLY/POTFW,,71,"*** <PLS >  Value at start of each month for washoff potency factor (qty/tonn)
*** x -  x  JAN  FEB  MAR  APR  MAY  JUN  JUL  AUG  SEP  OCT  NOV  DEC","*** Monthly values of washoff potency factor at start of each month. This
*** table is only required if VPFWFG in Table-type QUAL-PROPS is 1. This
*** table should be repeated for each quality constituent."
PERLND,MON-PUPT-FR1,MON-PUPT-FR1,/PERLND/PHOS/MONTHLY/TUP,,198,"*** <PLS >  Monthly fractions of total annual P uptake
*** x -  x  JAN  FEB  MAR  APR  MAY  JUN  JUL  AUG  SEP  OCT  NOV  DEC","*** Fractions of the total annual phosphorus uptake target applied to each
*** month.  This table is required when yield-based plant uptake is being
*** used (PUPTFG=1 in Table-type PHOS-FLAGS)."
PERLND,MON-PUPT-FR2,MON-PUPT-FR2groundwater,/PERLND/PHOS/MONTHLY/LPU/GROUNDWATER,,199,"*** <PLS >  Monthly fractions of P uptake from soil layer
*** x -  x  JAN  FEB  MAR  APR  MAY  JUN  JUL  AUG  SEP  OCT  NOV  DEC","*** Fractions of the monthly phosphorus uptake target taken from each soil
*** layer.  This table appears four times (once each for the surface,
*** upper, lower, and active groundwater layers) and is required when
*** yield-based plant uptake is being used (PUPTFG=1 in Table-type PHOS-
*** FLAGS).  The sum of the four fractions for a month must be unity.  The
*** actual monthly P uptake target for a soil layer is the total annual
*** target (PUPTGT in Table-type PHOS-YIELD) times the monthly fraction
*** (in Table-type MON-PUPT-FR1) times the layer fraction for the month."
PERLND,MON-PUPT-FR2,MON-PUPT-FR2lower,/PERLND/PHOS/MONTHLY/LPU/LOWER,,199,"*** <PLS >  Monthly fractions of P uptake from soil layer
*** x -  x  JAN  FEB  MAR  APR  MAY  JUN  JUL  AUG  SEP  OCT  NOV  DEC","*** Fractions of the monthly phosphorus uptake target taken from each soil
*** layer.  This table appears four times (once each for the surface,
*** upper, lower, and active groundwater layers) and is required when
*** yield-based plant uptake is being used (PUPTFG=1 in Table-type PHOS-
*** FLAGS).  The sum of the four fractions for a month must be unity.  The
*** actual monthly P uptake target for a soil layer is the total annual
*** target (PUPTGT in Table-type PHOS-YIELD) times the monthly fraction
*** (in Table-type MON-PUPT-FR1) times the layer fraction for the month."
PERLND,MON-PUPT-FR2,MON-PUPT-FR2surface,/PERLND/PHOS/MONTHLY/LPU/SURFACE,,199,"*** <PLS >  Monthly fractions of P uptake from soil layer
*** x -  x  JAN  FEB  MAR  APR  MAY  JUN  JUL  AUG  SEP  OCT  NOV  DEC","*** Fractions of the monthly phosphorus uptake target taken from each soil
*** layer.  This table appears four times (once each for the surface,
*** upper, lower, and active groundwater layers) and is required when
*** yield-based plant uptake is being used (PUPTFG=1 in Table-type PHOS-
*** FLAGS).  The sum of the four fractions for a month must be unity.  The
*** actual monthly P uptake target for a soil layer is the total annual
*** target (PUPTGT in Table-type PHOS-YIELD) times the monthly fraction
*** (in Table-type MON-PUPT-FR1) times the layer fraction for the month."
PERLND,MON-PUPT-FR2,MON-PUPT-FR2upper,/PERLND/PHOS/MONTHLY/LPU/UPPER,,199,"*** <PLS >  Monthly fractions of P uptake from soil layer
*** x -  x  JAN  FEB  MAR  APR  MAY  JUN  JUL  AUG  SEP  OCT  NOV  DEC","*** Fractions of the monthly phosphorus uptake target taken from each soil
*** layer.  This table appears four times (once each for the surface,
*** upper, lower, and active groundwater layers) and is required when
*** yield-based plant uptake is being used (PUPTFG=1 in Table-type PHOS-
*** FLAGS).  The sum of the four fractions for a month must be unity.  The
*** actual monthly P uptake target for a soil layer is the total annual
*** target (PUPTGT in Table-type PHOS-YIELD) times the monthly fraction
*** (in Table-type MON-PUPT-FR1) times the layer fraction for the month."
PERLND,MON-SQOLIM,MON-SQOLIM1,/PERLND/PQUAL1/MONTHLY/SQOLIM,,74,"*** <PLS >  Value at start of month for limiting storage of QUALOF (qty/ha)
*** x -  x  JAN  FEB  MAR  APR  MAY  JUN  JUL  AUG  SEP  OCT  NOV  DEC","*** Monthly values limiting storage of QUALOF at start of each month. This
*** table is only required if VQOFG in Table-type QUAL-PROPS is 1. This
*** table should be repeated for each quality constituent."
PERLND,MON-SQOLIM,MON-SQOLIM10,/PERLND/PQUAL10/MONTHLY/SQOLIM,,74,"*** <PLS >  Value at start of month for limiting storage of QUALOF (qty/ha)
*** x -  x  JAN  FEB  MAR  APR  MAY  JUN  JUL  AUG  SEP  OCT  NOV  DEC","*** Monthly values limiting storage of QUALOF at start of each month. This
*** table is only required if VQOFG in Table-type QUAL-PROPS is 1. This
*** table should be repeated for each quality constituent."
PERLND,MON-SQOLIM,MON-SQOLIM2,/PERLND/PQUAL2/MONTHLY/SQOLIM,,74,"*** <PLS >  Value at start of month for limiting storage of QUALOF (qty/ha)
*** x -  x  JAN  FEB  MAR  APR  MAY  JUN  JUL  AUG  SEP  OCT  NOV  DEC","*** Monthly values limiting storage of QUALOF at start of each month. This
*** table is only required if VQOFG in Table-type QUAL-PROPS is 1. This
*** table should be repeated for each quality constituent."
PERLND,MON-SQOLIM,MON-SQOLIM3,/PERLND/PQUAL3/MONTHLY/SQOLIM,,74,"*** <PLS >  Value at start of month for limiting storage of QUALOF (qty/ha)
*** x -  x  JAN  FEB  MAR  APR  MAY  JUN  JUL  AUG  SEP  OCT  NOV  DEC","*** Monthly values limiting storage of QUALOF at start of each month. This
*** table is only required if VQOFG in Table-type QUAL-PROPS is 1. This
*** table should be repeated for each quality constituent."
PERLND,MON-SQOLIM,MON-SQOLIM4,/PERLND/PQUAL4/MONTHLY/SQOLIM,,74,"*** <PLS >  Value at start of month for limiting storage of QUALOF (qty/ha)
*** x -  x  JAN  FEB  MAR  APR  MAY  JUN  JUL  AUG  SEP  OCT  NOV  DEC","*** Monthly values limiting storage of QUALOF at start of each month. This
*** table is only required if VQOFG in Table-type QUAL-PROPS is 1. This
*** table should be repeated for each quality constituent."
PERLND,MON-SQOLIM,MON-SQOLIM5,/PERLND/PQUAL5/MONTHLY/SQOLIM,,74,"*** <PLS >  Value at start of month for limiting storage of QUALOF (qty/ha)
*** x -  x  JAN  FEB  MAR  APR  MAY  JUN  JUL  AUG  SEP  OCT  NOV  DEC","*** Monthly values limiting storage of QUALOF at start of each month. This
*** table is only required if VQOFG in Table-type QUAL-PROPS is 1. This
*** table should be repeated for each quality constituent."
PERLND,MON-SQOLIM,MON-SQOLIM6,/PERLND/PQUAL6/MONTHLY/SQOLIM,,74,"*** <PLS >  Value at start of month for limiting storage of QUALOF (qty/ha)
*** x -  x  JAN  FEB  MAR  APR  MAY  JUN  JUL  AUG  SEP  OCT  NOV  DEC","*** Monthly values limiting storage of QUALOF at start of each month. This
*** table is only required if VQOFG in Table-type QUAL-PROPS is 1. This
*** table should be repeated for each quality constituent."
PERLND,MON-SQOLIM,MON-SQOLIM7,/PERLND/PQUAL7/MONTHLY/SQOLIM,,74,"*** <PLS >  Value at start of month for limiting storage of QUALOF (qty/ha)
*** x -  x  JAN  FEB  MAR  APR  MAY  JUN  JUL  AUG  SEP  OCT  NOV  DEC","*** Monthly values limiting storage of QUALOF at start of each month. This
*** table is only required if VQOFG in Table-type QUAL-PROPS is 1. This
*** table should be repeated for each quality constituent."
PERLND,MON-SQOLIM,MON-SQOLIM8,/PERLND/PQUAL8/MONTHLY/SQOLIM8,,74,"*** <PLS >  Value at start of month for limiting storage of QUALOF (qty/ha)
*** x -  x  JAN  FEB  MAR  APR  MAY  JUN  JUL  AUG  SEP  OCT  NOV  DEC","*** Monthly values limiting storage of QUALOF at start of each month. This
*** table is only required if VQOFG in Table-type QUAL-PROPS is 1. This
*** table should be repeated for each quality constituent."
PERLND,MON-SQOLIM,MON-SQOLIM9,/PERLND/PQUAL9/MONTHLY/SQOLIM,,74,"*** <PLS >  Value at start of month for limiting storage of QUALOF (qty/ha)
*** x -  x  JAN  FEB  MAR  APR  MAY  JUN  JUL  AUG  SEP  OCT  NOV  DEC","*** Monthly values limiting storage of QUALOF at start of each month. This
*** table is only required if VQOFG in Table-type QUAL-PROPS is 1. This
*** table should be repeated for each quality constituent."
PERLND,MON-ULTP1,MON-ULTP1,/PERLND/PSTEMP/MONTHLY/ULTP1,,53,"*** <PLS >  Value of ULTP1 at start of each month in deg C (TSOPFG=1)
*** x -  x  JAN  FEB  MAR  APR  MAY  JUN  JUL  AUG  SEP  OCT  NOV  DEC","*** Monthly values of the smoothing factor in upper layer temperature
*** calculation at the start of each month. This table is only required if
*** ULTVFG in Table-type PSTEMP-PARM1 is 1."
PERLND,MON-ULTP2,MON-ULTP2,/PERLND/PSTEMP/MONTHLY/ULTP2,,54,"*** <PLS >  Value of ULTP2 at start of each month in Deg C/C (TSOPFG=1)
*** x -  x  JAN  FEB  MAR  APR  MAY  JUN  JUL  AUG  SEP  OCT  NOV  DEC","*** Monthly values of the mean difference between upper layer soil
*** temperature and air temperature at the start of each month. This table
*** is only required if ULTVFG in Table-type PSTEMP-PARM1 is 1."
PERLND,MON-UZSN,MON-UZSN,/PERLND/PWATER/MONTHLY/UZSN,,24,"*** <PLS >  Upper zone storage at start of each month  (mm)
*** x -  x  JAN  FEB  MAR  APR  MAY  JUN  JUL  AUG  SEP  OCT  NOV  DEC","*** Monthly values of upper zone nominal storage at start of each mo This
*** table is only required if VUZFG in Table-type PWAT-PARM1 is"
PERLND,MST-PARM,MST-PARM,/PERLND/MSTLAY/PARAMETERS,,79,"*** <PLS >     SLMPF      ULPF      LLPF
*** x -  x",*** Factors used to adjust solute leaching rates (section MSTLAY).
PERLND,MST-SUBFLX,MST-SUBFLX,/PERLND/MSTLAY/PARAMETERS,,83,"*** <PLS >  Subsurface fractional fluxes (/ivl)
*** x -  x       FLP      FLDP       FAO","*** Initial fractional fluxes in subsurface layers (section MSTLAY).
*** Usually, this table should be omitted and the default values taken."
PERLND,MST-SUBSTOR,MST-SUBSTOR,/PERLND/MSTLAY/PARAMETERS,,82,"*** <PLS >  Subsoil moisture (kg/ha)
*** x -  x     LMSTM     AMSTM","*** Initial moisture storage in subsurface layers (section MSTLAY).
*** Usually, this table should be omitted and the default values taken."
PERLND,MST-TOPFLX,MST-TOPFLX,/PERLND/MSTLAY/PARAMETERS,,81,"*** <PLS >   Fractional fluxes in topsoil layers (/ivl)
*** x -  x       FSO       FSP       FII       FUP       FIO",*** Initial fractional fluxes in topsoil layers (section MSTLAY).
PERLND,MST-TOPSTOR,MST-TOPSTOR,/PERLND/MSTLAY/PARAMETERS,,80,"*** <PLS >      Topsoil storages (kg/ha)
*** x -  x     SMSTM     UMSTM     IMSTM",*** Initial moisture storage in each topsoil layer (section MSTLAY).
PERLND,NIT-AD-FLAGS,NIT-AD-FLAGS,/PERLND/NITR/FLAGS,,108,"***          Atmospheric Deposition Flags
***        <----NO3---->  <----NH3---->  <---ORGN---->
*** <PLS > <surf> <uppr>  <surf> <uppr>  <surf> <uppr>
*** x -  x <F><C> <F><C>  <F><C> <F><C>  <F><C> <F><C>",*** Nitrogen atmospheric deposition flags.
PERLND,NIT-AGPLRET,NIT-AGPLRET,/PERLND/NITR/PARAMETERS,,170,"***  Above-ground plant return rates and refractory fraction
*** <PLS >    AGKPRN    SKPRLN    UKPRLN    LINPRF
*** x -  x    (/day)    (/day)    (/day)","*** This table is used to specify first-order rates of return of above-
*** ground plant and litter nitrogen.  Litter rates are given for the top
*** two soil layers, plus the fraction returning as particulate refractory
*** organic N instead of particulate labile organic N.  These rates are
*** not adjusted for temperature.  This table is only input if the above-
*** ground compartments are being simulated (ALPNFG=1 in Table-type NIT-
*** FLAGS) and plant return rates are constant (VPLRFG=0 in Table-type
*** NIT-FLAGS)."
PERLND,NIT-AGUTF,NIT-AGUTF,/PERLND/NITR/PARAMETERS,,165,"*** <PLS >    SANUTF    UANUTF    LANUTF    AANUTF
*** x -  x","*** This table is used only when the above-ground and litter compartments
*** are being used (ALPNFG=1 in Table-type NIT-FLAGS) and plant uptake is
*** constant (VNUTFG=0 in Table-type NIT-FLAGS)."
PERLND,NIT-AMVOLAT,NIT-AMVOLAT,/PERLND/NITR/PARAMETERS,,118,"*** <PLS >     SKVOL     UKVOL     LKVOL     AKVOL     THVOL    TRFVOL
*** x -  x    (/day)    (/day)    (/day)    (/day)       (-)   (deg C)","*** These are the parameters for ammonia volatilization.  This table is
*** required if AMVOFG=1 in Table-type NIT-FLAGS."
PERLND,NIT-BGPLRET,NIT-BGPLRET,/PERLND/NITR/PARAMETERS,,159,"***  Below-ground plant return rates and refractory fraction
*** <PLS >    SKPRBN    UKPRBN    LKPRBN    AKPRBN    BGNPRF
*** x -  x    (/day)    (/day)    (/day)    (/day)","*** This table is used to specify first-order rates of return of below-
*** ground plant nitrogen.  Rates are given for the four soil layers, plus
*** the fraction returning as particulate refractory organic N instead of
*** particulate labile organic N.  These rates are not adjusted for
*** temperature.  This table is used if plant return rates are constant
*** (VPLRFG=0 in Table-type NIT-FLAGS)."
PERLND,NIT-CMAX,NIT-CMAX,/PERLND/NITR/NITR,,119,"*** <PLS >      CMAX
*** x -  x     (ppm)","*** Maximum solubility of ammonium. This table only appears once and is
*** only required if FORAFG=1."
PERLND,NIT-FLAGS,NIT-FLAGS,/PERLND/NITR/NITR,,107,"*** <PLS > Nitrogen flags
*** x -  x VNUT FORA ITMX BNUM CNUM NUPT FIXN AMVO ALPN VNPR",*** Flags for nitrogen simulation in PERLND segment.
PERLND,NIT-FSTGEN,NIT-FSTGEN,/PERLND/NITR/NITR,,109,"*** <PLS > Upt-facts<--------- Temp-parms (theta) --------->
*** x -  x  NO3  NH4  PLN KDSA KADA KIMN  KAM KDNI  KNI KIMA","*** Nitrogen first-order general parameters.  If this table is omitted
*** default values will be supplied."
PERLND,NIT-FSTPM,NIT-FSTPMgroundwater,/PERLND/NITR/NIT_FSTPM/GROUNDWATER,,113,"*** <PLS >    Nitrogen first-order parameters (/day)
*** x -  x     KDSAM     KADAM     KIMNI       KAM      KDNI       KNI     KIM","*** Nitrogen first-order reaction parameters. HSPF expects this table to
*** appear four times in the User's Control Input; first for the surface
*** layer, second for the upper layer, third for the lower layer, fourth
*** for the active groundwater layer.  If one or more occurrences of the
*** table are missing, all reaction parameters for the affected layer(s)
*** will be defaulted to zero."
PERLND,NIT-FSTPM,NIT-FSTPMlower,/PERLND/NITR/NIT_FSTPM/LOWER,,112,"*** <PLS >    Nitrogen first-order parameters (/day)
*** x -  x     KDSAM     KADAM     KIMNI       KAM      KDNI       KNI     KIM","*** Nitrogen first-order reaction parameters. HSPF expects this table to
*** appear four times in the User's Control Input; first for the surface
*** layer, second for the upper layer, third for the lower layer, fourth
*** for the active groundwater layer.  If one or more occurrences of the
*** table are missing, all reaction parameters for the affected layer(s)
*** will be defaulted to zero."
PERLND,NIT-FSTPM,NIT-FSTPMsurface,/PERLND/NITR/NIT_FSTPM/SURFACE,,110,"*** <PLS >    Nitrogen first-order parameters (/day)
*** x -  x     KDSAM     KADAM     KIMNI       KAM      KDNI       KNI     KIM","*** Nitrogen first-order reaction parameters. HSPF expects this table to
*** appear four times in the User's Control Input; first for the surface
*** layer, second for the upper layer, third for the lower layer, fourth
*** for the active groundwater layer.  If one or more occurrences of the
*** table are missing, all reaction parameters for the affected layer(s)
*** will be defaulted to zero."
PERLND,NIT-FSTPM,NIT-FSTPMupper,/PERLND/NITR/NIT_FSTPM/UPPER,,111,"*** <PLS >    Nitrogen first-order parameters (/day)
*** x -  x     KDSAM     KADAM     KIMNI       KAM      KDNI       KNI     KIM","*** Nitrogen first-order reaction parameters. HSPF expects this table to
*** appear four times in the User's Control Input; first for the surface
*** layer, second for the upper layer, third for the lower layer, fourth
*** for the active groundwater layer.  If one or more occurrences of the
*** table are missing, all reaction parameters for the affected layer(s)
*** will be defaulted to zero."
PERLND,NIT-ORGPM,NIT-ORGPMgroundwater,/PERLND/NITR/NIT_ORGPM/GROUNDWATER,,117,"*** <PLS >      KLON      KRON     KONLR     THNLR
*** x -  x                        (/day)","*** This table is required only to simulate multiple forms of organic N
*** instead of just particulate labile.  The entire table is repeated for
*** each soil layer."
PERLND,NIT-ORGPM,NIT-ORGPMlower,/PERLND/NITR/NIT_ORGPM/LOWER,,116,"*** <PLS >      KLON      KRON     KONLR     THNLR
*** x -  x                        (/day)","*** This table is required only to simulate multiple forms of organic N
*** instead of just particulate labile.  The entire table is repeated for
*** each soil layer."
PERLND,NIT-ORGPM,NIT-ORGPMsurface,/PERLND/NITR/NIT_ORGPM/SURFACE,,114,"*** <PLS >      KLON      KRON     KONLR     THNLR
*** x -  x                        (/day)","*** This table is required only to simulate multiple forms of organic N
*** instead of just particulate labile.  The entire table is repeated for
*** each soil layer."
PERLND,NIT-ORGPM,NIT-ORGPMupper,/PERLND/NITR/NIT_ORGPM/UPPER,,115,"*** <PLS >      KLON      KRON     KONLR     THNLR
*** x -  x                        (/day)","*** This table is required only to simulate multiple forms of organic N
*** instead of just particulate labile.  The entire table is repeated for
*** each soil layer."
PERLND,NIT-STOR1,NIT-STOR1groundwater,/PERLND/NITR/NIT_STOR1/GROUNDWATER,,178,"*** <PLS >Initial storage of N (kg/ha)
*** x -  x     LORGN      AMAD      AMSU       NO3      PLTN     RORGN","*** Initial storage of nitrogen. The values given in this table apply to
*** one of the following four soil storages: surface, upper principal,
*** lower or groundwater."
PERLND,NIT-STOR1,NIT-STOR1lower,/PERLND/NITR/NIT_STOR1/LOWER,,177,"*** <PLS >Initial storage of N (kg/ha)
*** x -  x     LORGN      AMAD      AMSU       NO3      PLTN     RORGN","*** Initial storage of nitrogen. The values given in this table apply to
*** one of the following four soil storages: surface, upper principal,
*** lower or groundwater."
PERLND,NIT-STOR1,NIT-STOR1surface,/PERLND/NITR/NIT_STOR1/SURFACE,,175,"*** <PLS >Initial storage of N (kg/ha)
*** x -  x     LORGN      AMAD      AMSU       NO3      PLTN     RORGN","*** Initial storage of nitrogen. The values given in this table apply to
*** one of the following four soil storages: surface, upper principal,
*** lower or groundwater."
PERLND,NIT-STOR1,NIT-STOR1upper,/PERLND/NITR/NIT_STOR1/UPPER,,176,"*** <PLS >Initial storage of N (kg/ha)
*** x -  x     LORGN      AMAD      AMSU       NO3      PLTN     RORGN","*** Initial storage of nitrogen. The values given in this table apply to
*** one of the following four soil storages: surface, upper principal,
*** lower or groundwater."
PERLND,NIT-STOR2,NIT-STOR2,/PERLND/NITR/PARAMETERS,,179,"*** <PLS >  Initial N in interflow, above-ground, and litter storage (kg/ha)
*** x -  x     IAMSU      INO3     ISLON     ISRON    AGPLTN    LITTRN","*** Initial storage of nitrogen in upper layer transitory (interflow)
*** and above-ground plant and litter compartments. It specifies the
*** initial storage of ammonium, nitrate and organic N in the interflow
*** storage, and the nitrogen in the two plant N compartments."
PERLND,NIT-SVALPM,NIT-SVALPMgroundwater,/PERLND/NITR/NIT_SVALPM/GROUNDWATER,,123,"*** <PLS >      XFIX        K1        N1
*** x -  x     (ppm)","*** Nitrogen single value Freundlich adsorption/desorption parameter HSPF
*** expects this table to appear four times in the User's Control Input;
*** first for the surface layer, second for the upper layer, third for the
*** lower layer, fourth for the active groundwater layer.  If one or more
*** occurrences of the table are missing, all reaction parameters for the
*** affected layer(s) will be defaulted to zero. This table is only
*** required if FORAFG=1."
PERLND,NIT-SVALPM,NIT-SVALPMlower,/PERLND/NITR/NIT_SVALPM/LOWER,,122,"*** <PLS >      XFIX        K1        N1
*** x -  x     (ppm)","*** Nitrogen single value Freundlich adsorption/desorption parameter HSPF
*** expects this table to appear four times in the User's Control Input;
*** first for the surface layer, second for the upper layer, third for the
*** lower layer, fourth for the active groundwater layer.  If one or more
*** occurrences of the table are missing, all reaction parameters for the
*** affected layer(s) will be defaulted to zero. This table is only
*** required if FORAFG=1."
PERLND,NIT-SVALPM,NIT-SVALPMsurface,/PERLND/NITR/NIT_SVALPM/SURFACE,,120,"*** <PLS >      XFIX        K1        N1
*** x -  x     (ppm)","*** Nitrogen single value Freundlich adsorption/desorption parameter HSPF
*** expects this table to appear four times in the User's Control Input;
*** first for the surface layer, second for the upper layer, third for the
*** lower layer, fourth for the active groundwater layer.  If one or more
*** occurrences of the table are missing, all reaction parameters for the
*** affected layer(s) will be defaulted to zero. This table is only
*** required if FORAFG=1."
PERLND,NIT-SVALPM,NIT-SVALPMupper,/PERLND/NITR/NIT_SVALPM/UPPER,,121,"*** <PLS >      XFIX        K1        N1
*** x -  x     (ppm)","*** Nitrogen single value Freundlich adsorption/desorption parameter HSPF
*** expects this table to appear four times in the User's Control Input;
*** first for the surface layer, second for the upper layer, third for the
*** lower layer, fourth for the active groundwater layer.  If one or more
*** occurrences of the table are missing, all reaction parameters for the
*** affected layer(s) will be defaulted to zero. This table is only
*** required if FORAFG=1."
PERLND,NIT-UPIMCSAT,NIT-UPIMCSATgroundwater,/PERLND/NITR/NIT_UPIMCSAT/GROUNDWATER,,138,"*** <PLS >     CSUNI     CSUAM     CSINI     CSIAM
*** x -  x    (ug/l)    (ug/l)    (ug/l)    (ug/l)","*** These are the half saturation constants for nitrogen uptake and
*** immobilization when using saturation kinetics (NUPTFG= 2 or -2 in
*** Table-type NIT-FLAGS).  If NUPTFG is 2, the table repeats for each
*** soil layer."
PERLND,NIT-UPIMCSAT,NIT-UPIMCSATlower,/PERLND/NITR/NIT_UPIMCSAT/LOWER,,137,"*** <PLS >     CSUNI     CSUAM     CSINI     CSIAM
*** x -  x    (ug/l)    (ug/l)    (ug/l)    (ug/l)","*** These are the half saturation constants for nitrogen uptake and
*** immobilization when using saturation kinetics (NUPTFG= 2 or -2 in
*** Table-type NIT-FLAGS).  If NUPTFG is 2, the table repeats for each
*** soil layer."
PERLND,NIT-UPIMCSAT,NIT-UPIMCSATsurface,/PERLND/NITR/NIT_UPIMCSAT/SURFACE,,135,"*** <PLS >     CSUNI     CSUAM     CSINI     CSIAM
*** x -  x    (ug/l)    (ug/l)    (ug/l)    (ug/l)","*** These are the half saturation constants for nitrogen uptake and
*** immobilization when using saturation kinetics (NUPTFG= 2 or -2 in
*** Table-type NIT-FLAGS).  If NUPTFG is 2, the table repeats for each
*** soil layer."
PERLND,NIT-UPIMCSAT,NIT-UPIMCSATupper,/PERLND/NITR/NIT_UPIMCSAT/UPPER,,136,"*** <PLS >     CSUNI     CSUAM     CSINI     CSIAM
*** x -  x    (ug/l)    (ug/l)    (ug/l)    (ug/l)","*** These are the half saturation constants for nitrogen uptake and
*** immobilization when using saturation kinetics (NUPTFG= 2 or -2 in
*** Table-type NIT-FLAGS).  If NUPTFG is 2, the table repeats for each
*** soil layer."
PERLND,NIT-UPIMKMAX,NIT-UPIMKMAXgroundwater,/PERLND/NITR/NIT_UPIMKMAX/GROUNDWATER,,142,"*** <PLS > Maximum plant uptake and immobilization rates (mg/l/day)
*** x -  x     KUPNI     KUPAM     KIMNI     KIMAM","*** These are the maximum rate constants for nitrogen uptake and
*** immobilization when using saturation kinetics (NUPTFG= 2 or -2 in
*** Table-type NIT-FLAGS) and rate constants do not vary monthly (VNUTFG=0
*** in Table-type NIT-FLAGS).  If NUPTFG is 2, the table repeats for each
*** soil layer."
PERLND,NIT-UPIMKMAX,NIT-UPIMKMAXlower,/PERLND/NITR/NIT-UPIMKMAX/LOWER,,141,"*** <PLS > Maximum plant uptake and immobilization rates (mg/l/day)
*** x -  x     KUPNI     KUPAM     KIMNI     KIMAM","*** These are the maximum rate constants for nitrogen uptake and
*** immobilization when using saturation kinetics (NUPTFG= 2 or -2 in
*** Table-type NIT-FLAGS) and rate constants do not vary monthly (VNUTFG=0
*** in Table-type NIT-FLAGS).  If NUPTFG is 2, the table repeats for each
*** soil layer."
PERLND,NIT-UPIMKMAX,NIT-UPIMKMAXsurface,/PERLND/NITR/NIT_UPIMKMAX/SURFACE,,139,"*** <PLS > Maximum plant uptake and immobilization rates (mg/l/day)
*** x -  x     KUPNI     KUPAM     KIMNI     KIMAM","*** These are the maximum rate constants for nitrogen uptake and
*** immobilization when using saturation kinetics (NUPTFG= 2 or -2 in
*** Table-type NIT-FLAGS) and rate constants do not vary monthly (VNUTFG=0
*** in Table-type NIT-FLAGS).  If NUPTFG is 2, the table repeats for each
*** soil layer."
PERLND,NIT-UPIMKMAX,NIT-UPIMKMAXupper,/PERLND/NITR/NIT_UPIMKMAX/UPPER,,140,"*** <PLS > Maximum plant uptake and immobilization rates (mg/l/day)
*** x -  x     KUPNI     KUPAM     KIMNI     KIMAM","*** These are the maximum rate constants for nitrogen uptake and
*** immobilization when using saturation kinetics (NUPTFG= 2 or -2 in
*** Table-type NIT-FLAGS) and rate constants do not vary monthly (VNUTFG=0
*** in Table-type NIT-FLAGS).  If NUPTFG is 2, the table repeats for each
*** soil layer."
PERLND,NIT-UPTAKE,NIT-UPTAKE,/PERLND/NITR/NITR,,124,"*** <PLS >Nitrogen plant uptake rates (/day)
*** x -  x   Surface     Upper     Lower   Groundw","*** Nitrogen plant uptake rate parameters. This table is only required if
*** VNUTFG=0 and NUPTFG=0."
PERLND,NIT-YIELD,NIT-YIELD,/PERLND/NITR/PARAMETERS,,129,"*** <PLS >    NUPTGT    NMXRAT
*** x -  x   (kg/ha)       (-)","*** This table is required when yield-based plant uptake is being
*** simulated (NUPTFG=1 in Table-type NIT-FLAGS)."
PERLND,NQUALS,NQUALS,/PERLND/PQUAL/PQUAL,,67,"*** <PLS >
*** x -  xNQUAL","*** The total number of quality constituents simulated in section PQUAL is
*** indicated in this table."
PERLND,PEST-AD-FLAGS,PEST-AD-FLAGS,/PERLND/PEST/FLAGS,,85,"***                   Atmospheric Deposition Flags
***        <-------PEST1------>  <-------PEST2------>  <-------PEST3------>
*** <PLS > <cry-> <ads-> <sol->  <cry-> <ads-> <sol->  <cry-> <ads-> <sol->
*** x -  x <F><C> <F><C> <F><C>  <F><C> <F><C> <F><C>  <F><C> <F><C> <F><C>",*** Pesticide atmospheric deposition flags.
PERLND,PEST-CMAX,PEST-CMAX,/PERLND/PEST/PEST,,92,"*** <PLS >      CMAX
*** x -  x     (ppm)","*** Maximum solubility of pesticide. This table is only required if
*** ADOPFG=2 or 3 for this pesticide. This table should be repeated for
*** each pesticide."
PERLND,PEST-DEGRAD,PEST-DEGRAD,/PERLND/PEST/PARAMETERS,,101,"*** <PLS >    Pesticide degradation rates (/day)
*** x -  x   Surface     Upper     Lower   Groundw","*** Pesticide degradation rates. This table should be repeated for each
*** pesticide."
PERLND,PEST-FIRSTPM,PEST-FIRSTPMgroundwater1,/PERLND/PEST/PEST-FIRSTPM/GROUNDWATER1,,91,"*** <PLS >First-order parms (/day)
*** x -  x     KDSPS     KADPS","*** Pesticide first-order parameters. This table is only required if
*** ADOPFG=1 for this pesticide. Then system expects it to appear four
*** times for this pesticide; first the surface layer, second for the
*** upper layer, etc. This table should be repeated for each pesticide."
PERLND,PEST-FIRSTPM,PEST-FIRSTPMgroundwater2,/PERLND/PEST/PEST-FIRSTPM/GROUNDWATER2,,91,"*** <PLS >First-order parms (/day)
*** x -  x     KDSPS     KADPS","*** Pesticide first-order parameters. This table is only required if
*** ADOPFG=1 for this pesticide. Then system expects it to appear four
*** times for this pesticide; first the surface layer, second for the
*** upper layer, etc. This table should be repeated for each pesticide."
PERLND,PEST-FIRSTPM,PEST-FIRSTPMgroundwater3,/PERLND/PEST/PEST-FIRSTPM/GROUNDWATER3,,91,"*** <PLS >First-order parms (/day)
*** x -  x     KDSPS     KADPS","*** Pesticide first-order parameters. This table is only required if
*** ADOPFG=1 for this pesticide. Then system expects it to appear four
*** times for this pesticide; first the surface layer, second for the
*** upper layer, etc. This table should be repeated for each pesticide."
PERLND,PEST-FIRSTPM,PEST-FIRSTPMlower1,/PERLND/PEST/PEST-FIRSTPM/LOWER1,,90,"*** <PLS >First-order parms (/day)
*** x -  x     KDSPS     KADPS","*** Pesticide first-order parameters. This table is only required if
*** ADOPFG=1 for this pesticide. Then system expects it to appear four
*** times for this pesticide; first the surface layer, second for the
*** upper layer, etc. This table should be repeated for each pesticide."
PERLND,PEST-FIRSTPM,PEST-FIRSTPMlower2,/PERLND/PEST/PEST-FIRSTPM/LOWER2,,90,"*** <PLS >First-order parms (/day)
*** x -  x     KDSPS     KADPS","*** Pesticide first-order parameters. This table is only required if
*** ADOPFG=1 for this pesticide. Then system expects it to appear four
*** times for this pesticide; first the surface layer, second for the
*** upper layer, etc. This table should be repeated for each pesticide."
PERLND,PEST-FIRSTPM,PEST-FIRSTPMlower3,/PERLND/PEST/PEST-FIRSTPM/LOWER3,,90,"*** <PLS >First-order parms (/day)
*** x -  x     KDSPS     KADPS","*** Pesticide first-order parameters. This table is only required if
*** ADOPFG=1 for this pesticide. Then system expects it to appear four
*** times for this pesticide; first the surface layer, second for the
*** upper layer, etc. This table should be repeated for each pesticide."
PERLND,PEST-FIRSTPM,PEST-FIRSTPMsurface1,/PERLND/PEST/PEST-FIRSTPM/SURFACE1,,88,"*** <PLS >First-order parms (/day)
*** x -  x     KDSPS     KADPS","*** Pesticide first-order parameters. This table is only required if
*** ADOPFG=1 for this pesticide. Then system expects it to appear four
*** times for this pesticide; first the surface layer, second for the
*** upper layer, etc. This table should be repeated for each pesticide."
PERLND,PEST-FIRSTPM,PEST-FIRSTPMsurface2,/PERLND/PEST/PEST-FIRSTPM/SURFACE2,,88,"*** <PLS >First-order parms (/day)
*** x -  x     KDSPS     KADPS","*** Pesticide first-order parameters. This table is only required if
*** ADOPFG=1 for this pesticide. Then system expects it to appear four
*** times for this pesticide; first the surface layer, second for the
*** upper layer, etc. This table should be repeated for each pesticide."
PERLND,PEST-FIRSTPM,PEST-FIRSTPMsurface3,/PERLND/PEST/PEST-FIRSTPM/SURFACE3,,88,"*** <PLS >First-order parms (/day)
*** x -  x     KDSPS     KADPS","*** Pesticide first-order parameters. This table is only required if
*** ADOPFG=1 for this pesticide. Then system expects it to appear four
*** times for this pesticide; first the surface layer, second for the
*** upper layer, etc. This table should be repeated for each pesticide."
PERLND,PEST-FIRSTPM,PEST-FIRSTPMupper1,/PERLND/PEST/PEST-FIRSTPM/UPPER1,,89,"*** <PLS >First-order parms (/day)
*** x -  x     KDSPS     KADPS","*** Pesticide first-order parameters. This table is only required if
*** ADOPFG=1 for this pesticide. Then system expects it to appear four
*** times for this pesticide; first the surface layer, second for the
*** upper layer, etc. This table should be repeated for each pesticide."
PERLND,PEST-FIRSTPM,PEST-FIRSTPMupper2,/PERLND/PEST/PEST-FIRSTPM/UPPER2,,89,"*** <PLS >First-order parms (/day)
*** x -  x     KDSPS     KADPS","*** Pesticide first-order parameters. This table is only required if
*** ADOPFG=1 for this pesticide. Then system expects it to appear four
*** times for this pesticide; first the surface layer, second for the
*** upper layer, etc. This table should be repeated for each pesticide."
PERLND,PEST-FIRSTPM,PEST-FIRSTPMupper3,/PERLND/PEST/PEST-FIRSTPM/UPPER3,,89,"*** <PLS >First-order parms (/day)
*** x -  x     KDSPS     KADPS","*** Pesticide first-order parameters. This table is only required if
*** ADOPFG=1 for this pesticide. Then system expects it to appear four
*** times for this pesticide; first the surface layer, second for the
*** upper layer, etc. This table should be repeated for each pesticide."
PERLND,PEST-FLAGS,PEST-FLAGS,/PERLND/PEST/PEST,,84,"*** <PLS > NPST|Max iterations|Adsorp option
*** x -  x     |Pst1 Pst2 Pst3|Pst1 Pst2 Pst3",*** Flags for pesticide simulation.
PERLND,PEST-ID,PEST-ID,/PERLND/PEST/PEST,,86,"*** <PLS >           Pesticide
*** x -  x",*** Name of pesticide. This table should be repeated for each pesticide.
PERLND,PEST-NONSVPM,PEST-NONSVPMgroundwater1,/PERLND/PEST/PEST-NONSVPM/GROUNDWATER1,,100,"*** <PLS >      XFIX        K1        N1        N2
*** x -  x     (ppm)","*** Pesticide parameters for Non-single value Freundlich method. This
*** table is only used if ADOPFG=3 for this pesticide.  Then, the system
*** expects it to appear four times for this pesticide; first the surface
*** layer, second for the upper layer, etc. This table should be repeated
*** for each pesticide."
PERLND,PEST-NONSVPM,PEST-NONSVPMgroundwater2,/PERLND/PEST/PEST-NONSVPM/GROUNDWATER2,,100,"*** <PLS >      XFIX        K1        N1        N2
*** x -  x     (ppm)","*** Pesticide parameters for Non-single value Freundlich method. This
*** table is only used if ADOPFG=3 for this pesticide.  Then, the system
*** expects it to appear four times for this pesticide; first the surface
*** layer, second for the upper layer, etc. This table should be repeated
*** for each pesticide."
PERLND,PEST-NONSVPM,PEST-NONSVPMgroundwater3,/PERLND/PEST/PEST-NONSVPM/GROUNDWATER3,,100,"*** <PLS >      XFIX        K1        N1        N2
*** x -  x     (ppm)","*** Pesticide parameters for Non-single value Freundlich method. This
*** table is only used if ADOPFG=3 for this pesticide.  Then, the system
*** expects it to appear four times for this pesticide; first the surface
*** layer, second for the upper layer, etc. This table should be repeated
*** for each pesticide."
PERLND,PEST-NONSVPM,PEST-NONSVPMlower1,/PERLND/PEST/PEST-NONSVPM/LOWER1,,99,"*** <PLS >      XFIX        K1        N1        N2
*** x -  x     (ppm)","*** Pesticide parameters for Non-single value Freundlich method. This
*** table is only used if ADOPFG=3 for this pesticide.  Then, the system
*** expects it to appear four times for this pesticide; first the surface
*** layer, second for the upper layer, etc. This table should be repeated
*** for each pesticide."
PERLND,PEST-NONSVPM,PEST-NONSVPMlower2,/PERLND/PEST/PEST-NONSVPM/LOWER2,,99,"*** <PLS >      XFIX        K1        N1        N2
*** x -  x     (ppm)","*** Pesticide parameters for Non-single value Freundlich method. This
*** table is only used if ADOPFG=3 for this pesticide.  Then, the system
*** expects it to appear four times for this pesticide; first the surface
*** layer, second for the upper layer, etc. This table should be repeated
*** for each pesticide."
PERLND,PEST-NONSVPM,PEST-NONSVPMlower3,/PERLND/PEST/PEST-NONSVPM/LOWER3,,99,"*** <PLS >      XFIX        K1        N1        N2
*** x -  x     (ppm)","*** Pesticide parameters for Non-single value Freundlich method. This
*** table is only used if ADOPFG=3 for this pesticide.  Then, the system
*** expects it to appear four times for this pesticide; first the surface
*** layer, second for the upper layer, etc. This table should be repeated
*** for each pesticide."
PERLND,PEST-NONSVPM,PEST-NONSVPMsurface1,/PERLND/PEST/PEST-NONSVPM/SURFACE1,,97,"*** <PLS >      XFIX        K1        N1        N2
*** x -  x     (ppm)","*** Pesticide parameters for Non-single value Freundlich method. This
*** table is only used if ADOPFG=3 for this pesticide.  Then, the system
*** expects it to appear four times for this pesticide; first the surface
*** layer, second for the upper layer, etc. This table should be repeated
*** for each pesticide."
PERLND,PEST-NONSVPM,PEST-NONSVPMsurface2,/PERLND/PEST/PEST-NONSVPM/SURFACE2,,97,"*** <PLS >      XFIX        K1        N1        N2
*** x -  x     (ppm)","*** Pesticide parameters for Non-single value Freundlich method. This
*** table is only used if ADOPFG=3 for this pesticide.  Then, the system
*** expects it to appear four times for this pesticide; first the surface
*** layer, second for the upper layer, etc. This table should be repeated
*** for each pesticide."
PERLND,PEST-NONSVPM,PEST-NONSVPMsurface3,/PERLND/PEST/PEST-NONSVPM/SURFACE3,,97,"*** <PLS >      XFIX        K1        N1        N2
*** x -  x     (ppm)","*** Pesticide parameters for Non-single value Freundlich method. This
*** table is only used if ADOPFG=3 for this pesticide.  Then, the system
*** expects it to appear four times for this pesticide; first the surface
*** layer, second for the upper layer, etc. This table should be repeated
*** for each pesticide."
PERLND,PEST-NONSVPM,PEST-NONSVPMupper1,/PERLND/PEST/PEST-NONSVPM/UPPER1,,98,"*** <PLS >      XFIX        K1        N1        N2
*** x -  x     (ppm)","*** Pesticide parameters for Non-single value Freundlich method. This
*** table is only used if ADOPFG=3 for this pesticide.  Then, the system
*** expects it to appear four times for this pesticide; first the surface
*** layer, second for the upper layer, etc. This table should be repeated
*** for each pesticide."
PERLND,PEST-NONSVPM,PEST-NONSVPMupper2,/PERLND/PEST/PEST-NONSVPM/UPPER2,,98,"*** <PLS >      XFIX        K1        N1        N2
*** x -  x     (ppm)","*** Pesticide parameters for Non-single value Freundlich method. This
*** table is only used if ADOPFG=3 for this pesticide.  Then, the system
*** expects it to appear four times for this pesticide; first the surface
*** layer, second for the upper layer, etc. This table should be repeated
*** for each pesticide."
PERLND,PEST-NONSVPM,PEST-NONSVPMupper3,/PERLND/PEST/PEST-NONSVPM/UPPER3,,98,"*** <PLS >      XFIX        K1        N1        N2
*** x -  x     (ppm)","*** Pesticide parameters for Non-single value Freundlich method. This
*** table is only used if ADOPFG=3 for this pesticide.  Then, the system
*** expects it to appear four times for this pesticide; first the surface
*** layer, second for the upper layer, etc. This table should be repeated
*** for each pesticide."
PERLND,PEST-STOR1,PEST-STOR1groundwater1,/PERLND/PEST/PEST-STOR1/GROUNDWATER1,,105,"*** <PLS >Initial pesticide in surface layer (kg/ha)
*** x -  x     Cryst       Ads      Soln","*** Initial pesticide storage.  The values given in this table apply to
*** one of the following four soil storages: surface, upper principal,
*** lower or groundwater.  This table should be repeated for each
*** pesticide."
PERLND,PEST-STOR1,PEST-STOR1groundwater2,/PERLND/PEST/PEST-STOR1/GROUNDWATER2,,105,"*** <PLS >Initial pesticide in surface layer (kg/ha)
*** x -  x     Cryst       Ads      Soln","*** Initial pesticide storage.  The values given in this table apply to
*** one of the following four soil storages: surface, upper principal,
*** lower or groundwater.  This table should be repeated for each
*** pesticide."
PERLND,PEST-STOR1,PEST-STOR1groundwater3,/PERLND/PEST/PEST-STOR1/GROUNDWATER3,,105,"*** <PLS >Initial pesticide in surface layer (kg/ha)
*** x -  x     Cryst       Ads      Soln","*** Initial pesticide storage.  The values given in this table apply to
*** one of the following four soil storages: surface, upper principal,
*** lower or groundwater.  This table should be repeated for each
*** pesticide."
PERLND,PEST-STOR1,PEST-STOR1lower1,/PERLND/PEST/PEST-STOR1/LOWER1,,104,"*** <PLS >Initial pesticide in surface layer (kg/ha)
*** x -  x     Cryst       Ads      Soln","*** Initial pesticide storage.  The values given in this table apply to
*** one of the following four soil storages: surface, upper principal,
*** lower or groundwater.  This table should be repeated for each
*** pesticide."
PERLND,PEST-STOR1,PEST-STOR1lower2,/PERLND/PEST/PEST-STOR1/LOWER2,,104,"*** <PLS >Initial pesticide in surface layer (kg/ha)
*** x -  x     Cryst       Ads      Soln","*** Initial pesticide storage.  The values given in this table apply to
*** one of the following four soil storages: surface, upper principal,
*** lower or groundwater.  This table should be repeated for each
*** pesticide."
PERLND,PEST-STOR1,PEST-STOR1lower3,/PERLND/PEST/PEST-STOR1/LOWER3,,104,"*** <PLS >Initial pesticide in surface layer (kg/ha)
*** x -  x     Cryst       Ads      Soln","*** Initial pesticide storage.  The values given in this table apply to
*** one of the following four soil storages: surface, upper principal,
*** lower or groundwater.  This table should be repeated for each
*** pesticide."
PERLND,PEST-STOR1,PEST-STOR1surface1,/PERLND/PEST/PEST-STOR1/SURFACE1,,102,"*** <PLS >Initial pesticide in surface layer (kg/ha)
*** x -  x     Cryst       Ads      Soln","*** Initial pesticide storage.  The values given in this table apply to
*** one of the following four soil storages: surface, upper principal,
*** lower or groundwater.  This table should be repeated for each
*** pesticide."
PERLND,PEST-STOR1,PEST-STOR1surface2,/PERLND/PEST/PEST-STOR1/SURFACE2,,102,"*** <PLS >Initial pesticide in surface layer (kg/ha)
*** x -  x     Cryst       Ads      Soln","*** Initial pesticide storage.  The values given in this table apply to
*** one of the following four soil storages: surface, upper principal,
*** lower or groundwater.  This table should be repeated for each
*** pesticide."
PERLND,PEST-STOR1,PEST-STOR1surface3,/PERLND/PEST/PEST-STOR1/SURFACE3,,102,"*** <PLS >Initial pesticide in surface layer (kg/ha)
*** x -  x     Cryst       Ads      Soln","*** Initial pesticide storage.  The values given in this table apply to
*** one of the following four soil storages: surface, upper principal,
*** lower or groundwater.  This table should be repeated for each
*** pesticide."
PERLND,PEST-STOR1,PEST-STOR1upper1,/PERLND/PEST/PEST-STOR1/UPPER1,,103,"*** <PLS >Initial pesticide in surface layer (kg/ha)
*** x -  x     Cryst       Ads      Soln","*** Initial pesticide storage.  The values given in this table apply to
*** one of the following four soil storages: surface, upper principal,
*** lower or groundwater.  This table should be repeated for each
*** pesticide."
PERLND,PEST-STOR1,PEST-STOR1upper2,/PERLND/PEST/PEST-STOR1/UPPER2,,103,"*** <PLS >Initial pesticide in surface layer (kg/ha)
*** x -  x     Cryst       Ads      Soln","*** Initial pesticide storage.  The values given in this table apply to
*** one of the following four soil storages: surface, upper principal,
*** lower or groundwater.  This table should be repeated for each
*** pesticide."
PERLND,PEST-STOR1,PEST-STOR1upper3,/PERLND/PEST/PEST-STOR1/UPPER3,,103,"*** <PLS >Initial pesticide in surface layer (kg/ha)
*** x -  x     Cryst       Ads      Soln","*** Initial pesticide storage.  The values given in this table apply to
*** one of the following four soil storages: surface, upper principal,
*** lower or groundwater.  This table should be repeated for each
*** pesticide."
PERLND,PEST-STOR2,PEST-STOR2,/PERLND/PEST/PEST,,106,"*** <PLS > Interflow (kg/ha)
*** x -  x   storage","*** Initial pesticide stored in upper layer transitory (interflow)
*** storage. This table should be repeated for each pesticide."
PERLND,PEST-SVALPM,PEST-SVALPMgroundwater1,/PERLND/PEST/PEST-SVALPM/GROUNDWATER1,,96,"*** <PLS >      XFIX        K1        N1
*** x -  x     (ppm)","*** Pesticide parameters for single value Freundlich method. This table is
*** only required if ADOPFG=2 for this pesticide.  The system expects it
*** to appear four times for this pesticide; first the surface layer,
*** second for the upper layer, etc. This table should be repeated for
*** each pesticide."
PERLND,PEST-SVALPM,PEST-SVALPMgroundwater2,/PERLND/PEST/PEST-SVALPM/GROUNDWATER2,,96,"*** <PLS >      XFIX        K1        N1
*** x -  x     (ppm)","*** Pesticide parameters for single value Freundlich method. This table is
*** only required if ADOPFG=2 for this pesticide.  The system expects it
*** to appear four times for this pesticide; first the surface layer,
*** second for the upper layer, etc. This table should be repeated for
*** each pesticide."
PERLND,PEST-SVALPM,PEST-SVALPMgroundwater3,/PERLND/PEST/PEST-SVALPM/GROUNDWATER3,,96,"*** <PLS >      XFIX        K1        N1
*** x -  x     (ppm)","*** Pesticide parameters for single value Freundlich method. This table is
*** only required if ADOPFG=2 for this pesticide.  The system expects it
*** to appear four times for this pesticide; first the surface layer,
*** second for the upper layer, etc. This table should be repeated for
*** each pesticide."
PERLND,PEST-SVALPM,PEST-SVALPMlower1,/PERLND/PEST/PEST-SVALPM/LOWER1,,95,"*** <PLS >      XFIX        K1        N1
*** x -  x     (ppm)","*** Pesticide parameters for single value Freundlich method. This table is
*** only required if ADOPFG=2 for this pesticide.  The system expects it
*** to appear four times for this pesticide; first the surface layer,
*** second for the upper layer, etc. This table should be repeated for
*** each pesticide."
PERLND,PEST-SVALPM,PEST-SVALPMlower2,/PERLND/PEST/PEST-SVALPM/LOWER2,,95,"*** <PLS >      XFIX        K1        N1
*** x -  x     (ppm)","*** Pesticide parameters for single value Freundlich method. This table is
*** only required if ADOPFG=2 for this pesticide.  The system expects it
*** to appear four times for this pesticide; first the surface layer,
*** second for the upper layer, etc. This table should be repeated for
*** each pesticide."
PERLND,PEST-SVALPM,PEST-SVALPMlower3,/PERLND/PEST/PEST-SVALPM/LOWER3,,95,"*** <PLS >      XFIX        K1        N1
*** x -  x     (ppm)","*** Pesticide parameters for single value Freundlich method. This table is
*** only required if ADOPFG=2 for this pesticide.  The system expects it
*** to appear four times for this pesticide; first the surface layer,
*** second for the upper layer, etc. This table should be repeated for
*** each pesticide."
PERLND,PEST-SVALPM,PEST-SVALPMsurface1,/PERLND/PEST/PEST-SVALPM/SURFACE1,,93,"*** <PLS >      XFIX        K1        N1
*** x -  x     (ppm)","*** Pesticide parameters for single value Freundlich method. This table is
*** only required if ADOPFG=2 for this pesticide.  The system expects it
*** to appear four times for this pesticide; first the surface layer,
*** second for the upper layer, etc. This table should be repeated for
*** each pesticide."
PERLND,PEST-SVALPM,PEST-SVALPMsurface2,/PERLND/PEST/PEST-SVALPM/SURFACE2,,93,"*** <PLS >      XFIX        K1        N1
*** x -  x     (ppm)","*** Pesticide parameters for single value Freundlich method. This table is
*** only required if ADOPFG=2 for this pesticide.  The system expects it
*** to appear four times for this pesticide; first the surface layer,
*** second for the upper layer, etc. This table should be repeated for
*** each pesticide."
PERLND,PEST-SVALPM,PEST-SVALPMsurface3,/PERLND/PEST/PEST-SVALPM/SURFACE3,,93,"*** <PLS >      XFIX        K1        N1
*** x -  x     (ppm)","*** Pesticide parameters for single value Freundlich method. This table is
*** only required if ADOPFG=2 for this pesticide.  The system expects it
*** to appear four times for this pesticide; first the surface layer,
*** second for the upper layer, etc. This table should be repeated for
*** each pesticide."
PERLND,PEST-SVALPM,PEST-SVALPMupper1,/PERLND/PEST/PEST-SVALPM/UPPER1,,94,"*** <PLS >      XFIX        K1        N1
*** x -  x     (ppm)","*** Pesticide parameters for single value Freundlich method. This table is
*** only required if ADOPFG=2 for this pesticide.  The system expects it
*** to appear four times for this pesticide; first the surface layer,
*** second for the upper layer, etc. This table should be repeated for
*** each pesticide."
PERLND,PEST-SVALPM,PEST-SVALPMupper2,/PERLND/PEST/PEST-SVALPM/UPPER2,,94,"*** <PLS >      XFIX        K1        N1
*** x -  x     (ppm)","*** Pesticide parameters for single value Freundlich method. This table is
*** only required if ADOPFG=2 for this pesticide.  The system expects it
*** to appear four times for this pesticide; first the surface layer,
*** second for the upper layer, etc. This table should be repeated for
*** each pesticide."
PERLND,PEST-SVALPM,PEST-SVALPMupper3,/PERLND/PEST/PEST-SVALPM/UPPER3,,94,"*** <PLS >      XFIX        K1        N1
*** x -  x     (ppm)","*** Pesticide parameters for single value Freundlich method. This table is
*** only required if ADOPFG=2 for this pesticide.  The system expects it
*** to appear four times for this pesticide; first the surface layer,
*** second for the upper layer, etc. This table should be repeated for
*** each pesticide."
PERLND,PEST-THETA,PEST-THETA,/PERLND/PEST/PEST,,87,"*** <PLS >   Temperature parms
*** x -  x    THDSPS    THADPS","*** Pesticide first-order reaction temperature correction parameters to
*** adjust the desorption and adsorption rate parameters. This table is
*** only required if ADOPFG=1 in Table-type PEST-FLAGS This table should
*** be repeated for each pesticide."
PERLND,PHOS-AD-FLAGS,PHOS-AD-FLAGS,/PERLND/PHOS/FLAGS,,181,"***        Atmospheric Deposition Flags
***        <----PO4---->  <---ORGP---->
*** <PLS > <surf> <uppr>  <surf> <uppr>
*** x -  x <F><C> <F><C>  <F><C> <F><C>",*** Phosphorus atmospheric deposition flags.
PERLND,PHOS-CMAX,PHOS-CMAX,/PERLND/PHOS/PARAMETERS,,187,"*** <PLS >      CMAX
*** x -  x     (ppm)","*** Maximum solubility of phosphate. This table only appears once and is
*** only required if FORPFG=1."
PERLND,PHOS-FLAGS,PHOS-FLAGS,/PERLND/PHOS/FLAGS,,180,"*** <PLS > Phosphorus flags.
*** x -  x VPUT FORP ITMX BNUM CNUM PUPT",*** Flags governing simulation of phosphorus.
PERLND,PHOS-FSTGEN,PHOS-FSTGEN,/PERLND/PHOS/PARAMETERS,,182,"*** <PLS > Temperature corection parameters (theta)
*** x -  x     THPLP    THKDSP    THKADP    THKIMP     THKMP",*** Temperature correction parameters for phosphorus reactions.
PERLND,PHOS-FSTPM,PHOS-FSTPMgroundwater,/PERLND/PHOS/PHOS-FSTPM/GROUNDWATER,,186,"*** <PLS > Phosphorus first-order parameters  (/day)
*** x -  x      KDSP      KADP      KIMP       KMP","*** Phosphorus first-order reaction parameters.  The entire table has to
*** be supplied four times; first for the surface layer, second for the
*** upper layer, third for the lower layer and fourth for the active
*** groundwater layer.  If one or more occurrences of the table are
*** missing, all reaction parameters for the affected layer(s) will be
*** defaulted to zero."
PERLND,PHOS-FSTPM,PHOS-FSTPMlower,/PERLND/PHOS/PHOS-FSTPM/LOWER,,185,"*** <PLS > Phosphorus first-order parameters  (/day)
*** x -  x      KDSP      KADP      KIMP       KMP","*** Phosphorus first-order reaction parameters.  The entire table has to
*** be supplied four times; first for the surface layer, second for the
*** upper layer, third for the lower layer and fourth for the active
*** groundwater layer.  If one or more occurrences of the table are
*** missing, all reaction parameters for the affected layer(s) will be
*** defaulted to zero."
PERLND,PHOS-FSTPM,PHOS-FSTPMsurface,/PERLND/PHOS/PHOS-FSTPM/SURFACE,,183,"*** <PLS > Phosphorus first-order parameters  (/day)
*** x -  x      KDSP      KADP      KIMP       KMP","*** Phosphorus first-order reaction parameters.  The entire table has to
*** be supplied four times; first for the surface layer, second for the
*** upper layer, third for the lower layer and fourth for the active
*** groundwater layer.  If one or more occurrences of the table are
*** missing, all reaction parameters for the affected layer(s) will be
*** defaulted to zero."
PERLND,PHOS-FSTPM,PHOS-FSTPMupper,/PERLND/PHOS/PHOS-FSTPM/UPPER,,184,"*** <PLS > Phosphorus first-order parameters  (/day)
*** x -  x      KDSP      KADP      KIMP       KMP","*** Phosphorus first-order reaction parameters.  The entire table has to
*** be supplied four times; first for the surface layer, second for the
*** upper layer, third for the lower layer and fourth for the active
*** groundwater layer.  If one or more occurrences of the table are
*** missing, all reaction parameters for the affected layer(s) will be
*** defaulted to zero."
PERLND,PHOS-STOR1,PHOS-STOR1groundwater,/PERLND/PHOS/PHOS-STOR1/GROUNDWATER,,207,"*** <PLS >  Initial phosphorus in soil layer (kg/ha)
*** x -  x      ORGP      P4AD      P4SU      PLTP","*** Initial phosphorus storage in a specified layer. The values given in
*** this table apply to one of the following soil storages: surface, upper
*** principal, lower or groundwater."
PERLND,PHOS-STOR1,PHOS-STOR1lower,/PERLND/PHOS/PHOS-STOR1/LOWER,,206,"*** <PLS >  Initial phosphorus in soil layer (kg/ha)
*** x -  x      ORGP      P4AD      P4SU      PLTP","*** Initial phosphorus storage in a specified layer. The values given in
*** this table apply to one of the following soil storages: surface, upper
*** principal, lower or groundwater."
PERLND,PHOS-STOR1,PHOS-STOR1surface,/PERLND/PHOS/PHOS-STOR1/SURFACE,,203,"*** <PLS >  Initial phosphorus in soil layer (kg/ha)
*** x -  x      ORGP      P4AD      P4SU      PLTP","*** Initial phosphorus storage in a specified layer. The values given in
*** this table apply to one of the following soil storages: surface, upper
*** principal, lower or groundwater."
PERLND,PHOS-STOR1,PHOS-STOR1upper,/PERLND/PHOS/PHOS-STOR1/UPPER,,204,"*** <PLS >  Initial phosphorus in soil layer (kg/ha)
*** x -  x      ORGP      P4AD      P4SU      PLTP","*** Initial phosphorus storage in a specified layer. The values given in
*** this table apply to one of the following soil storages: surface, upper
*** principal, lower or groundwater."
PERLND,PHOS-STOR2,PHOS-STOR2,/PERLND/PHOS/PARAMETERS,,205,"*** <PLS >  Phosphate in interflow (kg/ha)
*** x -  x     IP4SU","*** This table specifies the initial storage of phosphate in upper layer
*** transitory (interflow) storage."
PERLND,PHOS-SVALPM,PHOS-SVALPMgroundwater,/PERLND/PHOS/PHOS-SVALPM/GROUNDWATER,,191,"***        Parameters for Freundlich method
*** <PLS >      XFIX        K1        N1
*** x -  x     (ppm) (complex)","*** Phosphorus single value Freundlich adsorption/desorption parameter
*** This table is only used if FORPFG=1 in Table-type PHOS-FLAGS.  The
*** system expects this table to appear four times; first for the surface
*** layer, second for the upper layer, third for the lower layer and
*** fourth for the active groundwater layer."
PERLND,PHOS-SVALPM,PHOS-SVALPMlower,/PERLND/PHOS/PHOS-SVALPM/LOWER,,190,"***        Parameters for Freundlich method
*** <PLS >      XFIX        K1        N1
*** x -  x     (ppm) (complex)","*** Phosphorus single value Freundlich adsorption/desorption parameter
*** This table is only used if FORPFG=1 in Table-type PHOS-FLAGS.  The
*** system expects this table to appear four times; first for the surface
*** layer, second for the upper layer, third for the lower layer and
*** fourth for the active groundwater layer."
PERLND,PHOS-SVALPM,PHOS-SVALPMsurface,/PERLND/PHOS/PHOS-SVALPM/SURFACE,,188,"***        Parameters for Freundlich method
*** <PLS >      XFIX        K1        N1
*** x -  x     (ppm) (complex)","*** Phosphorus single value Freundlich adsorption/desorption parameter
*** This table is only used if FORPFG=1 in Table-type PHOS-FLAGS.  The
*** system expects this table to appear four times; first for the surface
*** layer, second for the upper layer, third for the lower layer and
*** fourth for the active groundwater layer."
PERLND,PHOS-SVALPM,PHOS-SVALPMupper,/PERLND/PHOS/PHOS-SVALPM/UPPER,,189,"***        Parameters for Freundlich method
*** <PLS >      XFIX        K1        N1
*** x -  x     (ppm) (complex)","*** Phosphorus single value Freundlich adsorption/desorption parameter
*** This table is only used if FORPFG=1 in Table-type PHOS-FLAGS.  The
*** system expects this table to appear four times; first for the surface
*** layer, second for the upper layer, third for the lower layer and
*** fourth for the active groundwater layer."
PERLND,PHOS-UPTAKE,PHOS-UPTAKE,/PERLND/PHOS/PARAMETERS,,192,"*** <PLS > Phosphorus plant uptake parms (/day)
*** x -  x     SKPLP     UKPLP     LKPLP     AKPLP","*** Phosphorus first-order plant uptake parameters.  This table is only
*** required if VPUTFG=0 and PUPTFG=0."
PERLND,PHOS-YIELD,PHOS-YIELD,/PERLND/PHOS/PARAMETERS,,197,"*** <PLS >    PUPTGT    PMXRAT
*** x -  x   (kg/ha)       (-)","*** This table is required when yield-based plant uptake is being
*** simulated (PUPTFG=1 in Table-type PHOS-FLAGS)."
PERLND,PQL-AD-FLAGS,PQL-AD-FLAGS,/PERLND/PQUAL/FLAGS,,68,"***                        Atmospheric Deposition Flags
***  <PLS>  QUAL1  QUAL2  QUAL3  QUAL4  QUAL5  QUAL6  QUAL7  QUAL8  QUAL9 QUAL10
*** x -  x <F><C> <F><C> <F><C> <F><C> <F><C> <F><C> <F><C> <F><C> <F><C> <F><C>",*** Quality constituent atmospheric deposition flags.
PERLND,PRINT-INFO,PRINT-INFO,/PERLND/GENERAL/PRINT,,5,"*** <PLS >                       Print-flags                           PIVL  PYR
*** x -  x ATMP SNOW PWAT  SED  PST  PWG PQAL MSTL PEST NITR PHOS TRAC","*** HSPF permits the user to vary the printout level (maximum
*** frequency) for the various active sections of an operation: 2 means
*** every PIVL intervals, 3 means every day, 4 means every month, 5
*** means every year, 6 means never."
PERLND,PSTEMP-PARM1,PSTEMP-PARM1,/PERLND/PSTEMP/PARAMETERS,,49,"*** <PLS >  Flags for section PSTEMP
*** x -  x SLTV ULTV LGTV TSOP",*** Temperature simulation flags for section PSTEMP.
PERLND,PSTEMP-PARM2,PSTEMP-PARM2,/PERLND/PSTEMP/PARAMETERS,,50,"*** <PLS >      ASLT      BSLT     ULTP1     ULTP2     LGTP1     LGTP2
*** x -  x   (deg C)   (deg C)             (deg C)             (deg C)",*** Second group of PSTEMP (temperature estimating) parameters.
PERLND,PSTEMP-TEMPS,PSTEMP-TEMPS,/PERLND/PSTEMP/PARAMETERS,,57,"*** <PLS >  Initial temperatures (deg C)
*** x -  x     AIRTC     SLTMP     ULTMP     LGTMP",*** PSTEMP initial temperature parameters.
PERLND,PWAT-CANOPY,PWAT-CANOPY,/PERLND/PWATER/CANOPY,,212,"*** <PLS >    CANOPY         CANOPY     CEPSC      CEPS
*** x -  x         #           NAME      (mm)      (mm)   ","*** Name, interception storage capacity and initial interception storage
*** for this canopy layer."
PERLND,PWAT-PARM1,PWAT-PARM1,/PERLND/PWATER/PARAMETERS,,16,"    <PLS >***                Flags
*** x -  x CSNO RTOP UZFG  VCS  VUZ  VNN VIFW VIRC  VLE IFFC  HWT IRRG IFRD NCAN",*** First group of PWATER Parameters (flags).
PERLND,PWAT-PARM2,PWAT-PARM2,/PERLND/PWATER/PARAMETERS,,17,"*** <PLS>    FOREST      LZSN    INFILT      LSUR     SLSUR     KVARY     AGWRC
*** x -  x               (mms)  (mms/hr)       (m)             (1/mms)   (1/day)",*** Second group of PWATER Parameters.
PERLND,PWAT-PARM3,PWAT-PARM3,/PERLND/PWATER/PARAMETERS,,18,"*** <PLS>    PETMAX    PETMIN    INFEXP    INFILD    DEEPFR    BASETP    AGWETP
*** x -  x   (deg C)   (deg C)",*** Third group of PWATER Parameters.
PERLND,PWAT-PARM4,PWAT-PARM4,/PERLND/PWATER/PARAMETERS,,19,"*** <PLS >     CEPSC      UZSN      NSUR     INTFW       IRC     LZETP
*** x -  x     (mms)     (mms)                       (1/day)",*** Fourth group of PWATER Parameters.
PERLND,PWAT-PARM5,PWAT-PARM5,/PERLND/PWATER/PARAMETERS,,20,"*** <PLS >       FZG      FZGL
*** x -  x",*** Fifth group of PWATER Parameters.
PERLND,PWAT-PARM6,PWAT-PARM6,/PERLND/PWATER/PARAMETERS,,21,"*** <PLS >     MELEV      BELV    GWDATM       PCW       PGW      UPGW
*** x -  x       (m)       (m)       (m)",*** Sixth group of PWATER Parameters.
PERLND,PWAT-PARM7,PWAT-PARM7,/PERLND/PWATER/PARAMETERS,,22,"*** <PLS>    STABNO      SRRC     SREXP     IFWSC     DELTA    UELFAC    LELFAC
*** x -  x               (/hr)                (mm)      (mm)",*** Seventh group of PWATER Parameters.
PERLND,PWAT-STATE1,PWAT-STATE1,/PERLND/PWATER/STATES,,29,"*** <PLS>  PWATER state variables (mms)
*** x -  x      CEPS      SURS       UZS      IFWS       LZS      AGWS      GWVS",*** This table is used to specify the initial water storages.
PERLND,PWT-GASES,PWT-GASES,/PERLND/PWTGAS/PARAMETERS,,66,"***                   Initial DO and CO2 concentrations
*** <PLS >     SODOX     SOCO2     IODOX     IOCO2     AODOX     AOCO2
*** x -  x    (mg/l)  (mg C/l)    (mg/l)   (mg C/l)   (mg/l)  (mg C/l)",*** Initial DO and CO2 concentration values for section PWTGAS.
PERLND,PWT-PARM1,PWT-PARM1,/PERLND/PWTGAS/PARAMETERS,,58,"*** <PLS >  Flags for section PWTGAS
*** x -  x  IDV  ICV  GDV  GVC","*** Flags for section PWTGAS.  These flags each indicate whether or not a
*** parameter is allowed to vary throughout the year and, thus whether or
*** not the corresponding table of monthly values will be provided."
PERLND,PWT-PARM2,PWT-PARM2,/PERLND/PWTGAS/PARAMETERS,,59,"***         Second group of PWTGAS parms
*** <PLS >      ELEV     IDOXP     ICO2P     ADOXP     ACO2P
*** x -  x      (m)     (mg/l)  (mg C/l)    (mg/l)  (mg C/l)","*** Second group of PWTGAS parameters to estimate water temperature
*** concentrations of dissolved gases."
PERLND,PWT-TEMPS,PWT-TEMPS,/PERLND/PWTGAS/PARAMETERS,,65,"*** <PLS >    Initial water temperatures (deg C)
*** x -  x     SOTMP     IOTMP     AOTMP",*** Initial water temperature values for section PWTGAS.
PERLND,QUAL-INPUT,QUAL-INPUT1,/PERLND/PQUAL/PQUAL1/PARAMETERS,,70,"***         Storage on surface and nonseasonal parameters
***            SQO   POTFW   POTFS   ACQOP  SQOLIM   WSQOP    IOQC    AOQC
*** <PLS >    qty/    qty/    qty/    qty/  qty/ha   mm/hr   qty/l   qty/l
*** x -  x      ha   tonne   tonne  ha.day","*** Storage on surface and nonseasonal parameter values for section This
*** table should be repeated for each quality constituent."
PERLND,QUAL-INPUT,QUAL-INPUT10,/PERLND/PQUAL/PQUAL10/PARAMETERS,,70,"***         Storage on surface and nonseasonal parameters
***            SQO   POTFW   POTFS   ACQOP  SQOLIM   WSQOP    IOQC    AOQC
*** <PLS >    qty/    qty/    qty/    qty/  qty/ha   mm/hr   qty/l   qty/l
*** x -  x      ha   tonne   tonne  ha.day","*** Storage on surface and nonseasonal parameter values for section This
*** table should be repeated for each quality constituent."
PERLND,QUAL-INPUT,QUAL-INPUT2,/PERLND/PQUAL/PQUAL2/PARAMETERS,,70,"***         Storage on surface and nonseasonal parameters
***            SQO   POTFW   POTFS   ACQOP  SQOLIM   WSQOP    IOQC    AOQC
*** <PLS >    qty/    qty/    qty/    qty/  qty/ha   mm/hr   qty/l   qty/l
*** x -  x      ha   tonne   tonne  ha.day","*** Storage on surface and nonseasonal parameter values for section This
*** table should be repeated for each quality constituent."
PERLND,QUAL-INPUT,QUAL-INPUT3,/PERLND/PQUAL/PQUAL3/PARAMETERS,,70,"***         Storage on surface and nonseasonal parameters
***            SQO   POTFW   POTFS   ACQOP  SQOLIM   WSQOP    IOQC    AOQC
*** <PLS >    qty/    qty/    qty/    qty/  qty/ha   mm/hr   qty/l   qty/l
*** x -  x      ha   tonne   tonne  ha.day","*** Storage on surface and nonseasonal parameter values for section This
*** table should be repeated for each quality constituent."
PERLND,QUAL-INPUT,QUAL-INPUT4,/PERLND/PQUAL/PQUAL4/PARAMETERS,,70,"***         Storage on surface and nonseasonal parameters
***            SQO   POTFW   POTFS   ACQOP  SQOLIM   WSQOP    IOQC    AOQC
*** <PLS >    qty/    qty/    qty/    qty/  qty/ha   mm/hr   qty/l   qty/l
*** x -  x      ha   tonne   tonne  ha.day","*** Storage on surface and nonseasonal parameter values for section This
*** table should be repeated for each quality constituent."
PERLND,QUAL-INPUT,QUAL-INPUT5,/PERLND/PQUAL/PQUAL5/PARAMETERS,,70,"***         Storage on surface and nonseasonal parameters
***            SQO   POTFW   POTFS   ACQOP  SQOLIM   WSQOP    IOQC    AOQC
*** <PLS >    qty/    qty/    qty/    qty/  qty/ha   mm/hr   qty/l   qty/l
*** x -  x      ha   tonne   tonne  ha.day","*** Storage on surface and nonseasonal parameter values for section This
*** table should be repeated for each quality constituent."
PERLND,QUAL-INPUT,QUAL-INPUT6,/PERLND/PQUAL/PQUAL6/PARAMETERS,,70,"***         Storage on surface and nonseasonal parameters
***            SQO   POTFW   POTFS   ACQOP  SQOLIM   WSQOP    IOQC    AOQC
*** <PLS >    qty/    qty/    qty/    qty/  qty/ha   mm/hr   qty/l   qty/l
*** x -  x      ha   tonne   tonne  ha.day","*** Storage on surface and nonseasonal parameter values for section This
*** table should be repeated for each quality constituent."
PERLND,QUAL-INPUT,QUAL-INPUT7,/PERLND/PQUAL/PQUAL7/PARAMETERS,,70,"***         Storage on surface and nonseasonal parameters
***            SQO   POTFW   POTFS   ACQOP  SQOLIM   WSQOP    IOQC    AOQC
*** <PLS >    qty/    qty/    qty/    qty/  qty/ha   mm/hr   qty/l   qty/l
*** x -  x      ha   tonne   tonne  ha.day","*** Storage on surface and nonseasonal parameter values for section This
*** table should be repeated for each quality constituent."
PERLND,QUAL-INPUT,QUAL-INPUT8,/PERLND/PQUAL/PQUAL8/PARAMETERS,,70,"***         Storage on surface and nonseasonal parameters
***            SQO   POTFW   POTFS   ACQOP  SQOLIM   WSQOP    IOQC    AOQC
*** <PLS >    qty/    qty/    qty/    qty/  qty/ha   mm/hr   qty/l   qty/l
*** x -  x      ha   tonne   tonne  ha.day","*** Storage on surface and nonseasonal parameter values for section This
*** table should be repeated for each quality constituent."
PERLND,QUAL-INPUT,QUAL-INPUT9,/PERLND/PQUAL/PQUAL9/PARAMETERS,,70,"***         Storage on surface and nonseasonal parameters
***            SQO   POTFW   POTFS   ACQOP  SQOLIM   WSQOP    IOQC    AOQC
*** <PLS >    qty/    qty/    qty/    qty/  qty/ha   mm/hr   qty/l   qty/l
*** x -  x      ha   tonne   tonne  ha.day","*** Storage on surface and nonseasonal parameter values for section This
*** table should be repeated for each quality constituent."
PERLND,QUAL-PROPS,QUAL-PROPS1,/PERLND/PQUAL/PQUAL1/FLAGS,,69,"*** <PLS >  Identifiers and Flags
*** x -  x    QUALID      QTID  QSD VPFW VPFS  QSO  VQO QIFW VIQC QAGW VAQC","*** Identifiers and flags for a quality constituent. This table should be
*** repeated for each quality constituent."
PERLND,QUAL-PROPS,QUAL-PROPS10,/PERLND/PQUAL/PQUAL10/FLAGS,,69,"*** <PLS >  Identifiers and Flags
*** x -  x    QUALID      QTID  QSD VPFW VPFS  QSO  VQO QIFW VIQC QAGW VAQC","*** Identifiers and flags for a quality constituent. This table should be
*** repeated for each quality constituent."
PERLND,QUAL-PROPS,QUAL-PROPS2,/PERLND/PQUAL/PQUAL2/FLAGS,,69,"*** <PLS >  Identifiers and Flags
*** x -  x    QUALID      QTID  QSD VPFW VPFS  QSO  VQO QIFW VIQC QAGW VAQC","*** Identifiers and flags for a quality constituent. This table should be
*** repeated for each quality constituent."
PERLND,QUAL-PROPS,QUAL-PROPS3,/PERLND/PQUAL/PQUAL3/FLAGS,,69,"*** <PLS >  Identifiers and Flags
*** x -  x    QUALID      QTID  QSD VPFW VPFS  QSO  VQO QIFW VIQC QAGW VAQC","*** Identifiers and flags for a quality constituent. This table should be
*** repeated for each quality constituent."
PERLND,QUAL-PROPS,QUAL-PROPS4,/PERLND/PQUAL/PQUAL4/FLAGS,,69,"*** <PLS >  Identifiers and Flags
*** x -  x    QUALID      QTID  QSD VPFW VPFS  QSO  VQO QIFW VIQC QAGW VAQC","*** Identifiers and flags for a quality constituent. This table should be
*** repeated for each quality constituent."
PERLND,QUAL-PROPS,QUAL-PROPS5,/PERLND/PQUAL/PQUAL5/FLAGS,,69,"*** <PLS >  Identifiers and Flags
*** x -  x    QUALID      QTID  QSD VPFW VPFS  QSO  VQO QIFW VIQC QAGW VAQC","*** Identifiers and flags for a quality constituent. This table should be
*** repeated for each quality constituent."
PERLND,QUAL-PROPS,QUAL-PROPS6,/PERLND/PQUAL/PQUAL6/FLAGS,,69,"*** <PLS >  Identifiers and Flags
*** x -  x    QUALID      QTID  QSD VPFW VPFS  QSO  VQO QIFW VIQC QAGW VAQC","*** Identifiers and flags for a quality constituent. This table should be
*** repeated for each quality constituent."
PERLND,QUAL-PROPS,QUAL-PROPS7,/PERLND/PQUAL/PQUAL7/FLAGS,,69,"*** <PLS >  Identifiers and Flags
*** x -  x    QUALID      QTID  QSD VPFW VPFS  QSO  VQO QIFW VIQC QAGW VAQC","*** Identifiers and flags for a quality constituent. This table should be
*** repeated for each quality constituent."
PERLND,QUAL-PROPS,QUAL-PROPS8,/PERLND/PQUAL/PQUAL8/FLAGS,,69,"*** <PLS >  Identifiers and Flags
*** x -  x    QUALID      QTID  QSD VPFW VPFS  QSO  VQO QIFW VIQC QAGW VAQC","*** Identifiers and flags for a quality constituent. This table should be
*** repeated for each quality constituent."
PERLND,QUAL-PROPS,QUAL-PROPS9,/PERLND/PQUAL/PQUAL9/FLAGS,,69,"*** <PLS >  Identifiers and Flags
*** x -  x    QUALID      QTID  QSD VPFW VPFS  QSO  VQO QIFW VIQC QAGW VAQC","*** Identifiers and flags for a quality constituent. This table should be
*** repeated for each quality constituent."
PERLND,SED-PARM1,SED-PARM1,/PERLND/SEDMNT/PARAMETERS,,43,"*** <PLS >  Sediment parameters 1
*** x -  x  CRV VSIV SDOP",*** First group of sediment simulation parameters.
PERLND,SED-PARM2,SED-PARM2,/PERLND/SEDMNT/PARAMETERS,,44,"*** <PLS >      SMPF      KRER      JRER     AFFIX     COVER      NVSI
*** x -  x                                  (/day)           kg/ha-day","*** Second group of sediment simulation parameters. If monthly values for
*** COVER and NVSI are being supplied, values supplied for these variables
*** in this table are not relevant."
PERLND,SED-PARM3,SED-PARM3,/PERLND/SEDMNT/PARAMETERS,,45,"*** <PLS >  Sediment parameter 3
*** x -  x      KSER      JSER      KGER      JGER",*** Third group of sediment simulation parameters.
PERLND,SED-STOR,SED-STOR,/PERLND/SEDMNT/PARAMETERS,,48,"*** <PLS >  Detached sediment storage (tonne/ha)
*** x -  x      DETS",*** DETS is the initial storage of detached sediment.
PERLND,SNOW-FLAGS,SNOW-FLAGS,/PERLND/SNOW/FLAGS,,10,"*** <PLS >
*** x -  x SNOP  VKM ",*** Snow flags.
PERLND,SNOW-INIT1,SNOW-INIT1,/PERLND/SNOW/STATES,,14,"*** <PLS > Pack-snow  Pack-ice Pack-watr    RDENPF      DULL    PAKTMP
*** x -  x      (mm)      (mm)      (mm)                       (deg C)",*** First group of initial values for SNOW simulation.
PERLND,SNOW-INIT2,SNOW-INIT2,/PERLND/SNOW/STATES,,15,"*** <PLS >    COVINX    XLNMLT    SKYCLR
*** x -  x      (mm)      (mm)",*** Second group of initial values for SNOW simulation.
PERLND,SNOW-PARM1,SNOW-PARM1,/PERLND/SNOW/PARAMETERS,,11,"***  <PLS>       LAT     MELEV     SHADE    SNOWCF    COVIND     KMELT     TBASE
*** x -  x   degrees       (m)                          (mm)  (mm/d.C)       (C)",*** First group of SNOW parameters.
PERLND,SNOW-PARM2,SNOW-PARM2,/PERLND/SNOW/PARAMETERS,,12,"*** <PLS >     RDCSN     TSNOW    SNOEVP    CCFACT    MWATER    MGMELT
*** x -  x             (deg C)                                (mm/day)",*** Second group of SNOW parameters.
PERLND,SOIL-DATA,SOIL-DATA,/PERLND/PWATER/PEST,,35,"*** <PLS >|           Depths (cm)         |      Bulk density (g/cc)      |
*** x -  x|Surface   Upper   Lower Groundw|Surface   Upper   Lower Groundw|",*** Soil layer depths and bulk densities (SOIL-DATA).
PERLND,SOIL-DATA2,SOIL-DATA2,/PERLND/PWATER/PARAMETERS,,36,"***       Wilting point for each soil layer
*** <PLS >    SWILTP    UWILTP    LWILTP    AWILTP
*** x -  x   (cm/cm)   (cm/cm)   (cm/cm)   (cm/cm)","*** The wilting point is the minimum moisture fraction (by volume) for
*** plant uptake to occur from a soil layer when using yield-based uptake
*** (NUPTFG=1 in Table-type NIT-FLAGS and/or PUPTFG=1 in Table-type PHOS-
*** PLAGS). It is also used to determine available water capacity if
*** IRRGFG=2 in Table-type PWAT-PARM1."
PERLND,SOIL-DATA3,SOIL-DATA3,/PERLND/PWATER/PARAMETERS,,37,"***       Field capacity for each soil layer
*** <PLS >    SFDCAP    UFDCAP    LFDCAP    AFDCAP
*** x -  x   (cm/cm)   (cm/cm)   (cm/cm)   (cm/cm)","*** The field capacity is the maximum moisture fraction (by volume) that
*** can be stored in a soil layer without gravity drainage. It is used to
*** determine available water capacity if IRRGFG=2 in Table-type PWAT-
*** PARM1."
PERLND,TRAC-AD-FLAGS,TRAC-AD-FLAGS,/PERLND/TRACER/FLAGS,,209,"Atmospheric Deposition Flags ***
*** <PLS > <surf> <uppr>
*** x -  x <F><C> <F><C>",*** Tracer atmospheric deposition flags.
PERLND,TRAC-ID,TRAC-ID,/PERLND/TRACER/PARAMETERS,,208,"*** <PLS >      Name of tracer
*** x -  x              TRACID",*** Name of conservative (tracer) substance.
PERLND,TRAC-SUBSTOR,TRAC-SUBSTOR,/PERLND/TRACER/PARAMETERS,,211,"*** <PLS >Initial storage of tracer material in subsoil layers (kg/ha)
*** x -  x     LTRSU     ATRSU","*** This table specifies the initial storage of tracer (conservative the
*** lower and groundwater layers."
PERLND,TRAC-TOPSTOR,TRAC-TOPSTOR,/PERLND/TRACER/PARAMETERS,,210,"*** <PLS >Initial storage of tracer material in topsoil  (kg/ha)
*** x -  x     STRSU     UTRSU     ITRSU","*** This table specifies the initial storage of tracer (conservative in
*** the surface, upper principal and upper transitory storages."
PERLND,UZSN-LZSN,UZSN-LZSN,/PERLND/MSTLAY/PARAMETERS,,78,"*** <PLS >    UZSN    LZSN    SURS
*** x -  x    (mm)    (mm)    (mm)","*** Values of UZSN, LZSN and initial surface storage (section MSTLAY).
*** This table is only required if section PWATER is inactive."
PERLND,VUZFG,VUZFG,/PERLND/MSTLAY/FLAGS,,77,"*** <PLS >VUZFG
*** x -  x","*** Variable upper zone flag (section MSTLAY). This table is only required
*** if section PWATER is inactive."
PLTGEN,CURV-DATA,CURV-DATA1,/PLTGEN/CURV-DATA1,,375,"  Plot-opn*** Curve label      Line Intg  Col Tran
*** x -  x                     type  eqv code code",*** Data for each curve on the plot.   Repeats for each curve on the plot.
PLTGEN,CURV-DATA,CURV-DATA10,/PLTGEN/CURV-DATA/10,,375,"  Plot-opn*** Curve label      Line Intg  Col Tran
*** x -  x                     type  eqv code code",*** Data for each curve on the plot.   Repeats for each curve on the plot.
PLTGEN,CURV-DATA,CURV-DATA100,/PLTGEN/CURV-DATA/100,,375,"  Plot-opn*** Curve label      Line Intg  Col Tran
*** x -  x                     type  eqv code code",*** Data for each curve on the plot.   Repeats for each curve on the plot.
PLTGEN,CURV-DATA,CURV-DATA101,/PLTGEN/CURV-DATA/101,,375,"  Plot-opn*** Curve label      Line Intg  Col Tran
*** x -  x                     type  eqv code code",*** Data for each curve on the plot.   Repeats for each curve on the plot.
PLTGEN,CURV-DATA,CURV-DATA102,/PLTGEN/CURV-DATA/102,,375,"  Plot-opn*** Curve label      Line Intg  Col Tran
*** x -  x                     type  eqv code code",*** Data for each curve on the plot.   Repeats for each curve on the plot.
PLTGEN,CURV-DATA,CURV-DATA103,/PLTGEN/CURV-DATA/103,,375,"  Plot-opn*** Curve label      Line Intg  Col Tran
*** x -  x                     type  eqv code code",*** Data for each curve on the plot.   Repeats for each curve on the plot.
PLTGEN,CURV-DATA,CURV-DATA104,/PLTGEN/CURV-DATA/104,,375,"  Plot-opn*** Curve label      Line Intg  Col Tran
*** x -  x                     type  eqv code code",*** Data for each curve on the plot.   Repeats for each curve on the plot.
PLTGEN,CURV-DATA,CURV-DATA105,/PLTGEN/CURV-DATA/105,,375,"  Plot-opn*** Curve label      Line Intg  Col Tran
*** x -  x                     type  eqv code code",*** Data for each curve on the plot.   Repeats for each curve on the plot.
PLTGEN,CURV-DATA,CURV-DATA106,/PLTGEN/CURV-DATA/106,,375,"  Plot-opn*** Curve label      Line Intg  Col Tran
*** x -  x                     type  eqv code code",*** Data for each curve on the plot.   Repeats for each curve on the plot.
PLTGEN,CURV-DATA,CURV-DATA107,/PLTGEN/CURV-DATA/107,,375,"  Plot-opn*** Curve label      Line Intg  Col Tran
*** x -  x                     type  eqv code code",*** Data for each curve on the plot.   Repeats for each curve on the plot.
PLTGEN,CURV-DATA,CURV-DATA108,/PLTGEN/CURV-DATA/108,,375,"  Plot-opn*** Curve label      Line Intg  Col Tran
*** x -  x                     type  eqv code code",*** Data for each curve on the plot.   Repeats for each curve on the plot.
PLTGEN,CURV-DATA,CURV-DATA109,/PLTGEN/CURV-DATA/109,,375,"  Plot-opn*** Curve label      Line Intg  Col Tran
*** x -  x                     type  eqv code code",*** Data for each curve on the plot.   Repeats for each curve on the plot.
PLTGEN,CURV-DATA,CURV-DATA11,/PLTGEN/CURV-DATA11,,375,"  Plot-opn*** Curve label      Line Intg  Col Tran
*** x -  x                     type  eqv code code",*** Data for each curve on the plot.   Repeats for each curve on the plot.
PLTGEN,CURV-DATA,CURV-DATA110,/PLTGEN/CURV-DATA/110,,375,"  Plot-opn*** Curve label      Line Intg  Col Tran
*** x -  x                     type  eqv code code",*** Data for each curve on the plot.   Repeats for each curve on the plot.
PLTGEN,CURV-DATA,CURV-DATA111,/PLTGEN/CURV-DATA111,,375,"  Plot-opn*** Curve label      Line Intg  Col Tran
*** x -  x                     type  eqv code code",*** Data for each curve on the plot.   Repeats for each curve on the plot.
PLTGEN,CURV-DATA,CURV-DATA112,/PLTGEN/CURV-DATA112,,375,"  Plot-opn*** Curve label      Line Intg  Col Tran
*** x -  x                     type  eqv code code",*** Data for each curve on the plot.   Repeats for each curve on the plot.
PLTGEN,CURV-DATA,CURV-DATA113,/PLTGEN/CURV-DATA113,,375,"  Plot-opn*** Curve label      Line Intg  Col Tran
*** x -  x                     type  eqv code code",*** Data for each curve on the plot.   Repeats for each curve on the plot.
PLTGEN,CURV-DATA,CURV-DATA114,/PLTGEN/CURV-DATA114,,375,"  Plot-opn*** Curve label      Line Intg  Col Tran
*** x -  x                     type  eqv code code",*** Data for each curve on the plot.   Repeats for each curve on the plot.
PLTGEN,CURV-DATA,CURV-DATA115,/PLTGEN/CURV-DATA115,,375,"  Plot-opn*** Curve label      Line Intg  Col Tran
*** x -  x                     type  eqv code code",*** Data for each curve on the plot.   Repeats for each curve on the plot.
PLTGEN,CURV-DATA,CURV-DATA116,/PLTGEN/CURV-DATA116,,375,"  Plot-opn*** Curve label      Line Intg  Col Tran
*** x -  x                     type  eqv code code",*** Data for each curve on the plot.   Repeats for each curve on the plot.
PLTGEN,CURV-DATA,CURV-DATA117,/PLTGEN/CURV-DATA117,,375,"  Plot-opn*** Curve label      Line Intg  Col Tran
*** x -  x                     type  eqv code code",*** Data for each curve on the plot.   Repeats for each curve on the plot.
PLTGEN,CURV-DATA,CURV-DATA118,/PLTGEN/CURV-DATA118,,375,"  Plot-opn*** Curve label      Line Intg  Col Tran
*** x -  x                     type  eqv code code",*** Data for each curve on the plot.   Repeats for each curve on the plot.
PLTGEN,CURV-DATA,CURV-DATA119,/PLTGEN/CURV-DATA119,,375,"  Plot-opn*** Curve label      Line Intg  Col Tran
*** x -  x                     type  eqv code code",*** Data for each curve on the plot.   Repeats for each curve on the plot.
PLTGEN,CURV-DATA,CURV-DATA12,/PLTGEN/CURV-DATA12,,375,"  Plot-opn*** Curve label      Line Intg  Col Tran
*** x -  x                     type  eqv code code",*** Data for each curve on the plot.   Repeats for each curve on the plot.
PLTGEN,CURV-DATA,CURV-DATA13,/PLTGEN/CURV-DATA13,,375,"  Plot-opn*** Curve label      Line Intg  Col Tran
*** x -  x                     type  eqv code code",*** Data for each curve on the plot.   Repeats for each curve on the plot.
PLTGEN,CURV-DATA,CURV-DATA14,/PLTGEN/CURV-DATA14,,375,"  Plot-opn*** Curve label      Line Intg  Col Tran
*** x -  x                     type  eqv code code",*** Data for each curve on the plot.   Repeats for each curve on the plot.
PLTGEN,CURV-DATA,CURV-DATA15,/PLTGEN/CURV-DATA15,,375,"  Plot-opn*** Curve label      Line Intg  Col Tran
*** x -  x                     type  eqv code code",*** Data for each curve on the plot.   Repeats for each curve on the plot.
PLTGEN,CURV-DATA,CURV-DATA16,/PLTGEN/CURV-DATA16,,375,"  Plot-opn*** Curve label      Line Intg  Col Tran
*** x -  x                     type  eqv code code",*** Data for each curve on the plot.   Repeats for each curve on the plot.
PLTGEN,CURV-DATA,CURV-DATA17,/PLTGEN/CURV-DATA17,,375,"  Plot-opn*** Curve label      Line Intg  Col Tran
*** x -  x                     type  eqv code code",*** Data for each curve on the plot.   Repeats for each curve on the plot.
PLTGEN,CURV-DATA,CURV-DATA18,/PLTGEN/CURV-DATA18,,375,"  Plot-opn*** Curve label      Line Intg  Col Tran
*** x -  x                     type  eqv code code",*** Data for each curve on the plot.   Repeats for each curve on the plot.
PLTGEN,CURV-DATA,CURV-DATA19,/PLTGEN/CURV-DATA19,,375,"  Plot-opn*** Curve label      Line Intg  Col Tran
*** x -  x                     type  eqv code code",*** Data for each curve on the plot.   Repeats for each curve on the plot.
PLTGEN,CURV-DATA,CURV-DATA2,/PLTGEN/CURV-DATA2,,375,"  Plot-opn*** Curve label      Line Intg  Col Tran
*** x -  x                     type  eqv code code",*** Data for each curve on the plot.   Repeats for each curve on the plot.
PLTGEN,CURV-DATA,CURV-DATA20,/PLTGEN/CURV-DATA/20,,375,"  Plot-opn*** Curve label      Line Intg  Col Tran
*** x -  x                     type  eqv code code",*** Data for each curve on the plot.   Repeats for each curve on the plot.
PLTGEN,CURV-DATA,CURV-DATA21,/PLTGEN/CURV-DATA21,,375,"  Plot-opn*** Curve label      Line Intg  Col Tran
*** x -  x                     type  eqv code code",*** Data for each curve on the plot.   Repeats for each curve on the plot.
PLTGEN,CURV-DATA,CURV-DATA22,/PLTGEN/CURV-DATA22,,375,"  Plot-opn*** Curve label      Line Intg  Col Tran
*** x -  x                     type  eqv code code",*** Data for each curve on the plot.   Repeats for each curve on the plot.
PLTGEN,CURV-DATA,CURV-DATA23,/PLTGEN/CURV-DATA23,,375,"  Plot-opn*** Curve label      Line Intg  Col Tran
*** x -  x                     type  eqv code code",*** Data for each curve on the plot.   Repeats for each curve on the plot.
PLTGEN,CURV-DATA,CURV-DATA24,/PLTGEN/CURV-DATA24,,375,"  Plot-opn*** Curve label      Line Intg  Col Tran
*** x -  x                     type  eqv code code",*** Data for each curve on the plot.   Repeats for each curve on the plot.
PLTGEN,CURV-DATA,CURV-DATA25,/PLTGEN/CURV-DATA25,,375,"  Plot-opn*** Curve label      Line Intg  Col Tran
*** x -  x                     type  eqv code code",*** Data for each curve on the plot.   Repeats for each curve on the plot.
PLTGEN,CURV-DATA,CURV-DATA26,/PLTGEN/CURV-DATA26,,375,"  Plot-opn*** Curve label      Line Intg  Col Tran
*** x -  x                     type  eqv code code",*** Data for each curve on the plot.   Repeats for each curve on the plot.
PLTGEN,CURV-DATA,CURV-DATA27,/PLTGEN/CURV-DATA27,,375,"  Plot-opn*** Curve label      Line Intg  Col Tran
*** x -  x                     type  eqv code code",*** Data for each curve on the plot.   Repeats for each curve on the plot.
PLTGEN,CURV-DATA,CURV-DATA28,/PLTGEN/CURV-DATA28,,375,"  Plot-opn*** Curve label      Line Intg  Col Tran
*** x -  x                     type  eqv code code",*** Data for each curve on the plot.   Repeats for each curve on the plot.
PLTGEN,CURV-DATA,CURV-DATA29,/PLTGEN/CURV-DATA29,,375,"  Plot-opn*** Curve label      Line Intg  Col Tran
*** x -  x                     type  eqv code code",*** Data for each curve on the plot.   Repeats for each curve on the plot.
PLTGEN,CURV-DATA,CURV-DATA3,/PLTGEN/CURV-DATA3,,375,"  Plot-opn*** Curve label      Line Intg  Col Tran
*** x -  x                     type  eqv code code",*** Data for each curve on the plot.   Repeats for each curve on the plot.
PLTGEN,CURV-DATA,CURV-DATA30,/PLTGEN/CURV-DATA/30,,375,"  Plot-opn*** Curve label      Line Intg  Col Tran
*** x -  x                     type  eqv code code",*** Data for each curve on the plot.   Repeats for each curve on the plot.
PLTGEN,CURV-DATA,CURV-DATA31,/PLTGEN/CURV-DATA31,,375,"  Plot-opn*** Curve label      Line Intg  Col Tran
*** x -  x                     type  eqv code code",*** Data for each curve on the plot.   Repeats for each curve on the plot.
PLTGEN,CURV-DATA,CURV-DATA32,/PLTGEN/CURV-DATA32,,375,"  Plot-opn*** Curve label      Line Intg  Col Tran
*** x -  x                     type  eqv code code",*** Data for each curve on the plot.   Repeats for each curve on the plot.
PLTGEN,CURV-DATA,CURV-DATA33,/PLTGEN/CURV-DATA33,,375,"  Plot-opn*** Curve label      Line Intg  Col Tran
*** x -  x                     type  eqv code code",*** Data for each curve on the plot.   Repeats for each curve on the plot.
PLTGEN,CURV-DATA,CURV-DATA34,/PLTGEN/CURV-DATA34,,375,"  Plot-opn*** Curve label      Line Intg  Col Tran
*** x -  x                     type  eqv code code",*** Data for each curve on the plot.   Repeats for each curve on the plot.
PLTGEN,CURV-DATA,CURV-DATA35,/PLTGEN/CURV-DATA35,,375,"  Plot-opn*** Curve label      Line Intg  Col Tran
*** x -  x                     type  eqv code code",*** Data for each curve on the plot.   Repeats for each curve on the plot.
PLTGEN,CURV-DATA,CURV-DATA36,/PLTGEN/CURV-DATA36,,375,"  Plot-opn*** Curve label      Line Intg  Col Tran
*** x -  x                     type  eqv code code",*** Data for each curve on the plot.   Repeats for each curve on the plot.
PLTGEN,CURV-DATA,CURV-DATA37,/PLTGEN/CURV-DATA37,,375,"  Plot-opn*** Curve label      Line Intg  Col Tran
*** x -  x                     type  eqv code code",*** Data for each curve on the plot.   Repeats for each curve on the plot.
PLTGEN,CURV-DATA,CURV-DATA38,/PLTGEN/CURV-DATA38,,375,"  Plot-opn*** Curve label      Line Intg  Col Tran
*** x -  x                     type  eqv code code",*** Data for each curve on the plot.   Repeats for each curve on the plot.
PLTGEN,CURV-DATA,CURV-DATA39,/PLTGEN/CURV-DATA39,,375,"  Plot-opn*** Curve label      Line Intg  Col Tran
*** x -  x                     type  eqv code code",*** Data for each curve on the plot.   Repeats for each curve on the plot.
PLTGEN,CURV-DATA,CURV-DATA4,/PLTGEN/CURV-DATA4,,375,"  Plot-opn*** Curve label      Line Intg  Col Tran
*** x -  x                     type  eqv code code",*** Data for each curve on the plot.   Repeats for each curve on the plot.
PLTGEN,CURV-DATA,CURV-DATA40,/PLTGEN/CURV-DATA/40,,375,"  Plot-opn*** Curve label      Line Intg  Col Tran
*** x -  x                     type  eqv code code",*** Data for each curve on the plot.   Repeats for each curve on the plot.
PLTGEN,CURV-DATA,CURV-DATA41,/PLTGEN/CURV-DATA41,,375,"  Plot-opn*** Curve label      Line Intg  Col Tran
*** x -  x                     type  eqv code code",*** Data for each curve on the plot.   Repeats for each curve on the plot.
PLTGEN,CURV-DATA,CURV-DATA42,/PLTGEN/CURV-DATA42,,375,"  Plot-opn*** Curve label      Line Intg  Col Tran
*** x -  x                     type  eqv code code",*** Data for each curve on the plot.   Repeats for each curve on the plot.
PLTGEN,CURV-DATA,CURV-DATA43,/PLTGEN/CURV-DATA43,,375,"  Plot-opn*** Curve label      Line Intg  Col Tran
*** x -  x                     type  eqv code code",*** Data for each curve on the plot.   Repeats for each curve on the plot.
PLTGEN,CURV-DATA,CURV-DATA44,/PLTGEN/CURV-DATA44,,375,"  Plot-opn*** Curve label      Line Intg  Col Tran
*** x -  x                     type  eqv code code",*** Data for each curve on the plot.   Repeats for each curve on the plot.
PLTGEN,CURV-DATA,CURV-DATA45,/PLTGEN/CURV-DATA45,,375,"  Plot-opn*** Curve label      Line Intg  Col Tran
*** x -  x                     type  eqv code code",*** Data for each curve on the plot.   Repeats for each curve on the plot.
PLTGEN,CURV-DATA,CURV-DATA46,/PLTGEN/CURV-DATA46,,375,"  Plot-opn*** Curve label      Line Intg  Col Tran
*** x -  x                     type  eqv code code",*** Data for each curve on the plot.   Repeats for each curve on the plot.
PLTGEN,CURV-DATA,CURV-DATA47,/PLTGEN/CURV-DATA47,,375,"  Plot-opn*** Curve label      Line Intg  Col Tran
*** x -  x                     type  eqv code code",*** Data for each curve on the plot.   Repeats for each curve on the plot.
PLTGEN,CURV-DATA,CURV-DATA48,/PLTGEN/CURV-DATA48,,375,"  Plot-opn*** Curve label      Line Intg  Col Tran
*** x -  x                     type  eqv code code",*** Data for each curve on the plot.   Repeats for each curve on the plot.
PLTGEN,CURV-DATA,CURV-DATA49,/PLTGEN/CURV-DATA49,,375,"  Plot-opn*** Curve label      Line Intg  Col Tran
*** x -  x                     type  eqv code code",*** Data for each curve on the plot.   Repeats for each curve on the plot.
PLTGEN,CURV-DATA,CURV-DATA5,/PLTGEN/CURV-DATA5,,375,"  Plot-opn*** Curve label      Line Intg  Col Tran
*** x -  x                     type  eqv code code",*** Data for each curve on the plot.   Repeats for each curve on the plot.
PLTGEN,CURV-DATA,CURV-DATA50,/PLTGEN/CURV-DATA/50,,375,"  Plot-opn*** Curve label      Line Intg  Col Tran
*** x -  x                     type  eqv code code",*** Data for each curve on the plot.   Repeats for each curve on the plot.
PLTGEN,CURV-DATA,CURV-DATA51,/PLTGEN/CURV-DATA51,,375,"  Plot-opn*** Curve label      Line Intg  Col Tran
*** x -  x                     type  eqv code code",*** Data for each curve on the plot.   Repeats for each curve on the plot.
PLTGEN,CURV-DATA,CURV-DATA52,/PLTGEN/CURV-DATA52,,375,"  Plot-opn*** Curve label      Line Intg  Col Tran
*** x -  x                     type  eqv code code",*** Data for each curve on the plot.   Repeats for each curve on the plot.
PLTGEN,CURV-DATA,CURV-DATA53,/PLTGEN/CURV-DATA53,,375,"  Plot-opn*** Curve label      Line Intg  Col Tran
*** x -  x                     type  eqv code code",*** Data for each curve on the plot.   Repeats for each curve on the plot.
PLTGEN,CURV-DATA,CURV-DATA54,/PLTGEN/CURV-DATA54,,375,"  Plot-opn*** Curve label      Line Intg  Col Tran
*** x -  x                     type  eqv code code",*** Data for each curve on the plot.   Repeats for each curve on the plot.
PLTGEN,CURV-DATA,CURV-DATA55,/PLTGEN/CURV-DATA55,,375,"  Plot-opn*** Curve label      Line Intg  Col Tran
*** x -  x                     type  eqv code code",*** Data for each curve on the plot.   Repeats for each curve on the plot.
PLTGEN,CURV-DATA,CURV-DATA56,/PLTGEN/CURV-DATA56,,375,"  Plot-opn*** Curve label      Line Intg  Col Tran
*** x -  x                     type  eqv code code",*** Data for each curve on the plot.   Repeats for each curve on the plot.
PLTGEN,CURV-DATA,CURV-DATA57,/PLTGEN/CURV-DATA57,,375,"  Plot-opn*** Curve label      Line Intg  Col Tran
*** x -  x                     type  eqv code code",*** Data for each curve on the plot.   Repeats for each curve on the plot.
PLTGEN,CURV-DATA,CURV-DATA58,/PLTGEN/CURV-DATA58,,375,"  Plot-opn*** Curve label      Line Intg  Col Tran
*** x -  x                     type  eqv code code",*** Data for each curve on the plot.   Repeats for each curve on the plot.
PLTGEN,CURV-DATA,CURV-DATA59,/PLTGEN/CURV-DATA59,,375,"  Plot-opn*** Curve label      Line Intg  Col Tran
*** x -  x                     type  eqv code code",*** Data for each curve on the plot.   Repeats for each curve on the plot.
PLTGEN,CURV-DATA,CURV-DATA6,/PLTGEN/CURV-DATA6,,375,"  Plot-opn*** Curve label      Line Intg  Col Tran
*** x -  x                     type  eqv code code",*** Data for each curve on the plot.   Repeats for each curve on the plot.
PLTGEN,CURV-DATA,CURV-DATA60,/PLTGEN/CURV-DATA/60,,375,"  Plot-opn*** Curve label      Line Intg  Col Tran
*** x -  x                     type  eqv code code",*** Data for each curve on the plot.   Repeats for each curve on the plot.
PLTGEN,CURV-DATA,CURV-DATA61,/PLTGEN/CURV-DATA61,,375,"  Plot-opn*** Curve label      Line Intg  Col Tran
*** x -  x                     type  eqv code code",*** Data for each curve on the plot.   Repeats for each curve on the plot.
PLTGEN,CURV-DATA,CURV-DATA62,/PLTGEN/CURV-DATA62,,375,"  Plot-opn*** Curve label      Line Intg  Col Tran
*** x -  x                     type  eqv code code",*** Data for each curve on the plot.   Repeats for each curve on the plot.
PLTGEN,CURV-DATA,CURV-DATA63,/PLTGEN/CURV-DATA63,,375,"  Plot-opn*** Curve label      Line Intg  Col Tran
*** x -  x                     type  eqv code code",*** Data for each curve on the plot.   Repeats for each curve on the plot.
PLTGEN,CURV-DATA,CURV-DATA64,/PLTGEN/CURV-DATA64,,375,"  Plot-opn*** Curve label      Line Intg  Col Tran
*** x -  x                     type  eqv code code",*** Data for each curve on the plot.   Repeats for each curve on the plot.
PLTGEN,CURV-DATA,CURV-DATA65,/PLTGEN/CURV-DATA65,,375,"  Plot-opn*** Curve label      Line Intg  Col Tran
*** x -  x                     type  eqv code code",*** Data for each curve on the plot.   Repeats for each curve on the plot.
PLTGEN,CURV-DATA,CURV-DATA66,/PLTGEN/CURV-DATA66,,375,"  Plot-opn*** Curve label      Line Intg  Col Tran
*** x -  x                     type  eqv code code",*** Data for each curve on the plot.   Repeats for each curve on the plot.
PLTGEN,CURV-DATA,CURV-DATA67,/PLTGEN/CURV-DATA67,,375,"  Plot-opn*** Curve label      Line Intg  Col Tran
*** x -  x                     type  eqv code code",*** Data for each curve on the plot.   Repeats for each curve on the plot.
PLTGEN,CURV-DATA,CURV-DATA68,/PLTGEN/CURV-DATA68,,375,"  Plot-opn*** Curve label      Line Intg  Col Tran
*** x -  x                     type  eqv code code",*** Data for each curve on the plot.   Repeats for each curve on the plot.
PLTGEN,CURV-DATA,CURV-DATA69,/PLTGEN/CURV-DATA69,,375,"  Plot-opn*** Curve label      Line Intg  Col Tran
*** x -  x                     type  eqv code code",*** Data for each curve on the plot.   Repeats for each curve on the plot.
PLTGEN,CURV-DATA,CURV-DATA7,/PLTGEN/CURV-DATA7,,375,"  Plot-opn*** Curve label      Line Intg  Col Tran
*** x -  x                     type  eqv code code",*** Data for each curve on the plot.   Repeats for each curve on the plot.
PLTGEN,CURV-DATA,CURV-DATA70,/PLTGEN/CURV-DATA/70,,375,"  Plot-opn*** Curve label      Line Intg  Col Tran
*** x -  x                     type  eqv code code",*** Data for each curve on the plot.   Repeats for each curve on the plot.
PLTGEN,CURV-DATA,CURV-DATA71,/PLTGEN/CURV-DATA71,,375,"  Plot-opn*** Curve label      Line Intg  Col Tran
*** x -  x                     type  eqv code code",*** Data for each curve on the plot.   Repeats for each curve on the plot.
PLTGEN,CURV-DATA,CURV-DATA72,/PLTGEN/CURV-DATA72,,375,"  Plot-opn*** Curve label      Line Intg  Col Tran
*** x -  x                     type  eqv code code",*** Data for each curve on the plot.   Repeats for each curve on the plot.
PLTGEN,CURV-DATA,CURV-DATA73,/PLTGEN/CURV-DATA73,,375,"  Plot-opn*** Curve label      Line Intg  Col Tran
*** x -  x                     type  eqv code code",*** Data for each curve on the plot.   Repeats for each curve on the plot.
PLTGEN,CURV-DATA,CURV-DATA74,/PLTGEN/CURV-DATA74,,375,"  Plot-opn*** Curve label      Line Intg  Col Tran
*** x -  x                     type  eqv code code",*** Data for each curve on the plot.   Repeats for each curve on the plot.
PLTGEN,CURV-DATA,CURV-DATA75,/PLTGEN/CURV-DATA75,,375,"  Plot-opn*** Curve label      Line Intg  Col Tran
*** x -  x                     type  eqv code code",*** Data for each curve on the plot.   Repeats for each curve on the plot.
PLTGEN,CURV-DATA,CURV-DATA76,/PLTGEN/CURV-DATA76,,375,"  Plot-opn*** Curve label      Line Intg  Col Tran
*** x -  x                     type  eqv code code",*** Data for each curve on the plot.   Repeats for each curve on the plot.
PLTGEN,CURV-DATA,CURV-DATA77,/PLTGEN/CURV-DATA77,,375,"  Plot-opn*** Curve label      Line Intg  Col Tran
*** x -  x                     type  eqv code code",*** Data for each curve on the plot.   Repeats for each curve on the plot.
PLTGEN,CURV-DATA,CURV-DATA78,/PLTGEN/CURV-DATA78,,375,"  Plot-opn*** Curve label      Line Intg  Col Tran
*** x -  x                     type  eqv code code",*** Data for each curve on the plot.   Repeats for each curve on the plot.
PLTGEN,CURV-DATA,CURV-DATA79,/PLTGEN/CURV-DATA79,,375,"  Plot-opn*** Curve label      Line Intg  Col Tran
*** x -  x                     type  eqv code code",*** Data for each curve on the plot.   Repeats for each curve on the plot.
PLTGEN,CURV-DATA,CURV-DATA8,/PLTGEN/CURV-DATA8,,375,"  Plot-opn*** Curve label      Line Intg  Col Tran
*** x -  x                     type  eqv code code",*** Data for each curve on the plot.   Repeats for each curve on the plot.
PLTGEN,CURV-DATA,CURV-DATA80,/PLTGEN/CURV-DATA/80,,375,"  Plot-opn*** Curve label      Line Intg  Col Tran
*** x -  x                     type  eqv code code",*** Data for each curve on the plot.   Repeats for each curve on the plot.
PLTGEN,CURV-DATA,CURV-DATA81,/PLTGEN/CURV-DATA81,,375,"  Plot-opn*** Curve label      Line Intg  Col Tran
*** x -  x                     type  eqv code code",*** Data for each curve on the plot.   Repeats for each curve on the plot.
PLTGEN,CURV-DATA,CURV-DATA82,/PLTGEN/CURV-DATA82,,375,"  Plot-opn*** Curve label      Line Intg  Col Tran
*** x -  x                     type  eqv code code",*** Data for each curve on the plot.   Repeats for each curve on the plot.
PLTGEN,CURV-DATA,CURV-DATA83,/PLTGEN/CURV-DATA83,,375,"  Plot-opn*** Curve label      Line Intg  Col Tran
*** x -  x                     type  eqv code code",*** Data for each curve on the plot.   Repeats for each curve on the plot.
PLTGEN,CURV-DATA,CURV-DATA84,/PLTGEN/CURV-DATA84,,375,"  Plot-opn*** Curve label      Line Intg  Col Tran
*** x -  x                     type  eqv code code",*** Data for each curve on the plot.   Repeats for each curve on the plot.
PLTGEN,CURV-DATA,CURV-DATA85,/PLTGEN/CURV-DATA85,,375,"  Plot-opn*** Curve label      Line Intg  Col Tran
*** x -  x                     type  eqv code code",*** Data for each curve on the plot.   Repeats for each curve on the plot.
PLTGEN,CURV-DATA,CURV-DATA86,/PLTGEN/CURV-DATA86,,375,"  Plot-opn*** Curve label      Line Intg  Col Tran
*** x -  x                     type  eqv code code",*** Data for each curve on the plot.   Repeats for each curve on the plot.
PLTGEN,CURV-DATA,CURV-DATA87,/PLTGEN/CURV-DATA87,,375,"  Plot-opn*** Curve label      Line Intg  Col Tran
*** x -  x                     type  eqv code code",*** Data for each curve on the plot.   Repeats for each curve on the plot.
PLTGEN,CURV-DATA,CURV-DATA88,/PLTGEN/CURV-DATA88,,375,"  Plot-opn*** Curve label      Line Intg  Col Tran
*** x -  x                     type  eqv code code",*** Data for each curve on the plot.   Repeats for each curve on the plot.
PLTGEN,CURV-DATA,CURV-DATA89,/PLTGEN/CURV-DATA89,,375,"  Plot-opn*** Curve label      Line Intg  Col Tran
*** x -  x                     type  eqv code code",*** Data for each curve on the plot.   Repeats for each curve on the plot.
PLTGEN,CURV-DATA,CURV-DATA9,/PLTGEN/CURV-DATA9,,375,"  Plot-opn*** Curve label      Line Intg  Col Tran
*** x -  x                     type  eqv code code",*** Data for each curve on the plot.   Repeats for each curve on the plot.
PLTGEN,CURV-DATA,CURV-DATA90,/PLTGEN/CURV-DATA/90,,375,"  Plot-opn*** Curve label      Line Intg  Col Tran
*** x -  x                     type  eqv code code",*** Data for each curve on the plot.   Repeats for each curve on the plot.
PLTGEN,CURV-DATA,CURV-DATA91,/PLTGEN/CURV-DATA91,,375,"  Plot-opn*** Curve label      Line Intg  Col Tran
*** x -  x                     type  eqv code code",*** Data for each curve on the plot.   Repeats for each curve on the plot.
PLTGEN,CURV-DATA,CURV-DATA92,/PLTGEN/CURV-DATA92,,375,"  Plot-opn*** Curve label      Line Intg  Col Tran
*** x -  x                     type  eqv code code",*** Data for each curve on the plot.   Repeats for each curve on the plot.
PLTGEN,CURV-DATA,CURV-DATA93,/PLTGEN/CURV-DATA93,,375,"  Plot-opn*** Curve label      Line Intg  Col Tran
*** x -  x                     type  eqv code code",*** Data for each curve on the plot.   Repeats for each curve on the plot.
PLTGEN,CURV-DATA,CURV-DATA94,/PLTGEN/CURV-DATA94,,375,"  Plot-opn*** Curve label      Line Intg  Col Tran
*** x -  x                     type  eqv code code",*** Data for each curve on the plot.   Repeats for each curve on the plot.
PLTGEN,CURV-DATA,CURV-DATA95,/PLTGEN/CURV-DATA95,,375,"  Plot-opn*** Curve label      Line Intg  Col Tran
*** x -  x                     type  eqv code code",*** Data for each curve on the plot.   Repeats for each curve on the plot.
PLTGEN,CURV-DATA,CURV-DATA96,/PLTGEN/CURV-DATA96,,375,"  Plot-opn*** Curve label      Line Intg  Col Tran
*** x -  x                     type  eqv code code",*** Data for each curve on the plot.   Repeats for each curve on the plot.
PLTGEN,CURV-DATA,CURV-DATA97,/PLTGEN/CURV-DATA97,,375,"  Plot-opn*** Curve label      Line Intg  Col Tran
*** x -  x                     type  eqv code code",*** Data for each curve on the plot.   Repeats for each curve on the plot.
PLTGEN,CURV-DATA,CURV-DATA98,/PLTGEN/CURV-DATA98,,375,"  Plot-opn*** Curve label      Line Intg  Col Tran
*** x -  x                     type  eqv code code",*** Data for each curve on the plot.   Repeats for each curve on the plot.
PLTGEN,CURV-DATA,CURV-DATA99,/PLTGEN/CURV-DATA99,,375,"  Plot-opn*** Curve label      Line Intg  Col Tran
*** x -  x                     type  eqv code code",*** Data for each curve on the plot.   Repeats for each curve on the plot.
PLTGEN,GEN-LABELS,GEN-LABELS,/PLTGEN/PARAMETERS,,373,"  Plot-opn ***
*** x -  x  General title                                   Y-axis label",*** General plot labels.
PLTGEN,PLOTINFO,PLOTINFO,/PLTGEN/PARAMETERS,,372,"  Plot-opn ***
*** x -  x FILE  NPT  NMN LABL  PYR PIVL TYPE",*** General plot information.
PLTGEN,SCALING,SCALING,/PLTGEN/PARAMETERS,,374,"  Plot-opn***   YMIN      YMAX     IVLIN    THRESH
*** x -  x                        ivl/in",*** Scaling information for plots.
RCHRES,ACID-FLAGS,ACID-FLAGS,/RCHRES/ACIDPH/FLAGS,,348,"    RCHRES AC01 AC02 AC03 AC04 AC05 AC06 AC07 AC08 AC09 AC10 AC11 AC12 AC13 A***
*** x -  x",*** Acid mine flags
RCHRES,ACID-INIT,ACID-INIT,/RCHRES/ACIDPH/STATES,,349,"    RCHRES***ACCONC1   ACCONC2   ACCONC3   ACCONC4   ACCONC5   ACCONC6   ACCONC7
*** x -  x",*** Acid mine initial values
RCHRES,ACID-PARMS,ACID-PARMS,/RCHRES/ACIDPH/PARAMETERS,,350,"    RCHRES***ACPARM1   ACPARM2   ACPARM3   ACPARM4   ACPARM5   ACPARM6   ACPARM7
*** x -  x ",*** Acid mine parameters
RCHRES,ACTIVITY,ACTIVITY,/RCHRES/GENERAL/ACTIVITY,,249,"*** RCHRES  Active sections
*** x -  x HYFG ADFG CNFG HTFG SDFG GQFG OXFG NUFG PKFG PHFG",*** Active sections of RCHRES.
RCHRES,ADCALC-DATA,ADCALC-DATA,/RCHRES/ADCALC/PARAMETERS,,264,"*** RCHRES  Data for section ADCALC
*** x -  x     CRRAT       VOL (Mm3)",*** Data for section ADCALC.
RCHRES,BED-INIT,BED-INIT,/RCHRES/SEDTRN/STATES,,282,"*** RCHRES    BEDDEP  Initial bed composition
*** x -  x       (m)      Sand      Silt      Clay",*** Initial fractions of bed sediment.
RCHRES,BENAL-FLAGS,BENAL-FLAGS,/RCHRES/PLANK/FLAGS,,351,"*** RCHRES Benthic algae flags
*** x -  x NUMB BINV NFX1 NFX2 NFX3 NFX4",*** Benthic algae flags - used only when BALFG=2 in PLNK-FLAGS
RCHRES,BENAL-GRAZE,BENAL-GRAZE,/RCHRES/PLANK/PARAMETERS,,352,"*** RCHRES    CREMVL     CMMBI      BINV    TCGRAZ
*** x -  x mgA/mgI/yr   mgA/m2    mgI/m2                       ",*** Optional benthic algae grazing parameters.
RCHRES,BENAL-GROW,BENAL-GROW,/RCHRES/PLANK/PARAMETERS,,353,"    RCHRES*** MBALGR    TCBALG     CMMNB     CMMPB     CMMD1     CMMD2     CSLIT
*** x -  x       /hr                mg/l      mg/l               mg/m2    ly/min",*** Species-specific benthic algae growth parameters.
RCHRES,BENAL-INIT,BENAL-INIT,/RCHRES/PLANK/STATES,,354,"*** RCHRES    BENAL1    BENAL2    BENAL3    BENAL4
*** x -  x     mg/m2     mg/m2     mg/m2     mg/m2","*** Initial benthic algae conditions, if multiple species are simulated -
*** i.e. BALFG=2 and NUMBAL > 1."
RCHRES,BENAL-LIGHT,BENAL-LIGHT,/RCHRES/PLANK/PARAMETERS,,355,"*** RCHRES    CTRBQ1    CTRBQ2    CKTRB1    CKTRB2
*** x -  x   NTU/cms                  /m",*** Optional benthic algae light extinction parameters for SDLTFG=2.
RCHRES,BENAL-PARM,BENAL-PARM,/RCHRES/PLANK/PARAMETERS,,343,"    RCHRES***   MBAL    CFBALR    CFBALG    MINBAL     CAMPR     FRAVL    NMAXFX
*** x -  x     mg/m2                         mg/m2      mg/l                mg/l",*** General benthic algae parameters.
RCHRES,BENAL-RESSCR,BENAL-RESSCR,/RCHRES/PLANK/PARAMETERS,,356,"*** RCHRES    BALR20    TCBALR    CSLOF1   CSLOF2    GRORES
*** x -  x       /hr                 /hr",*** Species-specific benthic algae respiration and scour parameters.
RCHRES,BENAL-RIFF1,BENAL-RIFF1,/RCHRES/PLANK/PARAMETERS,,357,"*** RCHRES     FRRIF      CMMV    RIFCQ1    RIFCQ2    RIFCQ3
*** x -  x                 m/s       cms       cms       cms",*** First group of riffle parameters for benthic algae.
RCHRES,BENAL-RIFF2,BENAL-RIFF2,/RCHRES/PLANK/PARAMETERS,,358,"*** RCHRES RIFVEL1 RIFVEL2 RIFVEL3 RIFVEL4 RIFDEP1 RIFDEP2 RIFDEP3 RIFDEP4
*** x -  x                                                  ",*** Second group of riffle parameters for benthic algae.
RCHRES,BENTH-FLAG,BENTH-FLAG,/RCHRES/RQUAL/FLAGS,,319,"*** RCHRES  Benthic release flag
*** x -  x BENF",*** Benthic release flag (RQUAL).
RCHRES,BINARY-INFO,BINARY-INFO,/RCHRES/GENERAL/BINOUT,,251,"*** RCHRES  Binary Output level flags
*** x -  x HYDR ADCA CONS HEAT  SED  GQL OXRX NUTR PLNK PHCB PIVL  PYR","*** Table of binary output level flags for RCHRES. HSPF permits the user
*** to vary the output level (maximum frequency) for the various active
*** sections of an operation. 2 means every PIVL intervals, 3 means
*** every day, 4 means every month, 5 means every year, 6 means never."
RCHRES,CONDUIT-PARM,CONDUIT-PARM,/RCHRES/DYNAMIC/PARAMETERS,,359,"***        FROM   TO       LEN      MANN     INLET    OUTLET      INIT
*** RCHRES NODE NODE                        OFFSET    OFFSET      FLOW
*** x -  x                 (m)                 (m)       (m)     (cms)",
RCHRES,CONDUIT-XS,CONDUIT-XS,/RCHRES/DYNAMIC/PARAMETERS,,360,"*** RCHRES
*** x -  x                TYPE     GEOM1     GEOM2     GEOM3     GEOM4      ",*** Cross-section data for a conduit segment.
RCHRES,CONS-AD-FLAGS,CONS-AD-FLAGS,/RCHRES/CONS/FLAGS,,266,"***                        Atmospheric Deposition Flags
    RCHRES  CONS1  CONS2  CONS3  CONS4  CONS5  CONS6  CONS7  CONS8  CONS9 CON***
*** x -  x <F><C> <F><C> <F><C> <F><C> <F><C> <F><C> <F><C> <F><C> <F><C> <F><C>",*** Conservative constituent atmospheric deposition flags.
RCHRES,CONS-DATA,CONS-DATA1,/RCHRES/CONS/CONS1,,267,"*** RCHRES
*** x -  x        Substance-id      Conc        ID      CONV     QTYID",*** Information about one conservative substance.
RCHRES,CONS-DATA,CONS-DATA10,/RCHRES/CONS/CONS10,,267,"*** RCHRES
*** x -  x        Substance-id      Conc        ID      CONV     QTYID",*** Information about one conservative substance.
RCHRES,CONS-DATA,CONS-DATA2,/RCHRES/CONS/CONS2,,267,"*** RCHRES
*** x -  x        Substance-id      Conc        ID      CONV     QTYID",*** Information about one conservative substance.
RCHRES,CONS-DATA,CONS-DATA3,/RCHRES/CONS/CONS3,,267,"*** RCHRES
*** x -  x        Substance-id      Conc        ID      CONV     QTYID",*** Information about one conservative substance.
RCHRES,CONS-DATA,CONS-DATA4,/RCHRES/CONS/CONS4,,267,"*** RCHRES
*** x -  x        Substance-id      Conc        ID      CONV     QTYID",*** Information about one conservative substance.
RCHRES,CONS-DATA,CONS-DATA5,/RCHRES/CONS/CONS5,,267,"*** RCHRES
*** x -  x        Substance-id      Conc        ID      CONV     QTYID",*** Information about one conservative substance.
RCHRES,CONS-DATA,CONS-DATA6,/RCHRES/CONS/CONS6,,267,"*** RCHRES
*** x -  x        Substance-id      Conc        ID      CONV     QTYID",*** Information about one conservative substance.
RCHRES,CONS-DATA,CONS-DATA7,/RCHRES/CONS/CONS7,,267,"*** RCHRES
*** x -  x        Substance-id      Conc        ID      CONV     QTYID",*** Information about one conservative substance.
RCHRES,CONS-DATA,CONS-DATA8,/RCHRES/CONS/CONS8,,267,"*** RCHRES
*** x -  x        Substance-id      Conc        ID      CONV     QTYID",*** Information about one conservative substance.
RCHRES,CONS-DATA,CONS-DATA9,/RCHRES/CONS/CONS9,,267,"*** RCHRES
*** x -  x        Substance-id      Conc        ID      CONV     QTYID",*** Information about one conservative substance.
RCHRES,CONV-VAL1,CONV-VAL1,/RCHRES/NUTRX/PARAMETERS,,326,"*** RCHRES      CVBO     CVBPC     CVBPN    BPCNTC
*** x -  x     mg/mg  mols/mol  mols/mol",*** Conversion factors (NUTRX section).
RCHRES,DW-POLLUTANT,DW-POLLUTANT,/RCHRES/DYNAMIC/PARAMETERS,,361,"*** RCHRES      NAME     UNITS    KDECAY
*** x -  x                       (1/day)",*** Dynamic wave pollutant data.
RCHRES,DYNAMIC-WAVE,DYNAMIC-WAVE,/RCHRES/DYNAMIC/PARAMETERS,,362,"*** RCHRES  TIMESTEP NCONDUITS    NNODES     FUNIT  NWR  NOR WQFG
*** x -  x     (sec)",*** Properties of the dynamic wave routing in RCHRES.
RCHRES,ELEV,ELEV,/RCHRES/OXRX/PARAMETERS,,312,"*** RCHRES      ELEV
*** x -  x       (m)",*** RCHRES elevation above sea level.
RCHRES,GEN-INFO,GEN-INFO,/RCHRES/GENERAL/INFO,,252,"***              Name        Nexits   Unit Systems   Printer
*** RCHRES                               t-series  Engl Metr LKFG
*** x -  x                                 in  out",*** General information for RCHRES.
RCHRES,GQ-AD-FLAGS,GQ-AD-FLAGS,/RCHRES/GQUAL/FLAGS,,284,"***        Atmospheric Deposition Flags
*** RCHRES GQUAL1 GQUAL2 GQUAL3 GQUAL4 GQUAL5 GQUAL6 GQUAL7
*** x -  x <F><C> <F><C> <F><C> <F><C> <F><C> <F><C> <F><C>",
RCHRES,GQ-ADRATE,GQ-ADRATE1,/RCHRES/GQUAL/GQUAL1,,296,"*** RCHRES         Adsorption/desorption rate parameters (/day)
*** x -  x ADPM(1,2) ADPM(2,2) ADPM(3,2) ADPM(4,2) ADPM(5,2) ADPM(6,2)",*** Adsorption /desorption rate parameters.
RCHRES,GQ-ADRATE,GQ-ADRATE2,/RCHRES/GQUAL/GQUAL2,,296,"*** RCHRES         Adsorption/desorption rate parameters (/day)
*** x -  x ADPM(1,2) ADPM(2,2) ADPM(3,2) ADPM(4,2) ADPM(5,2) ADPM(6,2)",*** Adsorption /desorption rate parameters.
RCHRES,GQ-ADRATE,GQ-ADRATE3,/RCHRES/GQUAL/GQUAL3,,296,"*** RCHRES         Adsorption/desorption rate parameters (/day)
*** x -  x ADPM(1,2) ADPM(2,2) ADPM(3,2) ADPM(4,2) ADPM(5,2) ADPM(6,2)",*** Adsorption /desorption rate parameters.
RCHRES,GQ-ADTHETA,GQ-ADTHETA1,/RCHRES/GQUAL/GQUAL1,,297,"*** RCHRES     Adsorption/desorption temp. correction parameters
*** x -  x ADPM(1,3) ADPM(2,3) ADPM(3,3) ADPM(4,3) ADPM(5,3) ADPM(6,3)",*** Adsorption/desorption temperature correction parameters.
RCHRES,GQ-ADTHETA,GQ-ADTHETA2,/RCHRES/GQUAL/GQUAL2,,297,"*** RCHRES     Adsorption/desorption temp. correction parameters
*** x -  x ADPM(1,3) ADPM(2,3) ADPM(3,3) ADPM(4,3) ADPM(5,3) ADPM(6,3)",*** Adsorption/desorption temperature correction parameters.
RCHRES,GQ-ADTHETA,GQ-ADTHETA3,/RCHRES/GQUAL/GQUAL3,,297,"*** RCHRES     Adsorption/desorption temp. correction parameters
*** x -  x ADPM(1,3) ADPM(2,3) ADPM(3,3) ADPM(4,3) ADPM(5,3) ADPM(6,3)",*** Adsorption/desorption temperature correction parameters.
RCHRES,GQ-ALPHA,GQ-ALPHA,/RCHRES/GQUAL/EXTENDEDS/ALPH,,303,"***          Values of base absorbance coefficient (/cm)
***               K1        K2        K3        K4        K5        K6        K7
    RCHRES***     K8        K9       K10       K11       K12       K13       K14
*** x -  x       K15       K16       K17       K18","*** Values of base absorbance coeff (/cm) for each of the 18 light
*** wavelengths.  When an entry has to be continued onto more than 1 line:
*** 1) no blank or ""comment"" lines may be put between any of the lines for
*** a continued entry.  Put all comments ahead of the entry, 2) The
*** <range> specfication must be repeated for each line onto which the
*** entry is continued."
RCHRES,GQ-BIOPM,GQ-BIOPM1,/RCHRES/GQUAL/GQUAL1,,291,"*** RCHRES    BIOCON     THBIO       BIO
*** x -  x  1/mg/day                mg/l",*** Biodegradation parameters.
RCHRES,GQ-BIOPM,GQ-BIOPM2,/RCHRES/GQUAL/GQUAL2,,291,"*** RCHRES    BIOCON     THBIO       BIO
*** x -  x  1/mg/day                mg/l",*** Biodegradation parameters.
RCHRES,GQ-BIOPM,GQ-BIOPM3,/RCHRES/GQUAL/GQUAL3,,291,"*** RCHRES    BIOCON     THBIO       BIO
*** x -  x  1/mg/day                mg/l",*** Biodegradation parameters.
RCHRES,GQ-CFGAS,GQ-CFGAS1,/RCHRES/GQUAL/GQUAL1,,290,"*** RCHRES     CFGAS
*** x -  x",*** Ratio of volatilization to oxygen reaeration.
RCHRES,GQ-CFGAS,GQ-CFGAS2,/RCHRES/GQUAL/GQUAL2,,290,"*** RCHRES     CFGAS
*** x -  x",*** Ratio of volatilization to oxygen reaeration.
RCHRES,GQ-CFGAS,GQ-CFGAS3,/RCHRES/GQUAL/GQUAL3,,290,"*** RCHRES     CFGAS
*** x -  x",*** Ratio of volatilization to oxygen reaeration.
RCHRES,GQ-CLDFACT,GQ-CLDFACT,/RCHRES/GQUAL/EXTENDEDS/KCLD,,306,"***          Values of light extinction efficiency of cloud cover
***               F1        F2        F3        F4        F5        F6        F7
    RCHRES***     F8        F9       F10       F11       F12       F13       F14
*** x -  x       F15       F16       F17       F18","*** Values of light extinction efficiency of cloud cover, for each of the
*** 18 light wavelengths: When an entry has to be continued onto more
*** than 1 line: 1) no blank or ""comment"" lines may be put between any of
*** the lines for a continued entry.  Put all comments ahead of the entry,
*** 2) The <range> specfication must be repeated for each line onto which
*** the entry is continued."
RCHRES,GQ-DAUGHTER,GQ-DAUGHTER_biodegradation,/RCHRES/GQUAL/CF/BIODEGRADATION,,318,"***           Relationship between parent and daughter compounds.
***             ZERO       2F1       3F1       4F1       5F1       6F1       7F1
***             ZERO      ZERO       3F2       4F2       5F2       6F2       7F2
***             ZERO      ZERO      ZERO       4F3       5F3       6F3       7F3
***             ZERO      ZERO      ZERO      ZERO       5F4       6F4       7F4
***             ZERO      ZERO      ZERO      ZERO      ZERO       6F5       7F5
    RCHRES***   ZERO      ZERO      ZERO      ZERO      ZERO      ZERO       7F6
*** x -  x      ZERO      ZERO      ZERO      ZERO      ZERO      ZERO      ZER0","*** This table-type specifies the relationship between parent and daughter
*** compounds.  The table must be repeated in sequence for each decay
*** process that produces ""daughter"" quals from decay of ""parent"" quals.
*** The proper sequence is : 1-hydrolysis, 2-oxidation by free radical
*** oxygen, 3-photolysis, 4-volatilization, 5-biodegradation, 6-general
*** first order decay. If some processes are not active, then dummy tables
*** are used to preserve this order.  In this table data has to be
*** specified using one row per qual.  Extra rows will be ignored.
*** Missing rows will be filled in with zeroes."
RCHRES,GQ-DAUGHTER,GQ-DAUGHTER_first_order,/RCHRES/GQUAL/CF/FIRST_ORDER,,318,"***           Relationship between parent and daughter compounds.
***             ZERO       2F1       3F1       4F1       5F1       6F1       7F1
***             ZERO      ZERO       3F2       4F2       5F2       6F2       7F2
***             ZERO      ZERO      ZERO       4F3       5F3       6F3       7F3
***             ZERO      ZERO      ZERO      ZERO       5F4       6F4       7F4
***             ZERO      ZERO      ZERO      ZERO      ZERO       6F5       7F5
    RCHRES***   ZERO      ZERO      ZERO      ZERO      ZERO      ZERO       7F6
*** x -  x      ZERO      ZERO      ZERO      ZERO      ZERO      ZERO      ZER0","*** This table-type specifies the relationship between parent and daughter
*** compounds.  The table must be repeated in sequence for each decay
*** process that produces ""daughter"" quals from decay of ""parent"" quals.
*** The proper sequence is : 1-hydrolysis, 2-oxidation by free radical
*** oxygen, 3-photolysis, 4-volatilization, 5-biodegradation, 6-general
*** first order decay. If some processes are not active, then dummy tables
*** are used to preserve this order.  In this table data has to be
*** specified using one row per qual.  Extra rows will be ignored.
*** Missing rows will be filled in with zeroes."
RCHRES,GQ-DAUGHTER,GQ-DAUGHTER_hydrolysis,/RCHRES/GQUAL/CF/HYDROLYSIS,,318,"***           Relationship between parent and daughter compounds.
***             ZERO       2F1       3F1       4F1       5F1       6F1       7F1
***             ZERO      ZERO       3F2       4F2       5F2       6F2       7F2
***             ZERO      ZERO      ZERO       4F3       5F3       6F3       7F3
***             ZERO      ZERO      ZERO      ZERO       5F4       6F4       7F4
***             ZERO      ZERO      ZERO      ZERO      ZERO       6F5       7F5
    RCHRES***   ZERO      ZERO      ZERO      ZERO      ZERO      ZERO       7F6
*** x -  x      ZERO      ZERO      ZERO      ZERO      ZERO      ZERO      ZER0","*** This table-type specifies the relationship between parent and daughter
*** compounds.  The table must be repeated in sequence for each decay
*** process that produces ""daughter"" quals from decay of ""parent"" quals.
*** The proper sequence is : 1-hydrolysis, 2-oxidation by free radical
*** oxygen, 3-photolysis, 4-volatilization, 5-biodegradation, 6-general
*** first order decay. If some processes are not active, then dummy tables
*** are used to preserve this order.  In this table data has to be
*** specified using one row per qual.  Extra rows will be ignored.
*** Missing rows will be filled in with zeroes."
RCHRES,GQ-DAUGHTER,GQ-DAUGHTER_oxidation,/RCHRES/GQUAL/CF/OXIDATION,,318,"***           Relationship between parent and daughter compounds.
***             ZERO       2F1       3F1       4F1       5F1       6F1       7F1
***             ZERO      ZERO       3F2       4F2       5F2       6F2       7F2
***             ZERO      ZERO      ZERO       4F3       5F3       6F3       7F3
***             ZERO      ZERO      ZERO      ZERO       5F4       6F4       7F4
***             ZERO      ZERO      ZERO      ZERO      ZERO       6F5       7F5
    RCHRES***   ZERO      ZERO      ZERO      ZERO      ZERO      ZERO       7F6
*** x -  x      ZERO      ZERO      ZERO      ZERO      ZERO      ZERO      ZER0","*** This table-type specifies the relationship between parent and daughter
*** compounds.  The table must be repeated in sequence for each decay
*** process that produces ""daughter"" quals from decay of ""parent"" quals.
*** The proper sequence is : 1-hydrolysis, 2-oxidation by free radical
*** oxygen, 3-photolysis, 4-volatilization, 5-biodegradation, 6-general
*** first order decay. If some processes are not active, then dummy tables
*** are used to preserve this order.  In this table data has to be
*** specified using one row per qual.  Extra rows will be ignored.
*** Missing rows will be filled in with zeroes."
RCHRES,GQ-DAUGHTER,GQ-DAUGHTER_photolysis,/RCHRES/GQUAL/CF/PHOTOLYSIS,,318,"***           Relationship between parent and daughter compounds.
***             ZERO       2F1       3F1       4F1       5F1       6F1       7F1
***             ZERO      ZERO       3F2       4F2       5F2       6F2       7F2
***             ZERO      ZERO      ZERO       4F3       5F3       6F3       7F3
***             ZERO      ZERO      ZERO      ZERO       5F4       6F4       7F4
***             ZERO      ZERO      ZERO      ZERO      ZERO       6F5       7F5
    RCHRES***   ZERO      ZERO      ZERO      ZERO      ZERO      ZERO       7F6
*** x -  x      ZERO      ZERO      ZERO      ZERO      ZERO      ZERO      ZER0","*** This table-type specifies the relationship between parent and daughter
*** compounds.  The table must be repeated in sequence for each decay
*** process that produces ""daughter"" quals from decay of ""parent"" quals.
*** The proper sequence is : 1-hydrolysis, 2-oxidation by free radical
*** oxygen, 3-photolysis, 4-volatilization, 5-biodegradation, 6-general
*** first order decay. If some processes are not active, then dummy tables
*** are used to preserve this order.  In this table data has to be
*** specified using one row per qual.  Extra rows will be ignored.
*** Missing rows will be filled in with zeroes."
RCHRES,GQ-DAUGHTER,GQ-DAUGHTER_reserved,/RCHRES/GQUAL/CF/RESERVED,,318,"***           Relationship between parent and daughter compounds.
***             ZERO       2F1       3F1       4F1       5F1       6F1       7F1
***             ZERO      ZERO       3F2       4F2       5F2       6F2       7F2
***             ZERO      ZERO      ZERO       4F3       5F3       6F3       7F3
***             ZERO      ZERO      ZERO      ZERO       5F4       6F4       7F4
***             ZERO      ZERO      ZERO      ZERO      ZERO       6F5       7F5
    RCHRES***   ZERO      ZERO      ZERO      ZERO      ZERO      ZERO       7F6
*** x -  x      ZERO      ZERO      ZERO      ZERO      ZERO      ZERO      ZER0","*** This table-type specifies the relationship between parent and daughter
*** compounds.  The table must be repeated in sequence for each decay
*** process that produces ""daughter"" quals from decay of ""parent"" quals.
*** The proper sequence is : 1-hydrolysis, 2-oxidation by free radical
*** oxygen, 3-photolysis, 4-volatilization, 5-biodegradation, 6-general
*** first order decay. If some processes are not active, then dummy tables
*** are used to preserve this order.  In this table data has to be
*** specified using one row per qual.  Extra rows will be ignored.
*** Missing rows will be filled in with zeroes."
RCHRES,GQ-DELTA,GQ-DELTA,/RCHRES/GQUAL/EXTENDEDS/DEL,,305,"***          Values of phytoplankton absorbance coefficient (l/mg.cm)
***               K1        K2        K3        K4        K5        K6        K7
    RCHRES***     K8        K9       K10       K11       K12       K13       K14
*** x -  x       K15       K16       K17       K18","*** Values of phytoplankton absorbance coefficient (l/mg.cm). When an
*** entry has to be continued onto more than 1 line: 1) no blank or
*** ""comment"" lines may be put between any of the lines for a continued
*** entry.  Put all comments ahead of the entry, 2) The <range>
*** specfication must be repeated for each line onto which the entry is
*** continued."
RCHRES,GQ-FLG2,GQ-FLG21,/RCHRES/GQUAL/GQUAL1,,286,"*** RCHRES HDRL OXID PHOT VOLT BIOD  GEN SBMS
*** x -  x",*** Second set of flags for a qual.
RCHRES,GQ-FLG2,GQ-FLG22,/RCHRES/GQUAL/GQUAL2,,286,"*** RCHRES HDRL OXID PHOT VOLT BIOD  GEN SBMS
*** x -  x",*** Second set of flags for a qual.
RCHRES,GQ-FLG2,GQ-FLG23,/RCHRES/GQUAL/GQUAL3,,286,"*** RCHRES HDRL OXID PHOT VOLT BIOD  GEN SBMS
*** x -  x",*** Second set of flags for a qual.
RCHRES,GQ-GAMMA,GQ-GAMMA,/RCHRES/GQUAL/EXTENDEDS/GAMM,,304,"***          Values sediment absorbance coefficient (l/mg.cm)
***               K1        K2        K3        K4        K5        K6        K7
    RCHRES***     K8        K9       K10       K11       K12       K13       K14
*** x -  x       K15       K16       K17       K18","*** Values of sediment absorbance coeff (l/mg.cm). When an entry has to be
*** continued onto more than 1 line: 1) no blank or ""comment"" lines may be
*** put between any of the lines for a continued entry.  Put all comments
*** ahead of the entry, 2) The <range> specfication must be repeated for
*** each line onto which the entry is continued."
RCHRES,GQ-GENDATA,GQ-GENDATA,/RCHRES/GQUAL/PARAMETERS,,283,"*** RCHRES NGQL TPFG PHFG ROFG CDFG SDFG PYFG  LAT
*** x -  x                                     deg",*** General input for Section GQUAL.
RCHRES,GQ-GENDECAY,GQ-GENDECAY1,/RCHRES/GQUAL/GQUAL1,,293,"*** RCHRES    FSTDEC     THFST
*** x -  x    (/day)","*** Parameters for ""general"" decay."
RCHRES,GQ-GENDECAY,GQ-GENDECAY2,/RCHRES/GQUAL/GQUAL2,,293,"*** RCHRES    FSTDEC     THFST
*** x -  x    (/day)","*** Parameters for ""general"" decay."
RCHRES,GQ-GENDECAY,GQ-GENDECAY3,/RCHRES/GQUAL/GQUAL3,,293,"*** RCHRES    FSTDEC     THFST
*** x -  x    (/day)","*** Parameters for ""general"" decay."
RCHRES,GQ-HYDPM,GQ-HYDPM1,/RCHRES/GQUAL/GQUAL1,,287,"*** RCHRES        KA        KB        KN     THHYD
*** x -  x    /M-sec    /M-sec      /sec",*** Hydrolysis parameters.
RCHRES,GQ-HYDPM,GQ-HYDPM2,/RCHRES/GQUAL/GQUAL2,,287,"*** RCHRES        KA        KB        KN     THHYD
*** x -  x    /M-sec    /M-sec      /sec",*** Hydrolysis parameters.
RCHRES,GQ-HYDPM,GQ-HYDPM3,/RCHRES/GQUAL/GQUAL3,,287,"*** RCHRES        KA        KB        KN     THHYD
*** x -  x    /M-sec    /M-sec      /sec",*** Hydrolysis parameters.
RCHRES,GQ-KD,GQ-KD1,/RCHRES/GQUAL/GQUAL1,,295,"*** RCHRES                  Partition coefficients (l/mg)
*** x -  x ADPM(1,1) ADPM(2,1) ADPM(3,1) ADPM(4,1) ADPM(5,1) ADPM(6,1)",*** Partition coefficients.
RCHRES,GQ-KD,GQ-KD2,/RCHRES/GQUAL/GQUAL2,,295,"*** RCHRES                  Partition coefficients (l/mg)
*** x -  x ADPM(1,1) ADPM(2,1) ADPM(3,1) ADPM(4,1) ADPM(5,1) ADPM(6,1)",*** Partition coefficients.
RCHRES,GQ-KD,GQ-KD3,/RCHRES/GQUAL/GQUAL3,,295,"*** RCHRES                  Partition coefficients (l/mg)
*** x -  x ADPM(1,1) ADPM(2,1) ADPM(3,1) ADPM(4,1) ADPM(5,1) ADPM(6,1)",*** Partition coefficients.
RCHRES,GQ-PHOTPM,GQ-PHOTPM,/RCHRES/GQUAL/EXTENDEDS/PHOTPM,,289,"***               K1        K2        K3        K4        K5        K6        K7
    RCHRES***     K8        K9       K10       K11       K12       K13       K14
*** x -  x       K15       K16       K17       K18       PHI     THETA","*** Parameters for photolysis. **NOTE** 1. No blank or ""comment"" lines may
*** be put between any of the lines for a continued entry.  Put all
*** comments ahead of the entry.  2. The <range> specification must be
*** repeated for each line onto which the entry is continued."
RCHRES,GQ-QALDATA,GQ-QALDATA1,/RCHRES/GQUAL/GQUAL1,,363,"*** RCHRES                GQID      DQAL    CONCID      CONV     QTYID
*** x -  x                        concid",*** Data for a generalized quality constituent (qual).
RCHRES,GQ-QALDATA,GQ-QALDATA2,/RCHRES/GQUAL/GQUAL2,,363,"*** RCHRES                GQID      DQAL    CONCID      CONV     QTYID
*** x -  x                        concid",*** Data for a generalized quality constituent (qual).
RCHRES,GQ-QALDATA,GQ-QALDATA3,/RCHRES/GQUAL/GQUAL3,,363,"*** RCHRES                GQID      DQAL    CONCID      CONV     QTYID
*** x -  x                        concid",*** Data for a generalized quality constituent (qual).
RCHRES,GQ-QALFG,GQ-QALFG1,/RCHRES/GQUAL/GQUAL1,,285,"*** RCHRES HDRL OXID PHOT VOLT BIOD  GEN SDAS
*** x -  x",*** First set of flags for a qual.
RCHRES,GQ-QALFG,GQ-QALFG2,/RCHRES/GQUAL/GQUAL2,,285,"*** RCHRES HDRL OXID PHOT VOLT BIOD  GEN SDAS
*** x -  x",*** First set of flags for a qual.
RCHRES,GQ-QALFG,GQ-QALFG3,/RCHRES/GQUAL/GQUAL3,,285,"*** RCHRES HDRL OXID PHOT VOLT BIOD  GEN SDAS
*** x -  x",*** First set of flags for a qual.
RCHRES,GQ-ROXPM,GQ-ROXPM1,/RCHRES/GQUAL/GQUAL1,,288,"*** RCHRES       KOX      THOX
*** x -  x    /M.sec",*** Parameters for free radical oxidation.
RCHRES,GQ-ROXPM,GQ-ROXPM2,/RCHRES/GQUAL/GQUAL2,,288,"*** RCHRES       KOX      THOX
*** x -  x    /M.sec",*** Parameters for free radical oxidation.
RCHRES,GQ-ROXPM,GQ-ROXPM3,/RCHRES/GQUAL/GQUAL3,,288,"*** RCHRES       KOX      THOX
*** x -  x    /M.sec",*** Parameters for free radical oxidation.
RCHRES,GQ-SEDCONC,GQ-SEDCONC1,/RCHRES/GQUAL/GQUAL1,,298,"*** RCHRES  Initial concentrations on sediment (concu/mg)
*** x -  x     SQAL1     SQAL2     SQAL3     SQAL4     SQAL5     SQAL6",*** Initial concentrations on sediment.
RCHRES,GQ-SEDCONC,GQ-SEDCONC2,/RCHRES/GQUAL/GQUAL2,,298,"*** RCHRES  Initial concentrations on sediment (concu/mg)
*** x -  x     SQAL1     SQAL2     SQAL3     SQAL4     SQAL5     SQAL6",*** Initial concentrations on sediment.
RCHRES,GQ-SEDCONC,GQ-SEDCONC3,/RCHRES/GQUAL/GQUAL3,,298,"*** RCHRES  Initial concentrations on sediment (concu/mg)
*** x -  x     SQAL1     SQAL2     SQAL3     SQAL4     SQAL5     SQAL6",*** Initial concentrations on sediment.
RCHRES,GQ-SEDDECAY,GQ-SEDDECAY1,/RCHRES/GQUAL/GQUAL1,,294,"*** RCHRES     KSUSP    THSUSP      KBED     THBED
*** x -  x      /day                /day",*** Parameters for decay of contaminant adsorbed to sediment.
RCHRES,GQ-SEDDECAY,GQ-SEDDECAY2,/RCHRES/GQUAL/GQUAL2,,294,"*** RCHRES     KSUSP    THSUSP      KBED     THBED
*** x -  x      /day                /day",*** Parameters for decay of contaminant adsorbed to sediment.
RCHRES,GQ-SEDDECAY,GQ-SEDDECAY3,/RCHRES/GQUAL/GQUAL3,,294,"*** RCHRES     KSUSP    THSUSP      KBED     THBED
*** x -  x      /day                /day",*** Parameters for decay of contaminant adsorbed to sediment.
RCHRES,GQ-VALUES,GQ-VALUES1,/RCHRES/GQUAL/GQUAL1,,299,"*** RCHRES      TWAT     PHVAL       ROC       CLD     SDCNC       PHY
*** x -  x     deg C              mole/l    tenths      mg/l      mg/l",*** Initial values for inputs which are constant (GQUAL).
RCHRES,GQ-VALUES,GQ-VALUES2,/RCHRES/GQUAL/GQUAL2,,299,"*** RCHRES      TWAT     PHVAL       ROC       CLD     SDCNC       PHY
*** x -  x     deg C              mole/l    tenths      mg/l      mg/l",*** Initial values for inputs which are constant (GQUAL).
RCHRES,GQ-VALUES,GQ-VALUES3,/RCHRES/GQUAL/GQUAL3,,299,"*** RCHRES      TWAT     PHVAL       ROC       CLD     SDCNC       PHY
*** x -  x     deg C              mole/l    tenths      mg/l      mg/l",*** Initial values for inputs which are constant (GQUAL).
RCHRES,HEAT-INIT,HEAT-INIT,/RCHRES/HTRCH/STATES,,274,"*** RCHRES        TW    AIRTMP
*** x -  x   (deg C)   (deg C)",*** Initial conditions for section HTRCH.
RCHRES,HEAT-PARM,HEAT-PARM,/RCHRES/HTRCH/PARAMETERS,,269,"*** RCHRES      ELEV     ELDAT    CFSAEX    KATRAD     KCOND     KEVAP
*** x -  x       (m)       (m)",*** Parameters for section HTRCH.
RCHRES,HT-BED-DELH,HT-BED-DELH,/RCHRES/HTRCH/DELH,,272,"***          Heat fluxes for Jobson bed conductance method (kcal/m2.C.ivl)
***             DELH      DELH      DELH      DELH      DELH      DELH      DELH
    RCHRES***      1         2         3         4         5         6         7
*** x -  x         8         9        10        11        12        13      etc.",
RCHRES,HT-BED-DELTT,HT-BED-DELTT,/RCHRES/HTRCH/DELTT,,273,"***        Initial temp differences for Jobson bed conductance method (deg C)
***            DELTT     DELTT     DELTT     DELTT     DELTT     DELTT     DELTT
    RCHRES***      1         2         3         4         5         6         7
*** x -  x         8         9        10        11        12        13      etc.",
RCHRES,HT-BED-FLAGS,HT-BED-FLAGS,/RCHRES/HTRCH/FLAGS,,268,"*** RCHRES Bed Heat Conductance Flags
*** x -  x BDFG TGFG TSTP",
RCHRES,HT-BED-PARM,HT-BED-PARM,/RCHRES/HTRCH/PARAMETERS,,270,"***        Bed Heat Conduction Parameters for Single and Two-layer Methods
*** RCHRES    MUDDEP     TGRND      KMUD     KGRND
*** x -  x       (m)   (deg C)      (kcal/m2/C/hr)",
RCHRES,HYDR-CATEGORY,HYDR-CATEGORY,/RCHRES/HYDR/PARAMETERS,HYDR-PARM2,258,"***          Categories specified for Outflows, Precipitation and Evaporation
*** RCHRES Categories associated with:
*** x -  x prec evap  fv1  fv2  fv3  fv4  fv5   gt",
RCHRES,HYDR-CDEMAND,HYDR-CDEMAND,/RCHRES/HYDR/PARAMETERS,HYDR-PARM2,263,"***        Category Priorities and Initial Values for G(T) Demands
*** RCHRES   c x  Priority  COTDGT   c x  Priority  COTDGT
*** x -  x      (yyyy/mm/dd)(m3/s)      (yyyy/mm/dd)(m3/s)",
RCHRES,HYDR-CEVAP,HYDR-CEVAP,/RCHRES/HYDR/PARAMETERS,HYDR-PARM2,261,"*** RCHRES  Category Fractions and Priorities for Evaporation
*** x -  x   c pr  frac   c pr  frac   c pr  frac   c pr  frac   c pr  frac",
RCHRES,HYDR-CFVOL,HYDR-CFVOL,/RCHRES/HYDR/PARAMETERS,HYDR-PARM2,262,"*** RCHRES  Category Fractions and Priorities for F(VOL) Outflow
*** x -  x   c x pr  frac   c x pr  frac   c x pr  frac   c x pr  frac",
RCHRES,HYDR-CINIT,HYDR-CINIT,/RCHRES/HYDR/STATES,HYDR-PARM2,259,"    RCHRES  Initial Category Storage Fractions ***
*** x -  x   c cfrac   c cfrac   c cfrac   c cfrac   c cfrac   c cfrac   c cfrac",
RCHRES,HYDR-CPREC,HYDR-CPREC,/RCHRES/HYDR/PARAMETERS,HYDR-PARM2,260,"    RCHRES  Category Fractions for Precipitation ***
*** x -  x   c  frac   c  frac   c  frac   c  frac   c  frac   c  frac   c  frac",
RCHRES,HYDR-INIT,HYDR-INIT,/RCHRES/HYDR/STATES,HYDR-PARM2,257,"***       Initial conditions for HYDR section
    RCHRES***    VOL  CAT Initial value  of COLIND     initial  value  of OUTDGT
*** x -  x     Mm3      for each possible   exit  for each possible exit,m3",*** Initial conditions for HYDR section (RCHRES).
RCHRES,HYDR-IRRIG,HYDR-IRRIG,/RCHRES/HYDR/PARAMETERS,HYDR-PARM2,256,"***       Irrigation withdrawal parameters
*** RCHRES    IREXIT    IRMINV
*** x -  x               (Mm3)","*** These parameters are used when irrigation withdrawals for a PERLND are
*** to be made from this RCHRES."
RCHRES,HYDR-PARM1,HYDR-PARM1,/RCHRES/HYDR/PARAMETERS,HYDR-PARM2,253,"***       Flags for HYDR section
    RCHRES  VC A1 A2 A3  ODFVFG for each *** ODGTFG for each***  FUNCT  for each
*** x -  x  FG FG FG FG  possible   exit *** possible   exit     possible   exit",*** Flags for HYDR section (RCHRES).
RCHRES,HYDR-PARM2,HYDR-PARM2,/RCHRES/HYDR/PARAMETERS,,254,"*** RCHRES FTBW FTBU       LEN     DELTH     STCOR        KS      DB50
*** x -  x                (km)       (m)       (m)                (mm)",*** Parameters for HYDR section (RCHRES).
RCHRES,MON-BINV,MON-BINV,/RCHRES/PLANK/MONTHLY/BINV,,364,"*** RCHRES   Values of benthic invertebrate density (mg/m2)
*** x -  x   B1   B2   B3   B4   B5   B6   B7   B8   B9  B10  B11  B12","*** Monthly values of benthic invertebrate density; input only if
*** BINVFG=3 in Table-type BENAL-FLAGS"
RCHRES,MON-BIO,MON-BIO1,/RCHRES/GQUAL/BIOM1,,292,"*** RCHRES  Monthly values of biomas (mg/l)
*** x -  x  BM1  BM2  BM3  BM4  BM5  BM6  BM7  BM8  BM9 BM10 BM11 BM12","*** Monthly values of biomass.  This table must be included in the UCI
*** only if GQPM2(7) is assigned a value of 3 in Table- type GQ-FLG2."
RCHRES,MON-BIO,MON-BIO2,/RCHRES/GQUAL/BIOM2,,292,"*** RCHRES  Monthly values of biomas (mg/l)
*** x -  x  BM1  BM2  BM3  BM4  BM5  BM6  BM7  BM8  BM9 BM10 BM11 BM12","*** Monthly values of biomass.  This table must be included in the UCI
*** only if GQPM2(7) is assigned a value of 3 in Table- type GQ-FLG2."
RCHRES,MON-BIO,MON-BIO3,/RCHRES/GQUAL/BIOM3,,292,"*** RCHRES  Monthly values of biomas (mg/l)
*** x -  x  BM1  BM2  BM3  BM4  BM5  BM6  BM7  BM8  BM9 BM10 BM11 BM12","*** Monthly values of biomass.  This table must be included in the UCI
*** only if GQPM2(7) is assigned a value of 3 in Table- type GQ-FLG2."
RCHRES,MON-CLOUD,MON-CLOUD,/RCHRES/GQUAL/MONTHLY/CLDM,,307,"*** RCHRES   Values of cloud cover (tenths)
*** x -  x   C1   C2   C3   C4   C5   C6   C7   C8   C9  C10  C11  C12","*** Monthly values of average cloud cover; input only if CLDFG=3
*** in Table-type GQ-GENDATA."
RCHRES,MON-CONVF,MON-CONVF,/RCHRES/HYDR/MONTHLY/CONVF,HYDR-PARM2,255,"*** RCHRES  Monthly f(VOL) adjustment factors
*** x -  x  JAN  FEB  MAR  APR  MAY  JUN  JUL  AUG  SEP  OCT  NOV  DEC",*** Monthly values of F(VOL) adjustment factors at start of each mon
RCHRES,MON-HT-TGRND,MON-HT-TGRND,/RCHRES/HTRCH/MONTHLY/TGRND,,271,"*** RCHRES  Monthly values of ground temperatures (deg C)
*** x -  x  TG1  TG2  TG3  TG4  TG5  TG6  TG7  TG8  TG9 TG10 TG11 TG12","*** Monthly ground temperatures; input only if BEDFLG = 1 or 2, and
*** TGFLG = 3 in Table-type HT-BED-FLAGS."
RCHRES,MON-PHVAL,MON-PHVAL,/RCHRES/NUTRX/MONTHLY/PHVA,,301,"*** RCHRES  Monthly values of pH
*** x -  x  PH1  PH2  PH3  PH4  PH5  PH6  PH7  PH8  PH9 PH10 PH11 PH12","*** Monthly values of pH; input only if PHFLAG=3 in Table-type GQ-
*** GENDATA."
RCHRES,MON-PHYTO,MON-PHYTO,/RCHRES/GQUAL/MONTHLY/PHYM,,309,"*** RCHRES   Values of phytoplankton concentration (mg/l)
*** x -  x   P1   P2   P3   P4   P5   P6   P7   P8   P9  P10  P11  P12","*** Monthly values of phytoplankton concentration; input only if
*** PHYTFG=3 in Table-type GQ-GENDATA."
RCHRES,MON-ROXYGEN,MON-ROXYGEN,/RCHRES/GQUAL/MONTHLY/ROCM,,302,"*** RCHRES  Monthly values of free radical oxygen (mole/l)
*** x -  x  OX1  OX2  OX3  OX4  OX5  OX6  OX7  OX8  OX9 OX10 OX11 OX12","*** Monthly values of free radical oxygen concentration; input only if
*** ROXFG=3 in Table-type GQ-GENDATA."
RCHRES,MON-SEDCONC,MON-SEDCONC,/RCHRES/GQUAL/MONTHLY/SDCN,,308,"*** RCHRES  Values of sediment concentrations (mg/l)
*** x -  x  SC1  SC2  SC3  SC4  SC5  SC6  SC7  SC8  SC9 SC10 SC11 SC12","*** Monthly average suspended sediment concentration values; input
*** only if SDFG=3 in Table-type GQ-GENDATA."
RCHRES,MON-WATEMP,MON-WATEMP,/RCHRES/GQUAL/MONTHLY/TEMP,,300,"*** RCHRES  Monthly values of water temperature (deg C)
*** x -  x   T1   T2   T3   T4   T5   T6   T7   T8   T9  T10  T11  T12","*** Monthly values of water temperature; input only if TEMPFG=3 in Table-
*** type GQ-GENDATA."
RCHRES,NCONS,NCONS,/RCHRES/CONS/PARAMETERS,,265,"*** RCHRES
*** x -  xNCONS",*** Number of conservative constituents simulated in RCHRES.
RCHRES,NODE-PARM,NODE-PARM,/RCHRES/DYNAMIC/PARAMETERS,,365,"*** RCHRES              INVERT       MAX      INIT    PONDED    INFLOW
*** x -  x      NODE      ELEV     DEPTH     DEPTH      AREA    TIMSER
***                        (m)       (m)       (m)      (m2)   WQ  VOL",
RCHRES,NUT-AD-FLAGS,NUT-AD-FLAGS,/RCHRES/NUTRX/FLAGS,,325,"***        Atmospheric Deposition Flags
*** RCHRES  NO3    NH3    PO4
*** x -  x <F><C> <F><C> <F><C>",
RCHRES,NUT-ADSINIT,NUT-ADSINIT,/RCHRES/NUTRX/STATES,,332,"*** RCHRES        Initial suspended NH4 and PO4 concentrations (mg/kg)
*** x -  x  NH4-sand  NH4-silt  NH4-clay  PO4-sand  PO4-silt  PO4-clay",*** Initial Adsorbed concs.
RCHRES,NUT-ADSPARM,NUT-ADSPARM,/RCHRES/NUTRX/PARAMETERS,,331,"*** RCHRES       Partition coefficients for NH4 AND PO4  (ml/g)
*** x -  x  NH4-sand  NH4-silt  NH4-clay  PO4-sand  PO4-silt  PO4-clay",*** Partition coefficients for NH4 AND PO4 (ml/g)
RCHRES,NUT-BEDCONC,NUT-BEDCONC,/RCHRES/NUTRX/PARAMETERS,,330,"*** RCHRES       Bed concentrations of NH4 & PO4 (mg/kg)
*** x -  x  NH4-sand  NH4-silt  NH4-clay  PO4-sand  PO4-silt  PO4-clay",*** Bed concentrations of NH4 & PO4 (mg/kg)
RCHRES,NUT-BENPARM,NUT-BENPARM,/RCHRES/NUTRX/PARAMETERS,,327,"*** RCHRES  BRNIT(1)  BRNIT(2)  BRPO4(1)  BRPO4(2)     ANAER
*** x -  x  mg/m2.hr  mg/m2.hr  mg/m2.hr  mg/m2.hr      mg/l",*** Nutrient benthic parameters (NUTRX section).
RCHRES,NUT-DINIT,NUT-DINIT,/RCHRES/NUTRX/STATES,,333,"*** RCHRES       NO3       TAM       NO2       PO4
*** x -  x      mg/l      mg/l      mg/l      mg/l",*** Initial dissolved concs.
RCHRES,NUT-FLAGS,NUT-FLAGS,/RCHRES/NUTRX/FLAGS,,324,"*** RCHRES  Nutrient flags
*** x -  x  NH3  NO2  PO4  AMV  DEN ADNH ADPO PHFL",*** Nutrient flags (RCHRES).
RCHRES,NUT-NH3VOLAT,NUT-NH3VOLAT,/RCHRES/NUTRX/PARAMETERS,,329,"*** RCHRES    EXPNVG    EXPNVL
*** x -  x",*** NH3 volatilization parms.
RCHRES,NUT-NITDENIT,NUT-NITDENIT,/RCHRES/NUTRX/PARAMETERS,,328,"*** RCHRES    KTAM20    KNO220     TCNIT    KNO320     TCDEN    DENOXT
*** x -  x       /hr       /hr                 /hr                mg/l",*** Nitrif/denitrif parms.
RCHRES,ORIFICE-PARM,ORIFICE-PARM,/RCHRES/DYNAMIC/PARAMETERS,,366,"*** RCHRES FROM   TO      TYPE    OFFSET        CD      FLAP      ORAT
*** x -  x NODE NODE                 (m)                          (hr) ",
RCHRES,ORIFICE-XS,ORIFICE-XS,/RCHRES/DYNAMIC/PARAMETERS,,367,"*** RCHRES
*** x -  x                TYPE     GEOM1     GEOM2     GEOM3     GEOM4      ",*** Cross-section data for an orifice.
RCHRES,OX-BENPARM,OX-BENPARM,/RCHRES/OXRX/PARAMETERS,,322,"*** RCHRES     BENOD     TCBEN     EXPOD  BRBOD(1)  BRBOD(2)   EXPREL
*** x -  x  mg/m2.hr                      mg/m2.hr  mg/m2.hr",*** Oxygen benthic parameters.
RCHRES,OX-CFOREA,OX-CFOREA,/RCHRES/OXRX/PARAMETERS,,313,"*** RCHRES  Reaeration correction coefficient
*** x -  x    CFOREA",*** Lake reaeration correction coefficient.
RCHRES,OX-FLAGS,OX-FLAGS,/RCHRES/OXRX/FLAGS,,311,"*** RCHRES Oxygen flags
*** x -  x REAM  DOP",*** Oxygen flags (RCHRES).
RCHRES,OX-GENPARM,OX-GENPARM,/RCHRES/OXRX/PARAMETERS,,321,"*** RCHRES    KBOD20     TCBOD    KODSET    SUPSAT
*** x -  x       /hr               m/hr",*** General oxygen parameters (RCHRES).
RCHRES,OX-INIT,OX-INIT,/RCHRES/OXRX/STATES,,323,"*** RCHRES       DOX       BOD     SATDO
*** x -  x      mg/l      mg/l      mg/l",*** Initial concentrations for section OXRX.
RCHRES,OX-LEN-DELTH,OX-LEN-DELTH,/RCHRES/OXRX/PARAMETERS,,315,"*** RCHRES       LEN     DELTH
*** x -  x        km       (m)",*** Length of reach and fall (RCHRES).
RCHRES,OX-REAPARM,OX-REAPARM,/RCHRES/OXRX/PARAMETERS,,317,"*** RCHRES    TCGINV      REAK    EXPRED    EXPREV
*** x -  x                 /hr",*** Parameters for user-supplied reaeration formula.
RCHRES,OX-TCGINV,OX-TCGINV,/RCHRES/OXRX/PARAMETERS,,316,"*** RCHRES  Temperature correction coef
*** x -  x    TCGINV",*** Owen/Churchill/O'Connor-Dobbins data.
RCHRES,OX-TSIVOGLOU,OX-TSIVOGLOU,/RCHRES/OXRX/PARAMETERS,,314,"*** RCHRES     REAKT    TCGINV
*** x -  x       /ft",*** Parameters for Tsivoglou calculation.
RCHRES,PH-INIT,PH-INIT,/RCHRES/PHCARB/STATES,,347,"*** RCHRES       TIC       CO2        PH
*** x -  x      mg/l      mg/l",*** Initial conditions for pH simulation.
RCHRES,PH-PARM1,PH-PARM1,/RCHRES/PHCARB/PARAMETERS,,345,"*** RCHRES Flags for pH simulation
*** x -  x PHCN ALKC",*** Flags for pH simulation.
RCHRES,PH-PARM2,PH-PARM2,/RCHRES/PHCARB/PARAMETERS,,346,"*** RCHRES    CFCINV  BRCO2(1)  BRCO2(2)
*** x -  x            mg/m2.hr  mg/m2.hr",*** Parameters for pH simulation.
RCHRES,PHYTO-PARM,PHYTO-PARM,/RCHRES/PLANK/PARAMETERS,,340,"*** RCHRES      SEED    MXSTAY      OREF    CLALDH    PHYSET    REFSET
*** x -  x      mg/l      mg/l      m3/s      ug/l      m/hr      m/hr",*** Phytoplankton parameters.
RCHRES,PLK-AD-FLAGS,PLK-AD-FLAGS,/RCHRES/PLANK/FLAGS,,335,"***        Atmospheric Deposition Flags
*** RCHRES   ORN    ORP    ORC
*** x -  x <F><C> <F><C> <F><C>",
RCHRES,PLNK-FLAGS,PLNK-FLAGS,/RCHRES/PLANK/FLAGS,,334,"*** RCHRES Plankton flags
*** x -  x PHYF ZOOF BALF SDLT AMRF DECF NSFG ZFOO  BNP",*** Plankton flags (RCHRES).
RCHRES,PLNK-INIT,PLNK-INIT,/RCHRES/PLANK/STATES,,344,"*** RCHRES     PHYTO       ZOO     BENAL       ORN       ORP       ORC
*** x -  x      mg/l     org/l     mg/m2      mg/l      mg/l      mg/l",*** Initial plankton conditions.
RCHRES,PLNK-PARM1,PLNK-PARM1,/RCHRES/PLANK/PARAMETERS,,336,"    RCHRES*** RATCLP    NONREF    LITSED     ALNPR      EXTB     MALGR    PARADF
*** x -  x                       l/mg.ft                  /m       /hr","*** General plankton parameters, group 1."
RCHRES,PLNK-PARM2,PLNK-PARM2,/RCHRES/PLANK/PARAMETERS,,337,"    RCHRES***  CMMLT      CMMN     CMMNP      CMMP    TALGRH    TALGRL    TALGRM
*** x -  x    ly/min      mg/l      mg/l      mg/l     deg C     deg C     deg C","*** General plankton parameters, group 2."
RCHRES,PLNK-PARM3,PLNK-PARM3,/RCHRES/PLANK/PARAMETERS,,338,"*** RCHRES     ALR20      ALDH      ALDL     OXALD     NALDH     PALDH
*** x -  x       /hr       /hr       /hr       /hr      mg/l      mg/l","*** General plankton parameters, group 3."
RCHRES,PLNK-PARM4,PLNK-PARM4,/RCHRES/PLANK/PARAMETERS,,339,"*** RCHRES    NMINGR    PMINGR    CMINGR    LMINGR     NMINC
*** x -  x      mg/l      mg/l      mg/l    ly/min      mg/l","*** General plankton parameters, group 4."
RCHRES,PRINT-INFO,PRINT-INFO,/RCHRES/GENERAL/PRINT,,250,"*** RCHRES  Printout level flags
*** x -  x HYDR ADCA CONS HEAT  SED  GQL OXRX NUTR PLNK PHCB PIVL  PYR","*** Table of printout level flags for RCHRES. HSPF permits the user to
*** vary the printout level (maximum frequency) for the various active
*** sections of an operation. 2 means every PIVL intervals, 3 means
*** every day, 4 means every month, 5 means every year, 6 means never."
RCHRES,SAND-PM,SAND-PM,/RCHRES/SEDTRN/PARAMETERS,,278,"*** RCHRES         D         W       RHO     KSAND    EXPSND
*** x -  x      (mm)  (mm/sec)  (gm/cm3)",*** Parameters related to sand.
RCHRES,SANDFG,SANDFG,/RCHRES/SEDTRN/FLAGS,,275,"*** RCHRES
*** x -  x SNDFG",*** Sandload method flag (RCHRES).
RCHRES,SCOUR-PARMS,SCOUR-PARMS,/RCHRES/RQUAL/PARAMETERS,,320,"*** RCHRES    SCRVEL    SCRMUL
*** x -  x     m/sec",*** Benthal scour parameters.
RCHRES,SED-GENPARM,SED-GENPARM,/RCHRES/SEDTRN/PARAMETERS,,276,"*** RCHRES    BEDWID    BEDWRN       POR
*** x -  x       (m)       (m)",*** General sediment related parameters.
RCHRES,SED-HYDPARM,SED-HYDPARM,/RCHRES/SEDTRN/PARAMETERS,,277,"*** RCHRES       LEN     DELTH      DB50
*** x -  x      (km)       (m)      (mm)","*** RCHRES geometrical parameters. This table is only required and read if
*** Section HYDR is not active. Nornally these parameters are supplied in
*** Table-type HYDR-PARM2."
RCHRES,SHADE-PARM,SHADE-PARM,/RCHRES/HTRCH/PARAMETERS,,368,"    RCHRES*** SHADFG     TOPFL     VEGFL      NSSP    LATDEG    LONDEG    LONSTD
*** x -  x                                             (deg)     (deg)     (deg)",*** Parameters for SHADE calculations in HTRCH.
RCHRES,SILT-CLAY-PM,SILT-CLAY-PMclay,/RCHRES/SEDTRN/CLAY,,280,"*** RCHRES         D         W       RHO     TAUCD     TAUCS         M
*** x -  x      (mm)  (mm/sec)    gm/cm3     kg/m2     kg/m2  kg/m2.dy",*** Parameters for silt or clay.
RCHRES,SILT-CLAY-PM,SILT-CLAY-PMsilt,/RCHRES/SEDTRN/SILT,,279,"*** RCHRES         D         W       RHO     TAUCD     TAUCS         M
*** x -  x      (mm)  (mm/sec)    gm/cm3     kg/m2     kg/m2  kg/m2.dy",*** Parameters for silt or clay.
RCHRES,SSED-INIT,SSED-INIT,/RCHRES/SEDTRN/STATES,,281,"*** RCHRES     Suspended sed concs (mg/l)
*** x -  x      Sand      Silt      Clay",*** Initial concentrations of suspended sediment.
RCHRES,SURF-EXPOSED,SURF-EXPOSED,/RCHRES/PLANK/PARAMETERS,,310,"*** RCHRES  Correction factor for solar radiation data
*** x -  x    CFSAEX",*** Correction factor for solar radiation data.
RCHRES,WEIR-PARM,WEIR-PARM,/RCHRES/DYNAMIC/PARAMETERS,,369,"*** RCHRES FROM   TO      TYPE    OFFSET        CD FLAP   EC       CD2
*** x -  x NODE NODE                 (m)     (cms)               (cms) ",
RCHRES,WEIR-XS,WEIR-XS,/RCHRES/DYNAMIC/PARAMETERS,,370,"*** RCHRES
*** x -  x                TYPE     GEOM1     GEOM2     GEOM3     GEOM4      ",*** Cross-section data for a weir.
RCHRES,ZOO-PARM1,ZOO-PARM1,/RCHRES/PLANK/PARAMETERS,,341,"*** RCHRES    MZOEAT    ZFIL20    ZRES20        ZD      OXZD
*** x -  x  mg/l.hr l/mgzoo.hr       /hr       /hr       /hr",*** First group of zooplankton parameters.
RCHRES,ZOO-PARM2,ZOO-PARM2,/RCHRES/PLANK/PARAMETERS,,342,"*** RCHRES    TCZFIL    TCZRES    ZEXDEL    ZOMASS
*** x -  x                                  mg/org",*** Second group of zooplankton parameters.
REPORT,REPORT-CON,REPORT-CON,/REPORT/REPORT/PARAMETERS,,415,"  Rept-opn ***
*** x -  x<-----con-name-----> TRAN SIGD DECP",*** Name and parameters for each constituent.  NCON lines are given.
REPORT,REPORT-FLAGS,REPORT-FLAGS,/REPORT/REPORT/FLAGS,,412,"  Rept-opn ***
*** x -  x REPT NCON NSRC FORM CWID PWID PLIN PCOD  PYR",*** Flags for REPORT Operation.
REPORT,REPORT-SRC,REPORT-SRC,/REPORT/REPORT/PARAMETERS,,414,"  Rept-opn ***
*** x -  x<---source-name---->","*** SRCID is an 20-character name for each source.  NSRC lines are input
*** for each operation."
REPORT,REPORT-SUMM,REPORT-SUMM,/REPORT/REPORT/PARAMETERS,,416,"  Rept-opn ***
*** x -  x<--src-sum-header--> STRN <--tim-sum-header--> TTRN STTR","*** These parameters describe how the reported values are summarized when
*** aggregated across time and across sources."
REPORT,REPORT-TITLE,REPORT-TITLE,/REPORT/REPORT/PARAMETERS,,413,"  Rept-opn ***
*** x -  x<--------------------------title--------------------------->","*** TITLE is the title of the report, to appear at the top of each page."
SCHEMATIC,,,/CONTROL/LINKS,,420,"***<-Volume->                  <--Area-->     <-Volume->  <ML#>
Ac <Name>***x                  <-factor->     <Name>   x","*** In the SCHEMATIC block the user specifies the global linkages of land
*** segments with stream reaches and between stream reaches."
SPEC-ACTIONS,ACTION,ACTION,/SPEC_ACTIONS/ACTIONS,,426,,
SPEC-ACTIONS,conditions,conditions,/SPEC_ACTIONS/conditions,,426,,
SPEC-ACTIONS,DISTRB,DISTRB,/SPEC_ACTIONS/DISTRB,,425,,
SPEC-ACTIONS,UVNAME,UVNAME,/SPEC_ACTIONS/UVNAME,,423,"*** User-Defined Target Variable Names
  <****>  <----><-> <----><-><-><-> <---> <-->   <----><-><-><-> <->
***                   addr                         addr
***                 <------>                     <------>
*** kwd   varnam ct  vari  s1 s2 s3  frac oper    vari  s1 s2 s3  frac oper",
SPEC-ACTIONS,UVQUAN,UVQUAN,/SPEC_ACTIONS/UVQUAN,,424,"*User-Defined/Multiple Variable Lines* ***
***               <addrss>              act
Action***         <vari><1><2><3> <frc> <  >","*** Special actions block.  Note that the value must be given in the units
*** used internally for the quantity concerned, because no conversion is
*** performed when it is read in."
